{"type":"FeatureCollection","features":[{"type":"Feature","properties":{"iso":"UA-65","name":"Херсонська обл.","excluded":false},"geometry":{"type":"Polygon","coordinates":[[[35.233,45.792],[34.975,45.762],[34.96,45.757],[34.941,45.766],[34.876,45.79],[34.799,45.81],[34.802,45.901],[34.754,45.909],[34.67,45.968],[34.655,45.975],[34.629,45.986],[34.601,45.994],[34.582,45.996],[34.561,45.994],[34.554,45.99],[34.545,45.979],[34.544,45.976],[34.527,45.959],[34.511,45.948],[34.498,45.943],[34.487,45.942],[34.476,45.944],[34.457,45.952],[34.437,45.967],[34.413,45.99],[34.411,45.999],[34.405,46.009],[34.347,46.055],[34.34,46.058],[34.33,46.061],[34.248,46.053],[34.184,46.067],[34.145,46.087],[34.131,46.1],[34.117,46.107],[34.081,46.118],[34.07,46.117],[34.053,46.109],[33.998,46.126],[33.985,46.135],[33.919,46.158],[33.905,46.165],[33.861,46.195],[33.849,46.2],[33.811,46.204],[33.797,46.203],[33.773,46.198],[33.75,46.188],[33.74,46.185],[33.7,46.203],[33.686,46.206],[33.665,46.221],[33.646,46.23],[33.615,46.226],[33.636,46.146],[33.641,46.142],[33.615,46.135],[33.572,46.103],[33.591,46.061],[33.541,46.012],[33.187,45.927],[32.773,45.827],[32.734,45.83],[32.714,45.833],[32.663,45.846],[32.618,45.847],[32.579,45.852],[32.528,45.865],[32.486,45.866],[32.447,45.871],[32.409,45.879],[32.377,45.89],[32.35,45.892],[32.312,45.899],[32.275,45.91],[32.248,45.92],[32.203,45.926],[32.165,45.934],[32.143,45.941],[32.099,45.945],[32.061,45.951],[32.024,45.962],[31.999,45.972],[31.948,45.98],[31.911,45.99],[31.892,45.997],[31.845,46.003],[31.804,46.012],[31.764,46.014],[31.745,46.016],[31.706,46.023],[31.68,46.03],[31.655,46.031],[31.616,46.036],[31.578,46.044],[31.537,46.059],[31.496,46.066],[31.459,46.076],[31.425,46.09],[31.409,46.098],[31.379,46.117],[31.344,46.147],[31.322,46.161],[31.296,46.182],[31.285,46.193],[31.265,46.218],[31.251,46.243],[31.246,46.257],[31.24,46.284],[31.24,46.318],[31.235,46.332],[31.232,46.36],[31.234,46.387],[31.237,46.403],[31.2,46.404],[31.159,46.41],[31.381,46.408],[31.831,46.353],[31.807,46.479],[31.814,46.493],[31.819,46.496],[31.833,46.5],[31.846,46.498],[31.94,46.651],[31.989,46.659],[31.987,46.664],[32.031,46.669],[32.021,46.678],[32.071,46.684],[32.072,46.682],[32.087,46.684],[32.076,46.73],[32.061,46.728],[32.057,46.745],[32.109,46.752],[32.112,46.745],[32.172,46.752],[32.169,46.764],[32.219,46.771],[32.21,46.806],[32.23,46.809],[32.252,46.82],[32.231,46.839],[32.228,46.845],[32.315,46.806],[32.342,46.795],[32.373,46.799],[32.365,46.829],[32.419,46.836],[32.463,46.84],[32.469,46.817],[32.532,46.824],[32.526,46.848],[32.542,46.85],[32.534,46.881],[32.544,46.883],[32.547,46.869],[32.57,46.873],[32.572,46.863],[32.578,46.863],[32.579,46.859],[32.584,46.86],[32.585,46.856],[32.611,46.859],[32.615,46.856],[32.615,46.854],[32.617,46.854],[32.688,46.862],[32.698,46.823],[32.701,46.821],[32.743,46.828],[32.748,46.826],[32.765,46.828],[32.767,46.821],[32.772,46.821],[32.779,46.825],[32.776,46.831],[32.815,46.835],[32.814,46.84],[32.872,46.847],[32.949,46.858],[32.946,46.869],[32.92,46.866],[32.915,46.883],[32.856,46.877],[32.841,46.882],[32.836,46.885],[32.842,46.892],[32.842,46.895],[32.839,46.896],[32.841,46.9],[32.925,46.91],[32.926,46.911],[32.922,46.927],[32.979,46.934],[32.976,46.949],[32.95,46.947],[32.942,46.974],[32.934,46.986],[32.95,47.003],[33.023,46.973],[33.069,47.022],[32.931,47.08],[32.924,47.086],[32.917,47.087],[32.91,47.094],[32.911,47.1],[32.915,47.105],[32.912,47.115],[32.907,47.121],[32.911,47.127],[32.919,47.133],[32.918,47.143],[32.92,47.146],[32.931,47.15],[32.947,47.162],[32.961,47.184],[32.961,47.19],[32.981,47.191],[32.989,47.194],[32.991,47.194],[32.989,47.19],[32.995,47.192],[33.002,47.189],[33.004,47.191],[33.001,47.193],[33,47.196],[33.005,47.196],[33.011,47.191],[33.013,47.188],[33.012,47.184],[33.014,47.18],[33.025,47.177],[33.037,47.178],[33.039,47.178],[33.036,47.182],[33.036,47.188],[33.055,47.192],[33.066,47.201],[33.066,47.219],[33.068,47.22],[33.074,47.218],[33.072,47.223],[33.08,47.22],[33.088,47.223],[33.097,47.224],[33.105,47.217],[33.104,47.213],[33.11,47.207],[33.118,47.204],[33.13,47.203],[33.139,47.206],[33.143,47.21],[33.134,47.213],[33.13,47.218],[33.127,47.224],[33.128,47.231],[33.134,47.233],[33.144,47.23],[33.153,47.235],[33.162,47.237],[33.164,47.235],[33.16,47.233],[33.163,47.232],[33.166,47.234],[33.172,47.234],[33.176,47.238],[33.183,47.239],[33.136,47.268],[33.14,47.272],[33.12,47.278],[33.119,47.282],[33.105,47.28],[33.102,47.291],[33.112,47.294],[33.11,47.297],[33.111,47.301],[33.103,47.322],[33.131,47.329],[33.133,47.332],[33.137,47.334],[33.132,47.346],[33.122,47.39],[33.039,47.38],[33.036,47.391],[33.029,47.423],[33.037,47.426],[33.034,47.442],[33.054,47.444],[33.047,47.468],[33.067,47.475],[33.071,47.475],[33.072,47.412],[33.138,47.42],[33.131,47.458],[33.125,47.476],[33.13,47.483],[33.123,47.508],[33.147,47.515],[33.142,47.543],[33.141,47.545],[33.095,47.528],[33.089,47.552],[33.093,47.579],[33.172,47.567],[33.185,47.573],[33.198,47.57],[33.209,47.57],[33.226,47.574],[33.23,47.578],[33.234,47.577],[33.237,47.572],[33.236,47.563],[33.23,47.555],[33.218,47.548],[33.222,47.545],[33.222,47.54],[33.215,47.534],[33.215,47.533],[33.223,47.531],[33.229,47.531],[33.231,47.529],[33.242,47.53],[33.256,47.536],[33.262,47.541],[33.273,47.546],[33.279,47.546],[33.286,47.544],[33.288,47.542],[33.288,47.532],[33.287,47.525],[33.279,47.52],[33.279,47.517],[33.296,47.504],[33.31,47.502],[33.315,47.491],[33.314,47.489],[33.307,47.486],[33.314,47.483],[33.349,47.494],[33.33,47.51],[33.323,47.524],[33.326,47.523],[33.486,47.544],[33.474,47.587],[33.58,47.6],[33.584,47.588],[33.588,47.589],[33.592,47.574],[33.605,47.575],[33.609,47.561],[33.589,47.558],[33.593,47.544],[33.587,47.541],[33.571,47.524],[33.58,47.532],[33.588,47.502],[33.605,47.504],[33.604,47.51],[33.636,47.514],[33.644,47.485],[33.907,47.512],[33.935,47.516],[33.941,47.515],[33.942,47.508],[33.947,47.501],[33.951,47.462],[33.955,47.458],[33.978,47.459],[33.987,47.458],[33.997,47.459],[34.003,47.457],[34.061,47.469],[34.139,47.477],[34.17,47.469],[34.218,47.453],[34.23,47.446],[34.243,47.434],[34.253,47.409],[34.256,47.394],[34.253,47.391],[34.26,47.361],[34.271,47.362],[34.283,47.326],[34.282,47.324],[34.283,47.318],[34.293,47.274],[34.3,47.272],[34.302,47.273],[34.305,47.269],[34.329,47.291],[34.358,47.293],[34.37,47.284],[34.401,47.287],[34.399,47.298],[34.419,47.301],[34.413,47.323],[34.492,47.332],[34.498,47.335],[34.5,47.339],[34.505,47.34],[34.512,47.339],[34.516,47.336],[34.516,47.333],[34.509,47.328],[34.509,47.325],[34.513,47.324],[34.515,47.323],[34.514,47.318],[34.479,47.315],[34.48,47.308],[34.488,47.28],[34.518,47.284],[34.524,47.267],[34.527,47.267],[34.53,47.251],[34.491,47.247],[34.491,47.241],[34.52,47.105],[34.553,47.106],[34.567,47.024],[34.592,47.027],[34.6,46.992],[34.617,46.993],[34.621,46.988],[34.624,46.973],[34.643,46.974],[34.654,46.977],[34.681,46.979],[34.685,46.956],[34.736,46.961],[34.753,46.88],[34.805,46.883],[34.813,46.834],[34.817,46.829],[34.758,46.823],[34.768,46.781],[34.75,46.781],[34.75,46.758],[34.735,46.757],[34.735,46.747],[34.659,46.74],[34.661,46.727],[34.625,46.724],[34.632,46.688],[34.681,46.692],[34.684,46.677],[34.685,46.677],[34.746,46.683],[34.756,46.627],[34.713,46.62],[34.723,46.581],[34.748,46.584],[34.758,46.549],[34.891,46.563],[34.895,46.538],[34.885,46.537],[34.89,46.507],[34.947,46.512],[34.948,46.503],[34.953,46.504],[35.022,46.479],[35.053,46.482],[35.071,46.38],[35.067,46.376],[35.058,46.376],[35.066,46.336],[35.069,46.33],[35.067,46.329],[35.074,46.3],[35.096,46.302],[35.128,46.302],[35.169,46.294],[35.227,46.281],[35.253,46.271],[35.278,46.265],[35.376,46.194],[35.468,46.146],[35.457,46.122],[35.441,46.101],[35.422,46.081],[35.391,46.058],[35.384,46.045],[35.369,46.023],[35.35,46.003],[35.327,45.985],[35.287,45.962],[35.242,45.945],[35.192,45.935],[35.151,45.932],[35.166,45.907],[35.174,45.887],[35.2,45.862],[35.215,45.84],[35.226,45.817],[35.233,45.792]]]}},{"type":"Feature","properties":{"iso":"UA-07","name":"Волинська обл.","excluded":false},"geometry":{"type":"Polygon","coordinates":[[[25.113,50.287],[25.097,50.291],[25.077,50.293],[25.065,50.298],[25.054,50.301],[25.056,50.303],[25.052,50.306],[25.055,50.306],[25.053,50.308],[25.057,50.312],[25.053,50.313],[25.055,50.315],[25.053,50.316],[25.058,50.32],[25.056,50.324],[25.059,50.324],[25.06,50.326],[25.059,50.332],[25.054,50.335],[25.056,50.34],[25.06,50.341],[25.059,50.342],[25.044,50.343],[25.033,50.346],[25.017,50.342],[24.949,50.386],[24.941,50.389],[24.938,50.383],[24.929,50.378],[24.936,50.373],[24.94,50.364],[24.937,50.346],[24.913,50.348],[24.911,50.345],[24.889,50.346],[24.885,50.344],[24.887,50.359],[24.867,50.361],[24.861,50.355],[24.859,50.35],[24.856,50.351],[24.849,50.351],[24.81,50.348],[24.808,50.347],[24.789,50.346],[24.779,50.339],[24.767,50.338],[24.715,50.343],[24.716,50.36],[24.722,50.373],[24.707,50.384],[24.681,50.395],[24.676,50.398],[24.656,50.401],[24.651,50.403],[24.654,50.41],[24.648,50.411],[24.64,50.408],[24.626,50.408],[24.597,50.414],[24.599,50.456],[24.581,50.458],[24.598,50.467],[24.597,50.478],[24.593,50.48],[24.591,50.488],[24.588,50.493],[24.584,50.492],[24.567,50.489],[24.563,50.489],[24.563,50.494],[24.555,50.494],[24.554,50.506],[24.558,50.509],[24.558,50.511],[24.55,50.521],[24.547,50.534],[24.531,50.552],[24.516,50.556],[24.5,50.555],[24.489,50.556],[24.488,50.551],[24.467,50.542],[24.467,50.541],[24.453,50.541],[24.45,50.539],[24.435,50.546],[24.419,50.555],[24.416,50.559],[24.406,50.56],[24.401,50.569],[24.403,50.571],[24.399,50.574],[24.409,50.581],[24.413,50.587],[24.401,50.59],[24.395,50.597],[24.381,50.609],[24.376,50.605],[24.361,50.597],[24.352,50.599],[24.337,50.598],[24.323,50.6],[24.326,50.593],[24.32,50.583],[24.318,50.574],[24.312,50.572],[24.303,50.575],[24.293,50.574],[24.272,50.578],[24.266,50.581],[24.246,50.581],[24.235,50.585],[24.231,50.584],[24.228,50.587],[24.221,50.59],[24.225,50.591],[24.225,50.593],[24.219,50.594],[24.217,50.592],[24.211,50.592],[24.213,50.597],[24.209,50.598],[24.212,50.599],[24.21,50.602],[24.206,50.602],[24.208,50.604],[24.205,50.603],[24.203,50.606],[24.205,50.607],[24.2,50.608],[24.204,50.61],[24.202,50.613],[24.199,50.615],[24.196,50.613],[24.191,50.618],[24.187,50.615],[24.184,50.619],[24.182,50.617],[24.178,50.619],[24.173,50.616],[24.174,50.62],[24.176,50.619],[24.173,50.622],[24.176,50.624],[24.17,50.623],[24.173,50.626],[24.169,50.627],[24.172,50.629],[24.163,50.632],[24.172,50.631],[24.173,50.634],[24.171,50.635],[24.168,50.634],[24.166,50.638],[24.162,50.638],[24.159,50.641],[24.158,50.64],[24.156,50.643],[24.153,50.643],[24.155,50.647],[24.151,50.643],[24.151,50.647],[24.149,50.647],[24.144,50.643],[24.141,50.644],[24.14,50.647],[24.138,50.643],[24.134,50.646],[24.131,50.645],[24.13,50.648],[24.126,50.649],[24.122,50.646],[24.118,50.648],[24.118,50.645],[24.122,50.644],[24.115,50.642],[24.117,50.641],[24.111,50.636],[24.104,50.635],[24.098,50.637],[24.094,50.635],[24.089,50.637],[24.088,50.635],[24.087,50.642],[24.085,50.643],[24.088,50.645],[24.08,50.645],[24.085,50.65],[24.089,50.651],[24.088,50.653],[24.09,50.654],[24.086,50.655],[24.091,50.664],[24.085,50.661],[24.085,50.668],[24.087,50.669],[24.082,50.672],[24.082,50.675],[24.079,50.675],[24.079,50.673],[24.077,50.676],[24.075,50.676],[24.076,50.674],[24.074,50.676],[24.073,50.674],[24.07,50.679],[24.068,50.677],[24.062,50.678],[24.065,50.68],[24.063,50.681],[24.063,50.685],[24.066,50.683],[24.07,50.684],[24.065,50.687],[24.072,50.699],[24.067,50.707],[24.074,50.708],[24.075,50.711],[24.071,50.712],[24.075,50.713],[24.071,50.715],[24.073,50.718],[24.072,50.72],[24.067,50.72],[24.066,50.722],[24.064,50.718],[24.061,50.721],[24.053,50.718],[24.05,50.719],[24.044,50.715],[24.042,50.718],[24.024,50.725],[24.022,50.725],[24.022,50.722],[24.017,50.723],[24.02,50.731],[24.016,50.73],[24.019,50.733],[24.021,50.738],[24.016,50.737],[24.02,50.746],[24.023,50.745],[24.02,50.749],[24.018,50.746],[24.015,50.747],[24.018,50.751],[24.021,50.75],[24.024,50.751],[24.017,50.752],[24.017,50.755],[24.013,50.753],[24.011,50.754],[24.018,50.757],[24.012,50.757],[24.016,50.76],[24.014,50.762],[24.021,50.762],[24.022,50.758],[24.025,50.759],[24.024,50.766],[24.011,50.772],[23.997,50.769],[23.981,50.771],[23.982,50.768],[23.978,50.768],[23.978,50.773],[23.972,50.775],[23.972,50.777],[23.969,50.775],[23.97,50.779],[23.966,50.778],[23.963,50.781],[23.968,50.786],[23.965,50.79],[23.96,50.791],[23.957,50.795],[23.963,50.799],[23.969,50.812],[23.964,50.814],[23.968,50.816],[23.97,50.816],[23.968,50.819],[23.974,50.817],[23.972,50.821],[23.975,50.822],[23.975,50.826],[23.977,50.827],[23.98,50.824],[23.98,50.828],[23.983,50.827],[23.981,50.83],[23.99,50.837],[24.007,50.841],[24.009,50.839],[24.019,50.839],[24.02,50.842],[24.025,50.841],[24.027,50.838],[24.027,50.841],[24.03,50.841],[24.029,50.838],[24.032,50.836],[24.034,50.84],[24.047,50.838],[24.04,50.836],[24.044,50.833],[24.048,50.836],[24.053,50.836],[24.056,50.834],[24.061,50.835],[24.064,50.834],[24.065,50.836],[24.075,50.834],[24.077,50.835],[24.082,50.835],[24.081,50.837],[24.085,50.835],[24.1,50.836],[24.101,50.838],[24.107,50.839],[24.109,50.84],[24.115,50.841],[24.118,50.845],[24.124,50.845],[24.124,50.847],[24.132,50.849],[24.143,50.858],[24.146,50.869],[24.139,50.869],[24.137,50.867],[24.133,50.868],[24.126,50.868],[24.122,50.872],[24.116,50.87],[24.113,50.876],[24.1,50.877],[24.086,50.889],[24.083,50.887],[24.08,50.89],[24.073,50.891],[24.06,50.892],[24.055,50.891],[24.052,50.891],[24.05,50.894],[24.051,50.897],[24.047,50.901],[24.039,50.903],[24.024,50.916],[24.011,50.92],[24.006,50.925],[23.997,50.928],[23.996,50.934],[23.988,50.945],[23.982,50.946],[23.98,50.949],[23.976,50.946],[23.975,50.949],[23.97,50.95],[23.968,50.957],[23.971,50.959],[23.967,50.968],[23.967,50.978],[23.957,50.991],[23.951,50.995],[23.948,50.995],[23.939,51.003],[23.929,51.006],[23.923,51.005],[23.915,51.007],[23.919,51.009],[23.915,51.01],[23.916,51.012],[23.922,51.01],[23.922,51.013],[23.926,51.013],[23.926,51.015],[23.928,51.014],[23.933,51.014],[23.935,51.013],[23.936,51.015],[23.93,51.017],[23.923,51.016],[23.924,51.019],[23.927,51.02],[23.918,51.025],[23.921,51.027],[23.916,51.028],[23.923,51.035],[23.932,51.038],[23.927,51.039],[23.921,51.037],[23.922,51.039],[23.916,51.04],[23.913,51.042],[23.92,51.047],[23.914,51.047],[23.916,51.049],[23.913,51.063],[23.909,51.064],[23.913,51.07],[23.91,51.072],[23.911,51.075],[23.906,51.078],[23.903,51.074],[23.898,51.074],[23.896,51.077],[23.892,51.074],[23.89,51.079],[23.886,51.079],[23.885,51.082],[23.879,51.08],[23.88,51.077],[23.876,51.077],[23.871,51.09],[23.871,51.095],[23.868,51.093],[23.867,51.098],[23.864,51.099],[23.861,51.097],[23.857,51.1],[23.862,51.103],[23.858,51.107],[23.863,51.108],[23.859,51.108],[23.857,51.111],[23.862,51.113],[23.855,51.114],[23.857,51.118],[23.852,51.118],[23.853,51.122],[23.85,51.124],[23.854,51.126],[23.854,51.131],[23.855,51.128],[23.86,51.131],[23.862,51.128],[23.87,51.13],[23.87,51.14],[23.868,51.142],[23.871,51.145],[23.865,51.148],[23.869,51.15],[23.862,51.152],[23.863,51.155],[23.861,51.158],[23.85,51.155],[23.851,51.16],[23.842,51.161],[23.844,51.163],[23.843,51.164],[23.838,51.159],[23.836,51.164],[23.833,51.161],[23.829,51.162],[23.829,51.16],[23.827,51.163],[23.824,51.162],[23.822,51.166],[23.827,51.167],[23.814,51.171],[23.812,51.175],[23.814,51.179],[23.808,51.185],[23.802,51.185],[23.797,51.188],[23.785,51.19],[23.782,51.192],[23.783,51.196],[23.78,51.197],[23.783,51.199],[23.776,51.2],[23.769,51.2],[23.767,51.202],[23.763,51.203],[23.763,51.206],[23.76,51.203],[23.76,51.208],[23.756,51.21],[23.758,51.211],[23.757,51.212],[23.75,51.211],[23.746,51.213],[23.746,51.211],[23.742,51.215],[23.742,51.212],[23.739,51.212],[23.736,51.22],[23.743,51.221],[23.743,51.224],[23.741,51.227],[23.739,51.227],[23.739,51.232],[23.727,51.236],[23.727,51.239],[23.731,51.239],[23.727,51.24],[23.726,51.242],[23.727,51.243],[23.73,51.242],[23.73,51.245],[23.727,51.244],[23.724,51.247],[23.726,51.251],[23.723,51.258],[23.726,51.259],[23.723,51.261],[23.727,51.261],[23.723,51.261],[23.72,51.265],[23.717,51.264],[23.72,51.267],[23.718,51.268],[23.72,51.269],[23.717,51.27],[23.717,51.271],[23.714,51.269],[23.71,51.273],[23.711,51.276],[23.706,51.275],[23.709,51.277],[23.704,51.282],[23.701,51.281],[23.697,51.283],[23.695,51.292],[23.695,51.289],[23.692,51.287],[23.688,51.286],[23.684,51.288],[23.685,51.291],[23.682,51.29],[23.681,51.292],[23.677,51.29],[23.678,51.292],[23.671,51.29],[23.668,51.291],[23.669,51.292],[23.663,51.292],[23.658,51.289],[23.657,51.287],[23.653,51.289],[23.648,51.287],[23.649,51.29],[23.646,51.293],[23.65,51.294],[23.647,51.298],[23.652,51.3],[23.641,51.307],[23.64,51.311],[23.643,51.311],[23.644,51.313],[23.636,51.319],[23.637,51.323],[23.642,51.326],[23.637,51.327],[23.636,51.329],[23.645,51.334],[23.647,51.34],[23.657,51.339],[23.658,51.342],[23.653,51.342],[23.65,51.344],[23.656,51.345],[23.654,51.347],[23.654,51.35],[23.658,51.351],[23.655,51.353],[23.657,51.359],[23.663,51.358],[23.662,51.363],[23.667,51.36],[23.669,51.361],[23.665,51.367],[23.668,51.368],[23.676,51.366],[23.678,51.369],[23.683,51.368],[23.687,51.369],[23.683,51.372],[23.684,51.378],[23.681,51.378],[23.68,51.376],[23.678,51.377],[23.681,51.381],[23.679,51.384],[23.68,51.385],[23.684,51.384],[23.685,51.387],[23.689,51.388],[23.68,51.39],[23.677,51.394],[23.68,51.396],[23.687,51.394],[23.687,51.395],[23.682,51.398],[23.682,51.399],[23.688,51.4],[23.691,51.399],[23.697,51.403],[23.703,51.404],[23.701,51.405],[23.697,51.406],[23.696,51.408],[23.702,51.412],[23.695,51.412],[23.693,51.415],[23.703,51.42],[23.701,51.421],[23.694,51.419],[23.689,51.419],[23.685,51.426],[23.677,51.43],[23.679,51.433],[23.686,51.434],[23.681,51.437],[23.686,51.442],[23.685,51.445],[23.676,51.441],[23.668,51.445],[23.661,51.444],[23.649,51.446],[23.651,51.45],[23.649,51.451],[23.651,51.454],[23.647,51.457],[23.647,51.459],[23.654,51.46],[23.66,51.465],[23.665,51.467],[23.668,51.471],[23.674,51.47],[23.676,51.471],[23.671,51.475],[23.67,51.483],[23.664,51.485],[23.663,51.488],[23.659,51.491],[23.655,51.49],[23.652,51.486],[23.638,51.486],[23.636,51.49],[23.63,51.491],[23.627,51.494],[23.62,51.497],[23.625,51.501],[23.616,51.503],[23.617,51.508],[23.626,51.503],[23.648,51.506],[23.654,51.504],[23.657,51.501],[23.669,51.499],[23.671,51.499],[23.677,51.507],[23.672,51.519],[23.667,51.524],[23.656,51.532],[23.655,51.536],[23.636,51.549],[23.636,51.553],[23.639,51.557],[23.644,51.558],[23.647,51.562],[23.648,51.566],[23.652,51.569],[23.657,51.567],[23.66,51.569],[23.659,51.57],[23.662,51.571],[23.664,51.577],[23.661,51.584],[23.658,51.587],[23.637,51.594],[23.631,51.592],[23.626,51.599],[23.625,51.608],[23.621,51.608],[23.615,51.613],[23.605,51.617],[23.606,51.621],[23.624,51.628],[23.63,51.629],[23.645,51.639],[23.66,51.639],[23.667,51.641],[23.678,51.653],[23.703,51.649],[23.716,51.651],[23.736,51.658],[23.749,51.66],[23.755,51.659],[23.783,51.668],[23.787,51.666],[23.79,51.661],[23.788,51.641],[23.804,51.64],[23.828,51.645],[23.846,51.64],[23.867,51.643],[23.913,51.631],[23.889,51.613],[23.88,51.608],[23.877,51.598],[23.882,51.592],[23.904,51.598],[23.928,51.598],[23.943,51.596],[23.957,51.588],[23.974,51.587],[23.995,51.58],[24.015,51.591],[24.016,51.596],[24.033,51.604],[24.076,51.62],[24.1,51.64],[24.121,51.667],[24.268,51.716],[24.32,51.751],[24.307,51.769],[24.306,51.78],[24.294,51.8],[24.296,51.807],[24.3,51.814],[24.313,51.827],[24.325,51.835],[24.334,51.845],[24.338,51.846],[24.34,51.85],[24.334,51.856],[24.34,51.864],[24.347,51.864],[24.372,51.878],[24.387,51.882],[24.478,51.882],[24.518,51.889],[24.538,51.887],[24.554,51.889],[24.568,51.89],[24.574,51.894],[24.605,51.901],[24.625,51.903],[24.663,51.9],[24.672,51.893],[24.714,51.896],[24.735,51.885],[24.75,51.881],[24.767,51.884],[24.787,51.895],[24.793,51.897],[24.802,51.905],[24.804,51.909],[24.81,51.912],[24.835,51.913],[24.843,51.896],[24.88,51.907],[24.904,51.911],[24.915,51.917],[24.934,51.891],[24.963,51.898],[24.978,51.903],[24.994,51.913],[24.995,51.915],[25.02,51.919],[25.055,51.937],[25.068,51.941],[25.08,51.947],[25.093,51.951],[25.1,51.953],[25.117,51.951],[25.142,51.953],[25.156,51.957],[25.165,51.963],[25.18,51.965],[25.191,51.969],[25.214,51.967],[25.227,51.961],[25.234,51.961],[25.245,51.967],[25.264,51.969],[25.271,51.963],[25.289,51.959],[25.291,51.956],[25.302,51.954],[25.309,51.949],[25.32,51.944],[25.321,51.941],[25.337,51.939],[25.343,51.933],[25.35,51.932],[25.359,51.935],[25.364,51.934],[25.37,51.928],[25.406,51.925],[25.41,51.922],[25.448,51.922],[25.459,51.921],[25.458,51.919],[25.465,51.919],[25.466,51.92],[25.485,51.922],[25.484,51.928],[25.488,51.93],[25.496,51.928],[25.5,51.928],[25.509,51.922],[25.518,51.926],[25.527,51.94],[25.592,51.926],[25.593,51.924],[25.597,51.918],[25.595,51.915],[25.601,51.915],[25.62,51.906],[25.628,51.905],[25.628,51.904],[25.677,51.902],[25.709,51.895],[25.688,51.881],[25.668,51.874],[25.655,51.86],[25.639,51.848],[25.638,51.837],[25.648,51.829],[25.648,51.826],[25.65,51.824],[25.647,51.821],[25.649,51.819],[25.648,51.817],[25.642,51.817],[25.642,51.816],[25.634,51.813],[25.636,51.808],[25.632,51.807],[25.632,51.804],[25.644,51.798],[25.647,51.791],[25.653,51.791],[25.659,51.784],[25.655,51.782],[25.65,51.767],[25.653,51.767],[25.656,51.764],[25.661,51.765],[25.67,51.773],[25.683,51.756],[25.675,51.745],[25.676,51.742],[25.662,51.73],[25.666,51.724],[25.666,51.72],[25.648,51.708],[25.651,51.704],[25.649,51.694],[25.646,51.691],[25.636,51.689],[25.639,51.682],[25.641,51.682],[25.635,51.674],[25.626,51.672],[25.627,51.666],[25.619,51.658],[25.618,51.653],[25.609,51.641],[25.589,51.644],[25.578,51.625],[25.567,51.627],[25.568,51.633],[25.53,51.631],[25.532,51.614],[25.544,51.616],[25.542,51.62],[25.555,51.624],[25.564,51.603],[25.579,51.609],[25.582,51.605],[25.586,51.592],[25.595,51.587],[25.599,51.581],[25.598,51.577],[25.591,51.57],[25.596,51.567],[25.596,51.562],[25.582,51.559],[25.574,51.555],[25.571,51.55],[25.583,51.533],[25.595,51.527],[25.595,51.525],[25.55,51.52],[25.556,51.501],[25.59,51.505],[25.594,51.507],[25.595,51.505],[25.61,51.507],[25.602,51.493],[25.624,51.495],[25.618,51.477],[25.642,51.479],[25.643,51.445],[25.636,51.439],[25.647,51.417],[25.656,51.419],[25.658,51.414],[25.672,51.417],[25.677,51.413],[25.679,51.409],[25.688,51.405],[25.69,51.393],[25.7,51.395],[25.701,51.387],[25.704,51.384],[25.691,51.383],[25.695,51.376],[25.701,51.377],[25.702,51.38],[25.711,51.382],[25.72,51.38],[25.725,51.381],[25.724,51.385],[25.717,51.389],[25.727,51.397],[25.725,51.4],[25.76,51.4],[25.755,51.381],[25.781,51.374],[25.789,51.379],[25.807,51.375],[25.831,51.387],[25.845,51.376],[25.841,51.374],[25.836,51.375],[25.837,51.373],[25.831,51.372],[25.825,51.366],[25.836,51.362],[25.832,51.359],[25.833,51.354],[25.824,51.35],[25.821,51.346],[25.823,51.343],[25.829,51.343],[25.83,51.334],[25.834,51.333],[25.833,51.33],[25.839,51.328],[25.847,51.32],[25.853,51.32],[25.853,51.321],[25.855,51.319],[25.857,51.321],[25.857,51.318],[25.865,51.318],[25.864,51.316],[25.869,51.318],[25.869,51.316],[25.876,51.315],[25.873,51.309],[25.878,51.309],[25.876,51.306],[25.883,51.304],[25.888,51.305],[25.885,51.303],[25.888,51.303],[25.885,51.301],[25.889,51.301],[25.887,51.299],[25.889,51.298],[25.889,51.295],[25.895,51.301],[25.899,51.3],[25.899,51.295],[25.893,51.291],[25.896,51.29],[25.903,51.291],[25.907,51.289],[25.916,51.289],[25.917,51.287],[25.92,51.286],[25.918,51.285],[25.922,51.281],[25.927,51.278],[25.929,51.279],[25.931,51.277],[25.938,51.278],[25.934,51.275],[25.938,51.272],[25.936,51.272],[25.935,51.273],[25.932,51.272],[25.931,51.266],[25.935,51.256],[25.939,51.258],[25.942,51.253],[25.948,51.251],[25.948,51.248],[25.945,51.245],[25.948,51.244],[25.945,51.242],[25.947,51.24],[25.945,51.237],[25.947,51.233],[25.996,51.228],[26.066,51.179],[26.068,51.177],[26.058,51.172],[26.061,51.166],[26.071,51.156],[26.067,51.148],[26.059,51.143],[26.047,51.142],[26.043,51.14],[26.012,51.131],[26.006,51.125],[25.98,51.123],[25.974,51.125],[25.96,51.126],[25.942,51.119],[25.938,51.115],[25.938,51.113],[25.95,51.103],[25.949,51.096],[25.945,51.094],[25.947,51.087],[25.945,51.085],[25.941,51.086],[25.941,51.085],[25.982,51.078],[25.999,51.078],[26.017,51.083],[26.091,51.051],[26.107,51.005],[26.088,51.004],[26.086,51.003],[26.079,50.99],[26.083,50.987],[26.081,50.986],[26.085,50.973],[26.077,50.971],[26.07,50.972],[26.063,50.971],[26.058,50.973],[26.048,50.972],[26.022,50.964],[26.001,50.965],[25.99,50.961],[25.984,50.961],[25.967,50.957],[26.001,50.935],[25.992,50.866],[26,50.862],[26.006,50.865],[26.012,50.866],[26.038,50.851],[26.037,50.846],[26.04,50.842],[26.03,50.84],[26.022,50.821],[26.013,50.824],[25.996,50.823],[25.993,50.825],[25.978,50.821],[25.969,50.826],[25.958,50.824],[25.955,50.83],[25.948,50.826],[25.943,50.827],[25.943,50.829],[25.933,50.831],[25.93,50.83],[25.923,50.832],[25.917,50.829],[25.91,50.833],[25.906,50.83],[25.903,50.832],[25.9,50.813],[25.891,50.799],[25.887,50.764],[25.877,50.752],[25.872,50.739],[25.879,50.709],[25.87,50.696],[25.869,50.687],[25.854,50.677],[25.851,50.669],[25.824,50.647],[25.827,50.641],[25.845,50.631],[25.83,50.62],[25.825,50.622],[25.818,50.628],[25.819,50.633],[25.793,50.667],[25.773,50.676],[25.765,50.675],[25.759,50.677],[25.75,50.672],[25.745,50.674],[25.743,50.67],[25.709,50.671],[25.708,50.679],[25.722,50.684],[25.707,50.693],[25.703,50.7],[25.695,50.704],[25.699,50.705],[25.694,50.725],[25.627,50.714],[25.607,50.718],[25.599,50.716],[25.597,50.717],[25.602,50.696],[25.598,50.696],[25.592,50.7],[25.579,50.7],[25.567,50.693],[25.564,50.692],[25.564,50.695],[25.53,50.685],[25.513,50.684],[25.503,50.681],[25.504,50.68],[25.475,50.672],[25.474,50.678],[25.47,50.68],[25.46,50.675],[25.463,50.67],[25.46,50.662],[25.407,50.669],[25.404,50.671],[25.4,50.672],[25.386,50.69],[25.38,50.691],[25.378,50.688],[25.372,50.685],[25.379,50.686],[25.38,50.685],[25.376,50.682],[25.382,50.681],[25.387,50.676],[25.389,50.665],[25.385,50.665],[25.387,50.658],[25.385,50.655],[25.383,50.655],[25.379,50.651],[25.371,50.651],[25.372,50.654],[25.363,50.652],[25.358,50.648],[25.357,50.645],[25.356,50.649],[25.353,50.649],[25.354,50.644],[25.352,50.641],[25.355,50.641],[25.357,50.64],[25.359,50.642],[25.363,50.643],[25.362,50.639],[25.366,50.637],[25.371,50.635],[25.371,50.634],[25.38,50.634],[25.378,50.632],[25.383,50.632],[25.386,50.63],[25.386,50.628],[25.383,50.629],[25.383,50.625],[25.388,50.625],[25.388,50.619],[25.393,50.62],[25.399,50.618],[25.406,50.611],[25.399,50.607],[25.394,50.608],[25.391,50.605],[25.393,50.608],[25.391,50.608],[25.35,50.61],[25.35,50.615],[25.327,50.613],[25.322,50.62],[25.312,50.629],[25.292,50.631],[25.293,50.611],[25.296,50.61],[25.298,50.604],[25.295,50.602],[25.297,50.598],[25.305,50.598],[25.303,50.591],[25.31,50.59],[25.307,50.581],[25.319,50.584],[25.321,50.569],[25.311,50.546],[25.308,50.545],[25.302,50.546],[25.298,50.543],[25.3,50.542],[25.296,50.539],[25.277,50.536],[25.27,50.533],[25.256,50.533],[25.244,50.534],[25.246,50.537],[25.23,50.541],[25.192,50.543],[25.189,50.546],[25.192,50.551],[25.153,50.547],[25.137,50.548],[25.122,50.554],[25.121,50.544],[25.123,50.54],[25.123,50.528],[25.144,50.521],[25.152,50.515],[25.153,50.511],[25.16,50.506],[25.159,50.486],[25.151,50.469],[25.15,50.467],[25.139,50.471],[25.137,50.468],[25.112,50.472],[25.104,50.471],[25.09,50.475],[25.084,50.475],[25.098,50.468],[25.113,50.465],[25.125,50.461],[25.135,50.46],[25.138,50.461],[25.138,50.453],[25.149,50.452],[25.153,50.443],[25.149,50.444],[25.147,50.441],[25.145,50.441],[25.146,50.439],[25.141,50.441],[25.142,50.438],[25.138,50.438],[25.136,50.434],[25.139,50.432],[25.139,50.429],[25.14,50.427],[25.144,50.428],[25.146,50.427],[25.149,50.429],[25.149,50.427],[25.153,50.429],[25.158,50.429],[25.157,50.425],[25.158,50.423],[25.163,50.418],[25.166,50.419],[25.168,50.417],[25.167,50.412],[25.171,50.408],[25.169,50.407],[25.172,50.401],[25.169,50.4],[25.17,50.395],[25.177,50.393],[25.181,50.396],[25.191,50.395],[25.198,50.393],[25.203,50.391],[25.202,50.386],[25.207,50.386],[25.206,50.381],[25.21,50.381],[25.207,50.38],[25.209,50.373],[25.206,50.374],[25.207,50.372],[25.204,50.372],[25.203,50.369],[25.206,50.368],[25.202,50.367],[25.199,50.363],[25.195,50.365],[25.195,50.362],[25.192,50.364],[25.188,50.363],[25.187,50.365],[25.183,50.362],[25.179,50.362],[25.18,50.366],[25.172,50.371],[25.173,50.375],[25.172,50.377],[25.168,50.377],[25.169,50.38],[25.162,50.379],[25.164,50.376],[25.16,50.376],[25.16,50.373],[25.156,50.372],[25.153,50.372],[25.151,50.37],[25.147,50.371],[25.141,50.369],[25.146,50.365],[25.144,50.362],[25.152,50.352],[25.146,50.344],[25.155,50.341],[25.166,50.331],[25.13,50.318],[25.132,50.311],[25.109,50.312],[25.11,50.305],[25.107,50.305],[25.107,50.3],[25.1,50.3],[25.102,50.295],[25.111,50.294],[25.113,50.287]]]}},{"type":"Feature","properties":{"iso":"UA-56","name":"Рівненська обл.","excluded":false},"geometry":{"type":"Polygon","coordinates":[[[25.113,50.287],[25.111,50.294],[25.102,50.295],[25.1,50.3],[25.107,50.3],[25.107,50.305],[25.11,50.305],[25.109,50.312],[25.132,50.311],[25.13,50.318],[25.166,50.331],[25.155,50.341],[25.146,50.344],[25.152,50.352],[25.144,50.362],[25.146,50.365],[25.141,50.369],[25.147,50.371],[25.151,50.37],[25.153,50.372],[25.156,50.372],[25.16,50.373],[25.16,50.376],[25.164,50.376],[25.162,50.379],[25.169,50.38],[25.168,50.377],[25.172,50.377],[25.173,50.375],[25.172,50.371],[25.18,50.366],[25.179,50.362],[25.183,50.362],[25.187,50.365],[25.188,50.363],[25.192,50.364],[25.195,50.362],[25.195,50.365],[25.199,50.363],[25.202,50.367],[25.206,50.368],[25.203,50.369],[25.204,50.372],[25.207,50.372],[25.206,50.374],[25.209,50.373],[25.207,50.38],[25.21,50.381],[25.206,50.381],[25.207,50.386],[25.202,50.386],[25.203,50.391],[25.198,50.393],[25.191,50.395],[25.181,50.396],[25.177,50.393],[25.17,50.395],[25.169,50.4],[25.172,50.401],[25.169,50.407],[25.171,50.408],[25.167,50.412],[25.168,50.417],[25.166,50.419],[25.163,50.418],[25.158,50.423],[25.157,50.425],[25.158,50.429],[25.153,50.429],[25.149,50.427],[25.149,50.429],[25.146,50.427],[25.144,50.428],[25.14,50.427],[25.139,50.429],[25.139,50.432],[25.136,50.434],[25.138,50.438],[25.142,50.438],[25.141,50.441],[25.146,50.439],[25.145,50.441],[25.147,50.441],[25.149,50.444],[25.153,50.443],[25.149,50.452],[25.138,50.453],[25.138,50.461],[25.135,50.46],[25.125,50.461],[25.113,50.465],[25.098,50.468],[25.084,50.475],[25.09,50.475],[25.104,50.471],[25.112,50.472],[25.137,50.468],[25.139,50.471],[25.15,50.467],[25.151,50.469],[25.159,50.486],[25.16,50.506],[25.153,50.511],[25.152,50.515],[25.144,50.521],[25.123,50.528],[25.123,50.54],[25.121,50.544],[25.122,50.554],[25.137,50.548],[25.153,50.547],[25.192,50.551],[25.189,50.546],[25.192,50.543],[25.23,50.541],[25.246,50.537],[25.244,50.534],[25.256,50.533],[25.27,50.533],[25.277,50.536],[25.296,50.539],[25.3,50.542],[25.298,50.543],[25.302,50.546],[25.308,50.545],[25.311,50.546],[25.321,50.569],[25.319,50.584],[25.307,50.581],[25.31,50.59],[25.303,50.591],[25.305,50.598],[25.297,50.598],[25.295,50.602],[25.298,50.604],[25.296,50.61],[25.293,50.611],[25.292,50.631],[25.312,50.629],[25.322,50.62],[25.327,50.613],[25.35,50.615],[25.35,50.61],[25.391,50.608],[25.393,50.608],[25.391,50.605],[25.394,50.608],[25.399,50.607],[25.406,50.611],[25.399,50.618],[25.393,50.62],[25.388,50.619],[25.388,50.625],[25.383,50.625],[25.383,50.629],[25.386,50.628],[25.386,50.63],[25.383,50.632],[25.378,50.632],[25.38,50.634],[25.371,50.634],[25.371,50.635],[25.366,50.637],[25.362,50.639],[25.363,50.643],[25.359,50.642],[25.357,50.64],[25.355,50.641],[25.352,50.641],[25.354,50.644],[25.353,50.649],[25.356,50.649],[25.357,50.645],[25.358,50.648],[25.363,50.652],[25.372,50.654],[25.371,50.651],[25.379,50.651],[25.383,50.655],[25.385,50.655],[25.387,50.658],[25.385,50.665],[25.389,50.665],[25.387,50.676],[25.382,50.681],[25.376,50.682],[25.38,50.685],[25.379,50.686],[25.372,50.685],[25.378,50.688],[25.38,50.691],[25.386,50.69],[25.4,50.672],[25.404,50.671],[25.407,50.669],[25.46,50.662],[25.463,50.67],[25.46,50.675],[25.47,50.68],[25.474,50.678],[25.475,50.672],[25.504,50.68],[25.503,50.681],[25.513,50.684],[25.53,50.685],[25.564,50.695],[25.564,50.692],[25.567,50.693],[25.579,50.7],[25.592,50.7],[25.598,50.696],[25.602,50.696],[25.597,50.717],[25.599,50.716],[25.607,50.718],[25.627,50.714],[25.694,50.725],[25.699,50.705],[25.695,50.704],[25.703,50.7],[25.707,50.693],[25.722,50.684],[25.708,50.679],[25.709,50.671],[25.743,50.67],[25.745,50.674],[25.75,50.672],[25.759,50.677],[25.765,50.675],[25.773,50.676],[25.793,50.667],[25.819,50.633],[25.818,50.628],[25.825,50.622],[25.83,50.62],[25.845,50.631],[25.827,50.641],[25.824,50.647],[25.851,50.669],[25.854,50.677],[25.869,50.687],[25.87,50.696],[25.879,50.709],[25.872,50.739],[25.877,50.752],[25.887,50.764],[25.891,50.799],[25.9,50.813],[25.903,50.832],[25.906,50.83],[25.91,50.833],[25.917,50.829],[25.923,50.832],[25.93,50.83],[25.933,50.831],[25.943,50.829],[25.943,50.827],[25.948,50.826],[25.955,50.83],[25.958,50.824],[25.969,50.826],[25.978,50.821],[25.993,50.825],[25.996,50.823],[26.013,50.824],[26.022,50.821],[26.03,50.84],[26.04,50.842],[26.037,50.846],[26.038,50.851],[26.012,50.866],[26.006,50.865],[26,50.862],[25.992,50.866],[26.001,50.935],[25.967,50.957],[25.984,50.961],[25.99,50.961],[26.001,50.965],[26.022,50.964],[26.048,50.972],[26.058,50.973],[26.063,50.971],[26.07,50.972],[26.077,50.971],[26.085,50.973],[26.081,50.986],[26.083,50.987],[26.079,50.99],[26.086,51.003],[26.088,51.004],[26.107,51.005],[26.091,51.051],[26.017,51.083],[25.999,51.078],[25.982,51.078],[25.941,51.085],[25.941,51.086],[25.945,51.085],[25.947,51.087],[25.945,51.094],[25.949,51.096],[25.95,51.103],[25.938,51.113],[25.938,51.115],[25.942,51.119],[25.96,51.126],[25.974,51.125],[25.98,51.123],[26.006,51.125],[26.012,51.131],[26.043,51.14],[26.047,51.142],[26.059,51.143],[26.067,51.148],[26.071,51.156],[26.061,51.166],[26.058,51.172],[26.068,51.177],[26.066,51.179],[25.996,51.228],[25.947,51.233],[25.945,51.237],[25.947,51.24],[25.945,51.242],[25.948,51.244],[25.945,51.245],[25.948,51.248],[25.948,51.251],[25.942,51.253],[25.939,51.258],[25.935,51.256],[25.931,51.266],[25.932,51.272],[25.935,51.273],[25.936,51.272],[25.938,51.272],[25.934,51.275],[25.938,51.278],[25.931,51.277],[25.929,51.279],[25.927,51.278],[25.922,51.281],[25.918,51.285],[25.92,51.286],[25.917,51.287],[25.916,51.289],[25.907,51.289],[25.903,51.291],[25.896,51.29],[25.893,51.291],[25.899,51.295],[25.899,51.3],[25.895,51.301],[25.889,51.295],[25.889,51.298],[25.887,51.299],[25.889,51.301],[25.885,51.301],[25.888,51.303],[25.885,51.303],[25.888,51.305],[25.883,51.304],[25.876,51.306],[25.878,51.309],[25.873,51.309],[25.876,51.315],[25.869,51.316],[25.869,51.318],[25.864,51.316],[25.865,51.318],[25.857,51.318],[25.857,51.321],[25.855,51.319],[25.853,51.321],[25.853,51.32],[25.847,51.32],[25.839,51.328],[25.833,51.33],[25.834,51.333],[25.83,51.334],[25.829,51.343],[25.823,51.343],[25.821,51.346],[25.824,51.35],[25.833,51.354],[25.832,51.359],[25.836,51.362],[25.825,51.366],[25.831,51.372],[25.837,51.373],[25.836,51.375],[25.841,51.374],[25.845,51.376],[25.831,51.387],[25.807,51.375],[25.789,51.379],[25.781,51.374],[25.755,51.381],[25.76,51.4],[25.725,51.4],[25.727,51.397],[25.717,51.389],[25.724,51.385],[25.725,51.381],[25.72,51.38],[25.711,51.382],[25.702,51.38],[25.701,51.377],[25.695,51.376],[25.691,51.383],[25.704,51.384],[25.701,51.387],[25.7,51.395],[25.69,51.393],[25.688,51.405],[25.679,51.409],[25.677,51.413],[25.672,51.417],[25.658,51.414],[25.656,51.419],[25.647,51.417],[25.636,51.439],[25.643,51.445],[25.642,51.479],[25.618,51.477],[25.624,51.495],[25.602,51.493],[25.61,51.507],[25.595,51.505],[25.594,51.507],[25.59,51.505],[25.556,51.501],[25.55,51.52],[25.595,51.525],[25.595,51.527],[25.583,51.533],[25.571,51.55],[25.574,51.555],[25.582,51.559],[25.596,51.562],[25.596,51.567],[25.591,51.57],[25.598,51.577],[25.599,51.581],[25.595,51.587],[25.586,51.592],[25.582,51.605],[25.579,51.609],[25.564,51.603],[25.555,51.624],[25.542,51.62],[25.544,51.616],[25.532,51.614],[25.53,51.631],[25.568,51.633],[25.567,51.627],[25.578,51.625],[25.589,51.644],[25.609,51.641],[25.618,51.653],[25.619,51.658],[25.627,51.666],[25.626,51.672],[25.635,51.674],[25.641,51.682],[25.639,51.682],[25.636,51.689],[25.646,51.691],[25.649,51.694],[25.651,51.704],[25.648,51.708],[25.666,51.72],[25.666,51.724],[25.662,51.73],[25.676,51.742],[25.675,51.745],[25.683,51.756],[25.67,51.773],[25.661,51.765],[25.656,51.764],[25.653,51.767],[25.65,51.767],[25.655,51.782],[25.659,51.784],[25.653,51.791],[25.647,51.791],[25.644,51.798],[25.632,51.804],[25.632,51.807],[25.636,51.808],[25.634,51.813],[25.642,51.816],[25.642,51.817],[25.648,51.817],[25.649,51.819],[25.647,51.821],[25.65,51.824],[25.648,51.826],[25.648,51.829],[25.638,51.837],[25.639,51.848],[25.655,51.86],[25.668,51.874],[25.688,51.881],[25.709,51.895],[25.677,51.902],[25.628,51.904],[25.628,51.905],[25.62,51.906],[25.601,51.915],[25.595,51.915],[25.597,51.918],[25.593,51.924],[25.681,51.918],[25.711,51.918],[25.755,51.923],[25.763,51.925],[25.782,51.922],[25.784,51.924],[25.784,51.927],[25.781,51.931],[25.776,51.932],[25.772,51.94],[25.772,51.948],[25.775,51.951],[25.784,51.952],[25.792,51.947],[25.809,51.947],[25.814,51.945],[25.821,51.945],[25.827,51.941],[25.826,51.939],[25.821,51.937],[25.829,51.925],[25.864,51.924],[25.871,51.921],[25.895,51.919],[25.901,51.92],[25.916,51.915],[25.934,51.915],[25.941,51.918],[25.944,51.921],[25.948,51.922],[25.948,51.919],[25.954,51.919],[25.954,51.922],[25.962,51.923],[25.965,51.922],[25.964,51.925],[25.967,51.926],[25.972,51.924],[25.974,51.928],[25.979,51.926],[25.998,51.932],[26.013,51.931],[26.041,51.925],[26.049,51.914],[26.1,51.911],[26.108,51.899],[26.119,51.895],[26.13,51.894],[26.136,51.884],[26.144,51.877],[26.148,51.876],[26.162,51.879],[26.163,51.866],[26.169,51.868],[26.172,51.867],[26.175,51.869],[26.177,51.867],[26.181,51.869],[26.195,51.863],[26.223,51.869],[26.226,51.873],[26.228,51.873],[26.231,51.872],[26.248,51.873],[26.252,51.865],[26.26,51.862],[26.269,51.87],[26.278,51.871],[26.282,51.87],[26.285,51.866],[26.295,51.869],[26.299,51.869],[26.309,51.862],[26.315,51.861],[26.346,51.865],[26.365,51.863],[26.37,51.863],[26.387,51.869],[26.399,51.876],[26.401,51.835],[26.412,51.835],[26.424,51.838],[26.428,51.836],[26.439,51.828],[26.448,51.818],[26.456,51.815],[26.473,51.813],[26.476,51.81],[26.476,51.799],[26.498,51.799],[26.506,51.8],[26.545,51.798],[26.55,51.799],[26.559,51.806],[26.56,51.813],[26.594,51.821],[26.599,51.829],[26.609,51.828],[26.615,51.825],[26.62,51.824],[26.646,51.824],[26.662,51.825],[26.692,51.823],[26.705,51.812],[26.715,51.811],[26.729,51.816],[26.755,51.803],[26.756,51.801],[26.751,51.797],[26.753,51.795],[26.758,51.793],[26.758,51.789],[26.76,51.79],[26.759,51.778],[26.777,51.772],[26.782,51.768],[26.787,51.767],[26.792,51.768],[26.795,51.767],[26.796,51.759],[26.81,51.757],[26.823,51.763],[26.833,51.766],[26.841,51.768],[26.851,51.767],[26.86,51.763],[26.871,51.755],[26.884,51.749],[26.888,51.751],[26.902,51.748],[26.914,51.749],[26.933,51.744],[26.95,51.736],[26.957,51.739],[26.994,51.769],[27.106,51.772],[27.111,51.771],[27.125,51.773],[27.129,51.772],[27.207,51.774],[27.206,51.763],[27.213,51.667],[27.217,51.666],[27.25,51.667],[27.273,51.654],[27.273,51.647],[27.245,51.621],[27.249,51.609],[27.24,51.602],[27.268,51.602],[27.267,51.606],[27.344,51.606],[27.359,51.616],[27.393,51.605],[27.427,51.606],[27.427,51.614],[27.458,51.62],[27.463,51.611],[27.469,51.609],[27.475,51.609],[27.484,51.612],[27.489,51.616],[27.494,51.613],[27.494,51.611],[27.482,51.599],[27.487,51.594],[27.506,51.588],[27.511,51.588],[27.521,51.594],[27.53,51.604],[27.531,51.608],[27.518,51.607],[27.515,51.619],[27.515,51.631],[27.52,51.635],[27.524,51.636],[27.543,51.622],[27.556,51.636],[27.568,51.63],[27.588,51.625],[27.621,51.607],[27.629,51.607],[27.636,51.609],[27.645,51.612],[27.653,51.618],[27.67,51.612],[27.688,51.613],[27.694,51.607],[27.705,51.607],[27.728,51.605],[27.731,51.595],[27.735,51.594],[27.724,51.562],[27.706,51.555],[27.684,51.541],[27.682,51.53],[27.684,51.521],[27.669,51.518],[27.67,51.497],[27.649,51.502],[27.647,51.498],[27.623,51.482],[27.579,51.478],[27.582,51.43],[27.599,51.43],[27.599,51.422],[27.604,51.42],[27.603,51.415],[27.613,51.411],[27.614,51.403],[27.585,51.401],[27.583,51.407],[27.574,51.411],[27.567,51.416],[27.548,51.422],[27.531,51.43],[27.533,51.434],[27.526,51.444],[27.534,51.453],[27.504,51.451],[27.506,51.437],[27.5,51.418],[27.492,51.408],[27.495,51.376],[27.497,51.374],[27.525,51.366],[27.524,51.361],[27.527,51.354],[27.521,51.346],[27.522,51.342],[27.511,51.335],[27.498,51.32],[27.49,51.315],[27.441,51.31],[27.449,51.282],[27.462,51.264],[27.452,51.262],[27.452,51.259],[27.448,51.259],[27.45,51.254],[27.454,51.254],[27.455,51.249],[27.464,51.248],[27.473,51.238],[27.465,51.236],[27.459,51.224],[27.444,51.223],[27.417,51.202],[27.4,51.201],[27.401,51.191],[27.406,51.188],[27.404,51.182],[27.395,51.172],[27.399,51.17],[27.375,51.155],[27.381,51.148],[27.37,51.143],[27.364,51.143],[27.369,51.112],[27.365,51.109],[27.367,51.098],[27.361,51.096],[27.354,51.095],[27.355,51.086],[27.336,51.089],[27.333,51.083],[27.324,51.082],[27.323,51.076],[27.325,51.07],[27.32,51.062],[27.318,51.053],[27.326,51.043],[27.28,51.041],[27.275,51.033],[27.219,51.03],[27.22,51.028],[27.229,51.022],[27.226,51.008],[27.216,51.009],[27.211,51.004],[27.201,51.001],[27.204,50.989],[27.212,50.982],[27.224,50.966],[27.226,50.962],[27.223,50.951],[27.234,50.949],[27.233,50.947],[27.238,50.945],[27.234,50.938],[27.238,50.937],[27.237,50.935],[27.231,50.934],[27.224,50.93],[27.221,50.931],[27.217,50.925],[27.214,50.926],[27.216,50.918],[27.221,50.916],[27.224,50.911],[27.226,50.913],[27.234,50.913],[27.233,50.911],[27.236,50.91],[27.234,50.907],[27.235,50.905],[27.242,50.902],[27.251,50.9],[27.257,50.896],[27.247,50.884],[27.253,50.882],[27.244,50.87],[27.249,50.858],[27.238,50.848],[27.235,50.841],[27.232,50.839],[27.238,50.834],[27.242,50.826],[27.238,50.814],[27.234,50.811],[27.236,50.806],[27.233,50.801],[27.234,50.795],[27.244,50.793],[27.239,50.776],[27.243,50.773],[27.242,50.77],[27.257,50.767],[27.262,50.762],[27.266,50.763],[27.27,50.763],[27.272,50.761],[27.27,50.753],[27.264,50.745],[27.269,50.736],[27.274,50.734],[27.271,50.729],[27.276,50.721],[27.273,50.711],[27.265,50.708],[27.259,50.703],[27.262,50.698],[27.251,50.692],[27.254,50.691],[27.254,50.689],[27.251,50.688],[27.243,50.673],[27.241,50.675],[27.237,50.673],[27.23,50.674],[27.227,50.671],[27.222,50.673],[27.22,50.67],[27.213,50.67],[27.206,50.667],[27.202,50.663],[27.204,50.659],[27.214,50.658],[27.212,50.647],[27.208,50.644],[27.214,50.639],[27.201,50.632],[27.201,50.63],[27.205,50.63],[27.206,50.629],[27.198,50.626],[27.19,50.626],[27.191,50.621],[27.198,50.619],[27.205,50.612],[27.225,50.606],[27.224,50.599],[27.215,50.589],[27.232,50.567],[27.21,50.566],[27.211,50.564],[27.196,50.562],[27.173,50.562],[27.149,50.563],[27.131,50.56],[27.124,50.573],[27.127,50.575],[27.13,50.581],[27.131,50.589],[27.12,50.591],[27.118,50.595],[27.112,50.593],[27.104,50.584],[27.091,50.587],[27.088,50.58],[27.08,50.584],[27.077,50.578],[27.078,50.577],[27.072,50.576],[27.068,50.565],[27.065,50.562],[27.075,50.555],[27.071,50.551],[27.057,50.552],[27.018,50.559],[27.007,50.54],[26.989,50.534],[26.983,50.523],[26.967,50.529],[26.941,50.53],[26.92,50.537],[26.917,50.537],[26.899,50.546],[26.879,50.534],[26.879,50.532],[26.871,50.521],[26.862,50.517],[26.856,50.509],[26.837,50.517],[26.834,50.523],[26.828,50.523],[26.819,50.513],[26.818,50.503],[26.799,50.502],[26.79,50.504],[26.784,50.502],[26.779,50.501],[26.781,50.495],[26.775,50.491],[26.77,50.492],[26.766,50.491],[26.765,50.489],[26.768,50.486],[26.768,50.477],[26.76,50.476],[26.761,50.47],[26.775,50.472],[26.774,50.474],[26.789,50.476],[26.79,50.473],[26.787,50.471],[26.787,50.467],[26.781,50.466],[26.775,50.468],[26.773,50.464],[26.77,50.465],[26.77,50.467],[26.767,50.467],[26.765,50.462],[26.759,50.463],[26.742,50.461],[26.741,50.464],[26.745,50.465],[26.747,50.472],[26.746,50.48],[26.735,50.477],[26.736,50.472],[26.734,50.464],[26.727,50.457],[26.738,50.452],[26.737,50.445],[26.725,50.444],[26.718,50.446],[26.716,50.426],[26.713,50.417],[26.692,50.42],[26.682,50.389],[26.66,50.392],[26.648,50.365],[26.621,50.371],[26.602,50.368],[26.588,50.346],[26.587,50.339],[26.583,50.34],[26.552,50.33],[26.563,50.321],[26.561,50.317],[26.544,50.317],[26.547,50.308],[26.533,50.306],[26.526,50.31],[26.52,50.306],[26.523,50.303],[26.523,50.299],[26.521,50.297],[26.517,50.298],[26.515,50.29],[26.511,50.29],[26.509,50.289],[26.508,50.288],[26.515,50.284],[26.515,50.281],[26.505,50.285],[26.503,50.282],[26.5,50.283],[26.494,50.28],[26.494,50.276],[26.499,50.271],[26.494,50.268],[26.495,50.267],[26.506,50.264],[26.504,50.262],[26.484,50.266],[26.479,50.265],[26.471,50.26],[26.453,50.26],[26.455,50.263],[26.452,50.264],[26.446,50.264],[26.439,50.26],[26.436,50.26],[26.436,50.261],[26.43,50.26],[26.427,50.262],[26.42,50.26],[26.417,50.262],[26.41,50.262],[26.397,50.265],[26.384,50.26],[26.382,50.257],[26.383,50.254],[26.379,50.251],[26.368,50.252],[26.363,50.251],[26.36,50.248],[26.353,50.244],[26.35,50.239],[26.346,50.239],[26.34,50.235],[26.325,50.231],[26.325,50.225],[26.316,50.218],[26.315,50.215],[26.31,50.215],[26.307,50.213],[26.302,50.205],[26.305,50.202],[26.305,50.198],[26.295,50.191],[26.294,50.188],[26.291,50.187],[26.287,50.184],[26.276,50.182],[26.274,50.179],[26.265,50.178],[26.257,50.18],[26.252,50.179],[26.248,50.176],[26.246,50.177],[26.245,50.174],[26.24,50.173],[26.24,50.174],[26.239,50.173],[26.231,50.173],[26.23,50.172],[26.22,50.18],[26.218,50.182],[26.21,50.185],[26.197,50.187],[26.192,50.191],[26.193,50.194],[26.179,50.197],[26.192,50.218],[26.185,50.217],[26.185,50.229],[26.188,50.23],[26.195,50.227],[26.203,50.231],[26.212,50.23],[26.21,50.248],[26.218,50.248],[26.217,50.256],[26.222,50.258],[26.221,50.267],[26.216,50.266],[26.216,50.264],[26.191,50.263],[26.17,50.245],[26.168,50.242],[26.17,50.24],[26.166,50.236],[26.166,50.231],[26.078,50.25],[26.065,50.257],[26.02,50.23],[26.009,50.229],[26.008,50.235],[26.004,50.238],[25.996,50.242],[25.985,50.243],[25.98,50.242],[25.97,50.246],[25.963,50.256],[25.957,50.257],[25.946,50.255],[25.946,50.256],[25.936,50.257],[25.928,50.256],[25.922,50.254],[25.923,50.248],[25.898,50.234],[25.884,50.222],[25.877,50.219],[25.877,50.215],[25.872,50.213],[25.87,50.21],[25.871,50.205],[25.858,50.191],[25.843,50.189],[25.834,50.185],[25.824,50.183],[25.822,50.181],[25.81,50.184],[25.796,50.185],[25.784,50.181],[25.765,50.181],[25.763,50.178],[25.736,50.185],[25.732,50.185],[25.729,50.187],[25.724,50.177],[25.722,50.176],[25.724,50.176],[25.722,50.174],[25.724,50.174],[25.724,50.173],[25.703,50.171],[25.694,50.178],[25.685,50.177],[25.625,50.152],[25.609,50.163],[25.576,50.176],[25.554,50.15],[25.499,50.157],[25.501,50.164],[25.476,50.166],[25.449,50.151],[25.448,50.124],[25.456,50.117],[25.484,50.114],[25.489,50.102],[25.465,50.098],[25.466,50.094],[25.454,50.094],[25.457,50.082],[25.451,50.081],[25.451,50.075],[25.439,50.072],[25.432,50.053],[25.416,50.05],[25.385,50.049],[25.364,50.046],[25.359,50.017],[25.349,50.018],[25.347,50.004],[25.319,50.016],[25.306,50.031],[25.302,50.033],[25.269,50.062],[25.206,50.12],[25.197,50.131],[25.208,50.162],[25.201,50.164],[25.201,50.167],[25.204,50.17],[25.211,50.171],[25.215,50.18],[25.207,50.186],[25.17,50.202],[25.165,50.209],[25.169,50.223],[25.183,50.224],[25.185,50.226],[25.181,50.232],[25.19,50.249],[25.207,50.247],[25.203,50.254],[25.205,50.279],[25.175,50.289],[25.167,50.29],[25.154,50.289],[25.128,50.282],[25.117,50.283],[25.113,50.285],[25.113,50.287]]]}},{"type":"Feature","properties":{"iso":"UA-18","name":"Житомирська обл.","excluded":false},"geometry":{"type":"Polygon","coordinates":[[[27.196,50.562],[27.211,50.564],[27.21,50.566],[27.232,50.567],[27.215,50.589],[27.224,50.599],[27.225,50.606],[27.205,50.612],[27.198,50.619],[27.191,50.621],[27.19,50.626],[27.198,50.626],[27.206,50.629],[27.205,50.63],[27.201,50.63],[27.201,50.632],[27.214,50.639],[27.208,50.644],[27.212,50.647],[27.214,50.658],[27.204,50.659],[27.202,50.663],[27.206,50.667],[27.213,50.67],[27.22,50.67],[27.222,50.673],[27.227,50.671],[27.23,50.674],[27.237,50.673],[27.241,50.675],[27.243,50.673],[27.251,50.688],[27.254,50.689],[27.254,50.691],[27.251,50.692],[27.262,50.698],[27.259,50.703],[27.265,50.708],[27.273,50.711],[27.276,50.721],[27.271,50.729],[27.274,50.734],[27.269,50.736],[27.264,50.745],[27.27,50.753],[27.272,50.761],[27.27,50.763],[27.266,50.763],[27.262,50.762],[27.257,50.767],[27.242,50.77],[27.243,50.773],[27.239,50.776],[27.244,50.793],[27.234,50.795],[27.233,50.801],[27.236,50.806],[27.234,50.811],[27.238,50.814],[27.242,50.826],[27.238,50.834],[27.232,50.839],[27.235,50.841],[27.238,50.848],[27.249,50.858],[27.244,50.87],[27.253,50.882],[27.247,50.884],[27.257,50.896],[27.251,50.9],[27.242,50.902],[27.235,50.905],[27.234,50.907],[27.236,50.91],[27.233,50.911],[27.234,50.913],[27.226,50.913],[27.224,50.911],[27.221,50.916],[27.216,50.918],[27.214,50.926],[27.217,50.925],[27.221,50.931],[27.224,50.93],[27.231,50.934],[27.237,50.935],[27.238,50.937],[27.234,50.938],[27.238,50.945],[27.233,50.947],[27.234,50.949],[27.223,50.951],[27.226,50.962],[27.224,50.966],[27.212,50.982],[27.204,50.989],[27.201,51.001],[27.211,51.004],[27.216,51.009],[27.226,51.008],[27.229,51.022],[27.22,51.028],[27.219,51.03],[27.275,51.033],[27.28,51.041],[27.326,51.043],[27.318,51.053],[27.32,51.062],[27.325,51.07],[27.323,51.076],[27.324,51.082],[27.333,51.083],[27.336,51.089],[27.355,51.086],[27.354,51.095],[27.361,51.096],[27.367,51.098],[27.365,51.109],[27.369,51.112],[27.364,51.143],[27.37,51.143],[27.381,51.148],[27.375,51.155],[27.399,51.17],[27.395,51.172],[27.404,51.182],[27.406,51.188],[27.401,51.191],[27.4,51.201],[27.417,51.202],[27.444,51.223],[27.459,51.224],[27.465,51.236],[27.473,51.238],[27.464,51.248],[27.455,51.249],[27.454,51.254],[27.45,51.254],[27.448,51.259],[27.452,51.259],[27.452,51.262],[27.462,51.264],[27.449,51.282],[27.441,51.31],[27.49,51.315],[27.498,51.32],[27.511,51.335],[27.522,51.342],[27.521,51.346],[27.527,51.354],[27.524,51.361],[27.525,51.366],[27.497,51.374],[27.495,51.376],[27.492,51.408],[27.5,51.418],[27.506,51.437],[27.504,51.451],[27.534,51.453],[27.526,51.444],[27.533,51.434],[27.531,51.43],[27.548,51.422],[27.567,51.416],[27.574,51.411],[27.583,51.407],[27.585,51.401],[27.614,51.403],[27.613,51.411],[27.603,51.415],[27.604,51.42],[27.599,51.422],[27.599,51.43],[27.582,51.43],[27.579,51.478],[27.623,51.482],[27.647,51.498],[27.649,51.502],[27.67,51.497],[27.669,51.518],[27.684,51.509],[27.698,51.498],[27.703,51.499],[27.71,51.498],[27.723,51.492],[27.742,51.477],[27.759,51.474],[27.764,51.474],[27.768,51.478],[27.77,51.493],[27.78,51.501],[27.796,51.522],[27.805,51.531],[27.839,51.536],[27.84,51.538],[27.854,51.545],[27.849,51.55],[27.845,51.552],[27.845,51.56],[27.832,51.573],[27.834,51.575],[27.83,51.579],[27.834,51.585],[27.834,51.598],[27.841,51.608],[27.822,51.618],[27.844,51.631],[27.856,51.633],[27.875,51.626],[27.888,51.625],[27.898,51.619],[27.918,51.617],[27.927,51.608],[27.93,51.596],[27.925,51.582],[27.926,51.579],[27.93,51.578],[27.951,51.581],[27.96,51.593],[27.966,51.594],[27.968,51.596],[27.98,51.596],[27.975,51.585],[27.962,51.577],[27.961,51.572],[27.945,51.562],[27.946,51.558],[27.991,51.563],[28.016,51.564],[28.038,51.567],[28.051,51.566],[28.07,51.574],[28.077,51.58],[28.084,51.575],[28.117,51.583],[28.125,51.6],[28.135,51.609],[28.152,51.606],[28.171,51.623],[28.175,51.629],[28.174,51.644],[28.245,51.675],[28.264,51.681],[28.273,51.677],[28.274,51.672],[28.27,51.665],[28.263,51.64],[28.258,51.628],[28.26,51.623],[28.263,51.62],[28.278,51.623],[28.287,51.623],[28.328,51.59],[28.333,51.584],[28.346,51.578],[28.362,51.558],[28.359,51.552],[28.353,51.545],[28.359,51.539],[28.367,51.541],[28.376,51.547],[28.384,51.547],[28.397,51.551],[28.472,51.593],[28.518,51.592],[28.531,51.583],[28.56,51.583],[28.559,51.573],[28.635,51.574],[28.637,51.57],[28.651,51.569],[28.655,51.571],[28.663,51.568],[28.661,51.567],[28.65,51.567],[28.636,51.563],[28.64,51.557],[28.651,51.562],[28.655,51.562],[28.658,51.561],[28.645,51.555],[28.653,51.547],[28.657,51.539],[28.66,51.529],[28.658,51.521],[28.661,51.51],[28.688,51.445],[28.703,51.442],[28.724,51.453],[28.725,51.461],[28.74,51.467],[28.742,51.465],[28.738,51.451],[28.74,51.444],[28.738,51.436],[28.748,51.427],[28.755,51.426],[28.754,51.417],[28.757,51.416],[28.772,51.429],[28.775,51.449],[28.777,51.451],[28.784,51.451],[28.785,51.453],[28.78,51.464],[28.778,51.474],[28.776,51.478],[28.766,51.484],[28.767,51.491],[28.779,51.501],[28.786,51.509],[28.798,51.532],[28.813,51.543],[28.813,51.548],[28.824,51.559],[28.827,51.56],[28.84,51.56],[28.865,51.569],[28.871,51.57],[28.874,51.574],[28.887,51.579],[28.885,51.583],[28.887,51.585],[28.905,51.589],[28.921,51.588],[28.932,51.586],[28.97,51.591],[28.975,51.578],[28.983,51.573],[29.002,51.573],[29.035,51.592],[29.043,51.603],[29.067,51.622],[29.068,51.626],[29.078,51.63],[29.097,51.631],[29.101,51.639],[29.099,51.641],[29.123,51.658],[29.132,51.653],[29.141,51.65],[29.15,51.653],[29.151,51.651],[29.158,51.653],[29.16,51.651],[29.167,51.654],[29.178,51.65],[29.177,51.647],[29.171,51.643],[29.168,51.635],[29.162,51.632],[29.162,51.63],[29.166,51.628],[29.189,51.622],[29.18,51.611],[29.204,51.6],[29.206,51.591],[29.205,51.584],[29.202,51.582],[29.209,51.577],[29.209,51.574],[29.219,51.568],[29.25,51.57],[29.254,51.57],[29.257,51.568],[29.258,51.564],[29.264,51.551],[29.261,51.545],[29.267,51.531],[29.255,51.524],[29.251,51.496],[29.259,51.484],[29.271,51.477],[29.272,51.466],[29.275,51.459],[29.289,51.46],[29.295,51.459],[29.309,51.454],[29.308,51.445],[29.316,51.434],[29.317,51.421],[29.322,51.417],[29.325,51.41],[29.32,51.395],[29.322,51.386],[29.326,51.378],[29.34,51.386],[29.344,51.384],[29.359,51.385],[29.361,51.376],[29.395,51.38],[29.393,51.339],[29.399,51.321],[29.356,51.275],[29.336,51.27],[29.329,51.272],[29.334,51.278],[29.331,51.279],[29.324,51.275],[29.312,51.276],[29.308,51.271],[29.301,51.274],[29.268,51.265],[29.312,51.14],[29.319,51.128],[29.33,51.126],[29.331,51.158],[29.349,51.16],[29.425,51.126],[29.459,51.09],[29.47,51.085],[29.483,51.077],[29.494,51.074],[29.512,51.061],[29.484,51.038],[29.475,51.031],[29.467,51.019],[29.465,51.019],[29.469,51.01],[29.466,51.004],[29.468,50.987],[29.475,50.979],[29.44,50.989],[29.422,50.986],[29.412,50.985],[29.411,50.949],[29.435,50.945],[29.467,50.925],[29.475,50.915],[29.472,50.903],[29.489,50.889],[29.497,50.888],[29.515,50.878],[29.521,50.869],[29.497,50.838],[29.529,50.824],[29.534,50.83],[29.542,50.828],[29.547,50.818],[29.548,50.812],[29.537,50.813],[29.516,50.818],[29.502,50.819],[29.489,50.812],[29.494,50.81],[29.492,50.806],[29.498,50.801],[29.515,50.793],[29.521,50.792],[29.521,50.79],[29.506,50.786],[29.506,50.783],[29.51,50.783],[29.512,50.776],[29.508,50.774],[29.502,50.774],[29.498,50.776],[29.491,50.774],[29.475,50.774],[29.475,50.773],[29.488,50.771],[29.49,50.769],[29.495,50.77],[29.504,50.766],[29.519,50.772],[29.523,50.773],[29.529,50.772],[29.529,50.774],[29.535,50.776],[29.541,50.776],[29.552,50.771],[29.557,50.773],[29.563,50.771],[29.57,50.772],[29.569,50.77],[29.571,50.769],[29.572,50.767],[29.568,50.768],[29.57,50.765],[29.566,50.763],[29.568,50.762],[29.57,50.763],[29.572,50.762],[29.578,50.748],[29.581,50.75],[29.586,50.743],[29.584,50.743],[29.58,50.745],[29.579,50.74],[29.587,50.739],[29.586,50.736],[29.591,50.732],[29.59,50.729],[29.594,50.729],[29.592,50.73],[29.594,50.732],[29.597,50.73],[29.591,50.721],[29.586,50.709],[29.579,50.704],[29.576,50.699],[29.574,50.699],[29.573,50.698],[29.57,50.699],[29.566,50.693],[29.564,50.695],[29.562,50.693],[29.554,50.692],[29.55,50.693],[29.546,50.69],[29.546,50.688],[29.542,50.69],[29.542,50.687],[29.54,50.685],[29.542,50.685],[29.54,50.681],[29.538,50.682],[29.536,50.68],[29.528,50.678],[29.531,50.673],[29.528,50.667],[29.532,50.666],[29.529,50.663],[29.508,50.657],[29.501,50.658],[29.501,50.661],[29.494,50.66],[29.492,50.662],[29.487,50.662],[29.485,50.66],[29.488,50.66],[29.483,50.658],[29.483,50.657],[29.479,50.657],[29.479,50.655],[29.477,50.655],[29.477,50.653],[29.485,50.647],[29.479,50.642],[29.464,50.633],[29.473,50.628],[29.444,50.621],[29.455,50.617],[29.456,50.614],[29.461,50.612],[29.477,50.607],[29.486,50.599],[29.493,50.596],[29.497,50.592],[29.498,50.579],[29.505,50.573],[29.499,50.565],[29.499,50.559],[29.503,50.552],[29.492,50.545],[29.486,50.537],[29.48,50.539],[29.459,50.539],[29.461,50.532],[29.466,50.528],[29.464,50.521],[29.458,50.517],[29.476,50.51],[29.483,50.51],[29.485,50.506],[29.506,50.502],[29.507,50.5],[29.504,50.498],[29.504,50.495],[29.509,50.488],[29.502,50.484],[29.511,50.471],[29.506,50.466],[29.502,50.468],[29.498,50.467],[29.482,50.46],[29.457,50.471],[29.447,50.452],[29.453,50.451],[29.474,50.452],[29.474,50.449],[29.497,50.45],[29.499,50.44],[29.497,50.435],[29.481,50.423],[29.481,50.42],[29.472,50.421],[29.469,50.416],[29.449,50.421],[29.442,50.419],[29.442,50.417],[29.456,50.401],[29.482,50.404],[29.481,50.413],[29.546,50.422],[29.56,50.422],[29.575,50.412],[29.581,50.408],[29.579,50.407],[29.58,50.406],[29.583,50.406],[29.59,50.4],[29.587,50.394],[29.591,50.381],[29.589,50.375],[29.603,50.374],[29.608,50.373],[29.617,50.364],[29.619,50.366],[29.622,50.366],[29.629,50.372],[29.637,50.371],[29.635,50.368],[29.638,50.357],[29.631,50.354],[29.624,50.347],[29.611,50.341],[29.628,50.33],[29.645,50.324],[29.662,50.324],[29.675,50.321],[29.693,50.325],[29.691,50.311],[29.682,50.312],[29.676,50.296],[29.679,50.285],[29.69,50.284],[29.689,50.28],[29.682,50.274],[29.674,50.278],[29.666,50.275],[29.675,50.267],[29.665,50.266],[29.678,50.26],[29.676,50.259],[29.678,50.256],[29.681,50.257],[29.688,50.242],[29.692,50.238],[29.702,50.234],[29.702,50.231],[29.69,50.228],[29.687,50.226],[29.681,50.214],[29.67,50.2],[29.661,50.194],[29.656,50.188],[29.65,50.186],[29.648,50.183],[29.643,50.18],[29.651,50.173],[29.661,50.17],[29.677,50.16],[29.694,50.156],[29.688,50.144],[29.659,50.128],[29.656,50.119],[29.671,50.117],[29.671,50.114],[29.666,50.112],[29.651,50.109],[29.648,50.106],[29.697,50.069],[29.696,50.045],[29.693,50.042],[29.672,50.033],[29.679,50.03],[29.68,50.02],[29.685,50.011],[29.693,50.006],[29.697,50.007],[29.699,50.006],[29.691,50],[29.695,49.996],[29.695,49.992],[29.715,49.981],[29.715,49.979],[29.717,49.979],[29.712,49.972],[29.715,49.967],[29.719,49.969],[29.724,49.967],[29.729,49.968],[29.731,49.966],[29.732,49.963],[29.721,49.959],[29.732,49.95],[29.735,49.944],[29.725,49.942],[29.728,49.933],[29.706,49.926],[29.661,49.908],[29.652,49.901],[29.642,49.898],[29.633,49.885],[29.629,49.885],[29.634,49.877],[29.649,49.878],[29.667,49.875],[29.652,49.865],[29.639,49.869],[29.636,49.866],[29.626,49.861],[29.62,49.853],[29.602,49.856],[29.6,49.846],[29.596,49.843],[29.575,49.841],[29.573,49.84],[29.574,49.837],[29.548,49.836],[29.549,49.828],[29.542,49.821],[29.524,49.826],[29.507,49.835],[29.49,49.826],[29.496,49.816],[29.495,49.815],[29.497,49.812],[29.488,49.809],[29.491,49.806],[29.483,49.802],[29.471,49.816],[29.449,49.802],[29.441,49.805],[29.44,49.804],[29.463,49.761],[29.446,49.733],[29.446,49.732],[29.436,49.729],[29.449,49.712],[29.497,49.713],[29.495,49.71],[29.49,49.708],[29.49,49.67],[29.514,49.663],[29.505,49.649],[29.485,49.654],[29.482,49.649],[29.431,49.663],[29.425,49.652],[29.409,49.659],[29.401,49.653],[29.396,49.648],[29.38,49.619],[29.377,49.62],[29.37,49.62],[29.355,49.628],[29.34,49.615],[29.329,49.627],[29.326,49.628],[29.275,49.627],[29.275,49.59],[29.254,49.59],[29.25,49.596],[29.242,49.604],[29.221,49.59],[29.212,49.588],[29.203,49.594],[29.193,49.588],[29.188,49.587],[29.164,49.592],[29.157,49.591],[29.152,49.594],[29.133,49.59],[29.117,49.584],[29.105,49.594],[29.091,49.594],[29.079,49.592],[29.07,49.594],[29.062,49.592],[29.049,49.594],[29.027,49.59],[28.994,49.597],[28.985,49.603],[29.004,49.629],[29.01,49.633],[28.989,49.646],[28.982,49.645],[28.979,49.649],[28.986,49.65],[28.964,49.672],[28.95,49.674],[28.946,49.68],[28.948,49.683],[28.957,49.684],[28.966,49.7],[28.975,49.699],[28.98,49.702],[28.995,49.717],[28.991,49.719],[28.995,49.725],[29,49.727],[29.005,49.727],[29.002,49.74],[28.964,49.755],[28.966,49.776],[28.941,49.783],[28.971,49.803],[28.962,49.809],[28.961,49.821],[28.956,49.821],[28.945,49.82],[28.953,49.84],[28.937,49.853],[28.903,49.862],[28.91,49.867],[28.905,49.871],[28.896,49.873],[28.899,49.882],[28.882,49.886],[28.881,49.888],[28.868,49.889],[28.857,49.889],[28.844,49.86],[28.814,49.859],[28.814,49.853],[28.784,49.851],[28.785,49.843],[28.751,49.844],[28.751,49.823],[28.759,49.823],[28.759,49.818],[28.746,49.818],[28.735,49.803],[28.734,49.798],[28.726,49.797],[28.724,49.805],[28.722,49.805],[28.712,49.819],[28.711,49.818],[28.69,49.813],[28.688,49.814],[28.682,49.802],[28.667,49.808],[28.636,49.817],[28.639,49.809],[28.636,49.81],[28.633,49.813],[28.629,49.813],[28.628,49.815],[28.619,49.814],[28.613,49.811],[28.602,49.81],[28.601,49.782],[28.57,49.774],[28.563,49.787],[28.555,49.786],[28.553,49.794],[28.549,49.796],[28.542,49.806],[28.53,49.814],[28.528,49.818],[28.529,49.821],[28.481,49.807],[28.479,49.81],[28.473,49.813],[28.469,49.824],[28.454,49.821],[28.444,49.821],[28.439,49.822],[28.432,49.821],[28.423,49.824],[28.42,49.823],[28.412,49.808],[28.407,49.792],[28.379,49.781],[28.349,49.792],[28.297,49.801],[28.289,49.798],[28.263,49.8],[28.262,49.81],[28.25,49.814],[28.245,49.814],[28.245,49.798],[28.229,49.795],[28.225,49.789],[28.226,49.786],[28.216,49.786],[28.218,49.791],[28.213,49.792],[28.155,49.787],[28.152,49.789],[28.149,49.79],[28.146,49.785],[28.12,49.779],[28.111,49.774],[28.097,49.772],[28.094,49.773],[28.093,49.772],[28.019,49.772],[28.009,49.777],[27.991,49.78],[27.982,49.781],[27.958,49.779],[27.94,49.771],[27.933,49.769],[27.901,49.767],[27.894,49.764],[27.891,49.758],[27.848,49.753],[27.844,49.753],[27.835,49.757],[27.835,49.746],[27.816,49.744],[27.815,49.735],[27.817,49.735],[27.807,49.728],[27.801,49.729],[27.791,49.727],[27.781,49.728],[27.768,49.74],[27.758,49.746],[27.757,49.751],[27.749,49.757],[27.743,49.758],[27.732,49.764],[27.703,49.769],[27.706,49.779],[27.71,49.782],[27.715,49.783],[27.723,49.79],[27.723,49.793],[27.727,49.8],[27.716,49.806],[27.697,49.809],[27.692,49.802],[27.668,49.808],[27.664,49.795],[27.659,49.797],[27.66,49.799],[27.659,49.801],[27.655,49.802],[27.651,49.806],[27.646,49.808],[27.641,49.814],[27.644,49.816],[27.642,49.82],[27.638,49.821],[27.639,49.825],[27.637,49.825],[27.636,49.823],[27.633,49.825],[27.636,49.828],[27.629,49.833],[27.629,49.835],[27.622,49.839],[27.622,49.845],[27.627,49.85],[27.621,49.853],[27.619,49.856],[27.622,49.858],[27.622,49.861],[27.615,49.864],[27.616,49.873],[27.61,49.875],[27.625,49.892],[27.617,49.895],[27.605,49.891],[27.597,49.89],[27.596,49.896],[27.589,49.897],[27.577,49.904],[27.574,49.909],[27.569,49.91],[27.565,49.91],[27.564,49.907],[27.563,49.905],[27.566,49.902],[27.545,49.901],[27.548,49.902],[27.546,49.904],[27.549,49.909],[27.548,49.935],[27.557,49.935],[27.557,49.946],[27.575,49.949],[27.571,49.956],[27.568,49.956],[27.566,49.959],[27.562,49.984],[27.554,49.988],[27.546,50],[27.546,50.011],[27.557,50.012],[27.564,50.02],[27.569,50.02],[27.584,50.017],[27.61,50.006],[27.642,50.037],[27.658,50.033],[27.657,50.026],[27.671,50.026],[27.677,50.034],[27.681,50.035],[27.678,50.039],[27.68,50.04],[27.674,50.043],[27.678,50.042],[27.681,50.047],[27.678,50.054],[27.675,50.056],[27.678,50.061],[27.677,50.064],[27.675,50.069],[27.67,50.072],[27.67,50.073],[27.667,50.074],[27.667,50.077],[27.657,50.079],[27.615,50.086],[27.629,50.103],[27.623,50.105],[27.624,50.113],[27.631,50.112],[27.631,50.115],[27.638,50.115],[27.638,50.116],[27.625,50.124],[27.628,50.133],[27.632,50.134],[27.633,50.135],[27.631,50.145],[27.632,50.146],[27.636,50.143],[27.649,50.144],[27.652,50.153],[27.673,50.154],[27.674,50.158],[27.681,50.158],[27.679,50.161],[27.663,50.172],[27.664,50.193],[27.637,50.188],[27.642,50.173],[27.621,50.17],[27.621,50.198],[27.618,50.198],[27.612,50.195],[27.608,50.215],[27.593,50.215],[27.595,50.23],[27.598,50.23],[27.602,50.243],[27.597,50.249],[27.596,50.259],[27.578,50.259],[27.573,50.253],[27.567,50.253],[27.567,50.248],[27.563,50.248],[27.563,50.245],[27.542,50.246],[27.527,50.226],[27.521,50.225],[27.491,50.238],[27.481,50.252],[27.481,50.257],[27.46,50.257],[27.46,50.259],[27.442,50.26],[27.445,50.275],[27.424,50.275],[27.424,50.272],[27.416,50.275],[27.409,50.281],[27.404,50.282],[27.399,50.288],[27.391,50.29],[27.396,50.292],[27.404,50.289],[27.407,50.289],[27.412,50.291],[27.403,50.294],[27.412,50.294],[27.412,50.296],[27.417,50.295],[27.42,50.299],[27.416,50.3],[27.415,50.307],[27.403,50.313],[27.363,50.332],[27.353,50.331],[27.345,50.334],[27.337,50.332],[27.33,50.334],[27.316,50.331],[27.313,50.34],[27.323,50.353],[27.324,50.36],[27.32,50.365],[27.321,50.369],[27.249,50.393],[27.255,50.411],[27.254,50.413],[27.258,50.422],[27.292,50.457],[27.29,50.473],[27.302,50.493],[27.288,50.493],[27.276,50.49],[27.267,50.491],[27.262,50.495],[27.26,50.501],[27.263,50.504],[27.262,50.51],[27.259,50.514],[27.228,50.524],[27.223,50.528],[27.207,50.532],[27.203,50.545],[27.197,50.552],[27.196,50.562]]]}},{"type":"Feature","properties":{"iso":"UA-32","name":"Київська обл.","excluded":false},"geometry":{"type":"MultiPolygon","coordinates":[[[[30.349,50.489],[30.348,50.486],[30.344,50.487],[30.339,50.484],[30.337,50.485],[30.336,50.483],[30.331,50.484],[30.321,50.487],[30.318,50.494],[30.319,50.496],[30.326,50.493],[30.335,50.493],[30.34,50.498],[30.341,50.496],[30.341,50.498],[30.345,50.499],[30.345,50.491],[30.346,50.489],[30.349,50.489]]],[[[30.785,51.534],[30.782,51.512],[30.755,51.515],[30.75,51.514],[30.75,51.516],[30.697,51.522],[30.671,51.522],[30.658,51.519],[30.659,51.52],[30.655,51.52],[30.652,51.524],[30.669,51.528],[30.671,51.531],[30.689,51.531],[30.694,51.529],[30.705,51.53],[30.704,51.554],[30.736,51.549],[30.736,51.541],[30.785,51.539],[30.785,51.534]]],[[[29.505,49.649],[29.514,49.663],[29.49,49.67],[29.49,49.708],[29.495,49.71],[29.497,49.713],[29.449,49.712],[29.436,49.729],[29.446,49.732],[29.446,49.733],[29.463,49.761],[29.44,49.804],[29.441,49.805],[29.449,49.802],[29.471,49.816],[29.483,49.802],[29.491,49.806],[29.488,49.809],[29.497,49.812],[29.495,49.815],[29.496,49.816],[29.49,49.826],[29.507,49.835],[29.524,49.826],[29.542,49.821],[29.549,49.828],[29.548,49.836],[29.574,49.837],[29.573,49.84],[29.575,49.841],[29.596,49.843],[29.6,49.846],[29.602,49.856],[29.62,49.853],[29.626,49.861],[29.636,49.866],[29.639,49.869],[29.652,49.865],[29.667,49.875],[29.649,49.878],[29.634,49.877],[29.629,49.885],[29.633,49.885],[29.642,49.898],[29.652,49.901],[29.661,49.908],[29.706,49.926],[29.728,49.933],[29.725,49.942],[29.735,49.944],[29.732,49.95],[29.721,49.959],[29.732,49.963],[29.731,49.966],[29.729,49.968],[29.724,49.967],[29.719,49.969],[29.715,49.967],[29.712,49.972],[29.717,49.979],[29.715,49.979],[29.715,49.981],[29.695,49.992],[29.695,49.996],[29.691,50],[29.699,50.006],[29.697,50.007],[29.693,50.006],[29.685,50.011],[29.68,50.02],[29.679,50.03],[29.672,50.033],[29.693,50.042],[29.696,50.045],[29.697,50.069],[29.648,50.106],[29.651,50.109],[29.666,50.112],[29.671,50.114],[29.671,50.117],[29.656,50.119],[29.659,50.128],[29.688,50.144],[29.694,50.156],[29.677,50.16],[29.661,50.17],[29.651,50.173],[29.643,50.18],[29.648,50.183],[29.65,50.186],[29.656,50.188],[29.661,50.194],[29.67,50.2],[29.681,50.214],[29.687,50.226],[29.69,50.228],[29.702,50.231],[29.702,50.234],[29.692,50.238],[29.688,50.242],[29.681,50.257],[29.678,50.256],[29.676,50.259],[29.678,50.26],[29.665,50.266],[29.675,50.267],[29.666,50.275],[29.674,50.278],[29.682,50.274],[29.689,50.28],[29.69,50.284],[29.679,50.285],[29.676,50.296],[29.682,50.312],[29.691,50.311],[29.693,50.325],[29.675,50.321],[29.662,50.324],[29.645,50.324],[29.628,50.33],[29.611,50.341],[29.624,50.347],[29.631,50.354],[29.638,50.357],[29.635,50.368],[29.637,50.371],[29.629,50.372],[29.622,50.366],[29.619,50.366],[29.617,50.364],[29.608,50.373],[29.603,50.374],[29.589,50.375],[29.591,50.381],[29.587,50.394],[29.59,50.4],[29.583,50.406],[29.58,50.406],[29.579,50.407],[29.581,50.408],[29.575,50.412],[29.56,50.422],[29.546,50.422],[29.481,50.413],[29.482,50.404],[29.456,50.401],[29.442,50.417],[29.442,50.419],[29.449,50.421],[29.469,50.416],[29.472,50.421],[29.481,50.42],[29.481,50.423],[29.497,50.435],[29.499,50.44],[29.497,50.45],[29.474,50.449],[29.474,50.452],[29.453,50.451],[29.447,50.452],[29.457,50.471],[29.482,50.46],[29.498,50.467],[29.502,50.468],[29.506,50.466],[29.511,50.471],[29.502,50.484],[29.509,50.488],[29.504,50.495],[29.504,50.498],[29.507,50.5],[29.506,50.502],[29.485,50.506],[29.483,50.51],[29.476,50.51],[29.458,50.517],[29.464,50.521],[29.466,50.528],[29.461,50.532],[29.459,50.539],[29.48,50.539],[29.486,50.537],[29.492,50.545],[29.503,50.552],[29.499,50.559],[29.499,50.565],[29.505,50.573],[29.498,50.579],[29.497,50.592],[29.493,50.596],[29.486,50.599],[29.477,50.607],[29.461,50.612],[29.456,50.614],[29.455,50.617],[29.444,50.621],[29.473,50.628],[29.464,50.633],[29.479,50.642],[29.485,50.647],[29.477,50.653],[29.477,50.655],[29.479,50.655],[29.479,50.657],[29.483,50.657],[29.483,50.658],[29.488,50.66],[29.485,50.66],[29.487,50.662],[29.492,50.662],[29.494,50.66],[29.501,50.661],[29.501,50.658],[29.508,50.657],[29.529,50.663],[29.532,50.666],[29.528,50.667],[29.531,50.673],[29.528,50.678],[29.536,50.68],[29.538,50.682],[29.54,50.681],[29.542,50.685],[29.54,50.685],[29.542,50.687],[29.542,50.69],[29.546,50.688],[29.546,50.69],[29.55,50.693],[29.554,50.692],[29.562,50.693],[29.564,50.695],[29.566,50.693],[29.57,50.699],[29.573,50.698],[29.574,50.699],[29.576,50.699],[29.579,50.704],[29.586,50.709],[29.591,50.721],[29.597,50.73],[29.594,50.732],[29.592,50.73],[29.594,50.729],[29.59,50.729],[29.591,50.732],[29.586,50.736],[29.587,50.739],[29.579,50.74],[29.58,50.745],[29.584,50.743],[29.586,50.743],[29.581,50.75],[29.578,50.748],[29.572,50.762],[29.57,50.763],[29.568,50.762],[29.566,50.763],[29.57,50.765],[29.568,50.768],[29.572,50.767],[29.571,50.769],[29.569,50.77],[29.57,50.772],[29.563,50.771],[29.557,50.773],[29.552,50.771],[29.541,50.776],[29.535,50.776],[29.529,50.774],[29.529,50.772],[29.523,50.773],[29.519,50.772],[29.504,50.766],[29.495,50.77],[29.49,50.769],[29.488,50.771],[29.475,50.773],[29.475,50.774],[29.491,50.774],[29.498,50.776],[29.502,50.774],[29.508,50.774],[29.512,50.776],[29.51,50.783],[29.506,50.783],[29.506,50.786],[29.521,50.79],[29.521,50.792],[29.515,50.793],[29.498,50.801],[29.492,50.806],[29.494,50.81],[29.489,50.812],[29.502,50.819],[29.516,50.818],[29.537,50.813],[29.548,50.812],[29.547,50.818],[29.542,50.828],[29.534,50.83],[29.529,50.824],[29.497,50.838],[29.521,50.869],[29.515,50.878],[29.497,50.888],[29.489,50.889],[29.472,50.903],[29.475,50.915],[29.467,50.925],[29.435,50.945],[29.411,50.949],[29.412,50.985],[29.422,50.986],[29.44,50.989],[29.475,50.979],[29.468,50.987],[29.466,51.004],[29.469,51.01],[29.465,51.019],[29.467,51.019],[29.475,51.031],[29.484,51.038],[29.512,51.061],[29.494,51.074],[29.483,51.077],[29.47,51.085],[29.459,51.09],[29.425,51.126],[29.349,51.16],[29.331,51.158],[29.33,51.126],[29.319,51.128],[29.312,51.14],[29.268,51.265],[29.301,51.274],[29.308,51.271],[29.312,51.276],[29.324,51.275],[29.331,51.279],[29.334,51.278],[29.329,51.272],[29.336,51.27],[29.356,51.275],[29.399,51.321],[29.393,51.339],[29.395,51.38],[29.361,51.376],[29.359,51.385],[29.363,51.389],[29.369,51.389],[29.383,51.402],[29.39,51.404],[29.396,51.408],[29.422,51.415],[29.452,51.409],[29.464,51.404],[29.496,51.397],[29.502,51.402],[29.515,51.424],[29.517,51.425],[29.521,51.422],[29.523,51.424],[29.524,51.439],[29.519,51.444],[29.522,51.452],[29.536,51.463],[29.535,51.474],[29.539,51.482],[29.542,51.483],[29.579,51.462],[29.585,51.464],[29.606,51.472],[29.609,51.475],[29.61,51.479],[29.607,51.483],[29.609,51.494],[29.616,51.493],[29.625,51.494],[29.634,51.506],[29.639,51.504],[29.643,51.499],[29.646,51.499],[29.655,51.506],[29.668,51.502],[29.673,51.503],[29.674,51.51],[29.677,51.512],[29.692,51.518],[29.695,51.517],[29.702,51.519],[29.71,51.523],[29.711,51.528],[29.717,51.53],[29.73,51.529],[29.738,51.532],[29.74,51.531],[29.746,51.515],[29.745,51.513],[29.739,51.512],[29.739,51.509],[29.745,51.506],[29.746,51.502],[29.742,51.493],[29.732,51.492],[29.738,51.475],[29.746,51.465],[29.744,51.457],[29.749,51.457],[29.77,51.449],[29.786,51.447],[29.797,51.442],[29.794,51.458],[29.813,51.46],[29.817,51.45],[29.847,51.458],[29.852,51.45],[29.858,51.45],[29.877,51.446],[29.881,51.446],[29.883,51.45],[29.879,51.458],[29.889,51.463],[29.892,51.474],[29.886,51.476],[29.886,51.478],[29.894,51.48],[29.894,51.485],[29.907,51.485],[29.911,51.488],[29.915,51.487],[29.923,51.488],[29.927,51.492],[29.932,51.492],[29.937,51.489],[29.95,51.484],[29.948,51.479],[29.95,51.474],[29.959,51.471],[29.966,51.471],[29.972,51.475],[29.973,51.483],[29.977,51.486],[29.985,51.486],[29.991,51.482],[30.004,51.486],[30.008,51.489],[30.015,51.49],[30.017,51.496],[30.021,51.497],[30.017,51.503],[30.018,51.506],[30.028,51.507],[30.029,51.504],[30.042,51.503],[30.059,51.499],[30.071,51.499],[30.117,51.487],[30.127,51.491],[30.121,51.505],[30.128,51.506],[30.133,51.505],[30.134,51.501],[30.148,51.493],[30.164,51.489],[30.169,51.509],[30.18,51.513],[30.212,51.493],[30.247,51.486],[30.274,51.468],[30.284,51.464],[30.288,51.464],[30.294,51.458],[30.299,51.456],[30.311,51.443],[30.319,51.44],[30.322,51.434],[30.337,51.425],[30.349,51.423],[30.363,51.38],[30.324,51.361],[30.342,51.352],[30.35,51.35],[30.386,51.323],[30.392,51.321],[30.398,51.313],[30.424,51.306],[30.444,51.308],[30.463,51.306],[30.459,51.298],[30.467,51.291],[30.454,51.281],[30.455,51.277],[30.459,51.275],[30.504,51.279],[30.54,51.267],[30.54,51.258],[30.555,51.25],[30.56,51.242],[30.561,51.236],[30.558,51.233],[30.549,51.23],[30.532,51.236],[30.526,51.236],[30.513,51.233],[30.505,51.227],[30.531,51.202],[30.53,51.198],[30.517,51.187],[30.522,51.185],[30.536,51.184],[30.54,51.181],[30.541,51.178],[30.529,51.174],[30.523,51.173],[30.508,51.176],[30.5,51.175],[30.49,51.165],[30.49,51.145],[30.495,51.132],[30.512,51.119],[30.517,51.111],[30.513,51.102],[30.5,51.101],[30.491,51.098],[30.484,51.092],[30.486,51.09],[30.508,51.076],[30.51,51.074],[30.506,51.062],[30.493,51.049],[30.5,51.034],[30.5,51.022],[30.601,51.027],[30.603,51.01],[30.624,51.01],[30.624,51.008],[30.642,51.003],[30.641,51],[30.648,50.985],[30.645,50.964],[30.657,50.953],[30.666,50.938],[30.673,50.92],[30.684,50.902],[30.696,50.903],[30.698,50.901],[30.715,50.899],[30.716,50.897],[30.724,50.894],[30.733,50.895],[30.736,50.888],[30.75,50.884],[30.757,50.879],[30.763,50.878],[30.772,50.874],[30.767,50.872],[30.775,50.863],[30.776,50.856],[30.772,50.854],[30.77,50.85],[30.774,50.844],[30.773,50.84],[30.777,50.833],[30.773,50.828],[30.765,50.826],[30.77,50.817],[30.76,50.81],[30.755,50.81],[30.745,50.819],[30.739,50.817],[30.732,50.817],[30.736,50.808],[30.744,50.805],[30.744,50.798],[30.742,50.796],[30.747,50.792],[30.745,50.787],[30.735,50.783],[30.738,50.78],[30.736,50.777],[30.737,50.773],[30.741,50.771],[30.746,50.773],[30.749,50.772],[30.754,50.776],[30.759,50.772],[30.763,50.772],[30.769,50.776],[30.771,50.779],[30.795,50.77],[30.811,50.769],[30.821,50.764],[30.835,50.761],[30.838,50.767],[30.843,50.768],[30.846,50.773],[30.865,50.78],[30.871,50.78],[30.874,50.778],[30.873,50.777],[30.86,50.772],[30.855,50.772],[30.844,50.765],[30.839,50.758],[30.842,50.756],[30.841,50.754],[30.829,50.756],[30.828,50.75],[30.833,50.748],[30.834,50.745],[30.863,50.745],[30.875,50.747],[30.874,50.757],[30.878,50.768],[30.889,50.774],[30.892,50.766],[30.929,50.764],[30.933,50.763],[30.933,50.759],[30.951,50.757],[30.956,50.763],[30.976,50.762],[31.014,50.765],[31.015,50.763],[31.025,50.764],[31.031,50.761],[31.04,50.764],[31.07,50.765],[31.075,50.781],[31.103,50.779],[31.127,50.774],[31.122,50.75],[31.128,50.747],[31.141,50.747],[31.149,50.738],[31.156,50.738],[31.166,50.733],[31.164,50.724],[31.19,50.723],[31.191,50.702],[31.207,50.706],[31.207,50.697],[31.217,50.697],[31.221,50.684],[31.222,50.669],[31.211,50.662],[31.202,50.654],[31.199,50.645],[31.204,50.638],[31.227,50.627],[31.219,50.62],[31.227,50.613],[31.222,50.607],[31.165,50.608],[31.165,50.59],[31.188,50.589],[31.188,50.575],[31.215,50.574],[31.215,50.57],[31.239,50.57],[31.238,50.567],[31.246,50.568],[31.246,50.562],[31.25,50.556],[31.256,50.558],[31.259,50.556],[31.259,50.549],[31.254,50.545],[31.255,50.543],[31.271,50.537],[31.295,50.534],[31.319,50.527],[31.323,50.51],[31.329,50.501],[31.348,50.517],[31.358,50.53],[31.37,50.534],[31.376,50.528],[31.393,50.524],[31.399,50.524],[31.404,50.52],[31.413,50.518],[31.42,50.507],[31.418,50.503],[31.445,50.5],[31.445,50.506],[31.452,50.506],[31.455,50.511],[31.48,50.515],[31.493,50.52],[31.493,50.523],[31.499,50.522],[31.511,50.523],[31.511,50.521],[31.522,50.522],[31.523,50.536],[31.525,50.532],[31.531,50.53],[31.54,50.523],[31.553,50.52],[31.558,50.52],[31.563,50.519],[31.569,50.524],[31.571,50.528],[31.629,50.522],[31.63,50.521],[31.64,50.525],[31.645,50.53],[31.646,50.538],[31.646,50.553],[31.662,50.555],[31.664,50.551],[31.668,50.549],[31.687,50.564],[31.728,50.561],[31.782,50.56],[31.777,50.578],[31.788,50.58],[31.788,50.593],[31.783,50.607],[31.812,50.607],[31.812,50.624],[31.846,50.629],[31.857,50.632],[31.867,50.618],[31.874,50.62],[31.884,50.608],[31.887,50.61],[31.919,50.596],[31.925,50.59],[31.925,50.584],[31.941,50.573],[31.945,50.559],[31.955,50.544],[31.975,50.54],[32.05,50.542],[32.063,50.541],[32.062,50.529],[32.049,50.526],[32.064,50.512],[32.047,50.496],[32.007,50.487],[32.002,50.496],[31.996,50.497],[31.992,50.495],[31.987,50.497],[31.984,50.495],[31.986,50.488],[31.983,50.484],[31.977,50.485],[31.975,50.489],[31.966,50.488],[31.963,50.486],[31.967,50.484],[31.967,50.482],[31.972,50.483],[31.975,50.481],[31.979,50.481],[31.969,50.473],[31.972,50.467],[32.022,50.458],[32.027,50.435],[32.04,50.428],[32.046,50.402],[32.057,50.397],[32.097,50.416],[32.102,50.413],[32.077,50.393],[32.08,50.388],[32.085,50.387],[32.082,50.384],[32.084,50.381],[32.075,50.375],[32.096,50.372],[32.103,50.374],[32.107,50.377],[32.12,50.38],[32.137,50.377],[32.155,50.376],[32.161,50.369],[32.141,50.354],[32.143,50.349],[32.152,50.337],[32.143,50.322],[32.129,50.316],[32.14,50.305],[32.099,50.287],[32.094,50.287],[32.091,50.284],[32.087,50.284],[32.099,50.278],[32.095,50.276],[32.101,50.276],[32.09,50.247],[32.1,50.242],[32.097,50.238],[32.115,50.231],[32.116,50.229],[32.107,50.22],[32.086,50.222],[32.057,50.188],[32.041,50.188],[32.014,50.207],[31.998,50.202],[31.992,50.202],[31.988,50.197],[32,50.195],[31.983,50.177],[31.965,50.151],[31.934,50.158],[31.947,50.137],[31.958,50.141],[31.975,50.125],[31.911,50.1],[31.907,50.06],[31.909,50.06],[31.906,50.057],[31.912,50.056],[31.916,50.057],[31.917,50.06],[31.925,50.061],[31.983,50.053],[31.978,50.039],[31.968,50.044],[31.928,50.031],[31.929,50.03],[31.909,50.023],[31.909,50.018],[31.903,50.017],[31.91,50.014],[31.91,50],[31.915,49.984],[31.918,49.961],[31.901,49.943],[31.896,49.95],[31.89,49.952],[31.888,49.964],[31.813,49.966],[31.813,49.959],[31.795,49.934],[31.769,49.92],[31.773,49.894],[31.752,49.894],[31.715,49.851],[31.704,49.851],[31.669,49.858],[31.615,49.857],[31.617,49.88],[31.614,49.886],[31.609,49.89],[31.614,49.892],[31.613,49.906],[31.581,49.907],[31.581,49.899],[31.579,49.899],[31.579,49.895],[31.568,49.895],[31.567,49.887],[31.565,49.887],[31.557,49.875],[31.552,49.875],[31.551,49.873],[31.548,49.874],[31.546,49.873],[31.543,49.878],[31.537,49.874],[31.533,49.875],[31.532,49.873],[31.525,49.871],[31.521,49.873],[31.515,49.869],[31.518,49.865],[31.518,49.862],[31.511,49.858],[31.51,49.854],[31.514,49.847],[31.509,49.844],[31.502,49.843],[31.498,49.848],[31.494,49.861],[31.486,49.858],[31.481,49.859],[31.475,49.861],[31.471,49.874],[31.462,49.874],[31.461,49.877],[31.44,49.877],[31.431,49.899],[31.426,49.899],[31.422,49.91],[31.425,49.929],[31.423,49.933],[31.433,49.944],[31.431,49.951],[31.434,49.961],[31.445,49.974],[31.437,49.984],[31.422,49.992],[31.417,49.992],[31.413,49.99],[31.384,49.995],[31.354,49.991],[31.319,49.993],[31.311,49.993],[31.302,49.989],[31.299,49.986],[31.295,49.975],[31.305,49.973],[31.301,49.967],[31.29,49.959],[31.287,49.954],[31.289,49.952],[31.3,49.96],[31.312,49.963],[31.338,49.953],[31.346,49.949],[31.334,49.943],[31.334,49.936],[31.345,49.934],[31.354,49.929],[31.38,49.907],[31.374,49.898],[31.369,49.899],[31.366,49.896],[31.346,49.896],[31.31,49.892],[31.312,49.888],[31.291,49.883],[31.261,49.858],[31.247,49.868],[31.208,49.852],[31.208,49.848],[31.221,49.832],[31.19,49.79],[31.216,49.777],[31.205,49.757],[31.217,49.74],[31.217,49.738],[31.214,49.736],[31.222,49.733],[31.212,49.73],[31.197,49.702],[31.207,49.701],[31.217,49.695],[31.212,49.689],[31.213,49.689],[31.211,49.686],[31.206,49.687],[31.207,49.69],[31.203,49.692],[31.201,49.691],[31.2,49.687],[31.196,49.684],[31.202,49.675],[31.155,49.629],[31.136,49.604],[31.128,49.583],[31.15,49.581],[31.138,49.571],[31.145,49.571],[31.149,49.569],[31.15,49.559],[31.153,49.555],[31.142,49.558],[31.139,49.552],[31.121,49.56],[31.118,49.557],[31.11,49.557],[31.107,49.549],[31.101,49.548],[31.1,49.546],[31.099,49.541],[31.104,49.532],[31.1,49.529],[31.1,49.524],[31.094,49.517],[31.097,49.513],[31.093,49.511],[31.094,49.505],[31.097,49.504],[31.097,49.503],[31.094,49.503],[31.095,49.498],[31.088,49.496],[31.084,49.49],[31.065,49.484],[31.061,49.479],[31.048,49.478],[31.048,49.477],[31.039,49.473],[31.04,49.469],[31.045,49.461],[31.044,49.457],[31.037,49.459],[31.033,49.471],[31.029,49.472],[31.005,49.451],[31.006,49.431],[30.997,49.425],[30.991,49.422],[30.957,49.424],[30.93,49.419],[30.921,49.416],[30.935,49.406],[30.933,49.395],[30.928,49.392],[30.931,49.381],[30.926,49.379],[30.923,49.382],[30.92,49.381],[30.909,49.359],[30.897,49.363],[30.885,49.362],[30.879,49.361],[30.879,49.358],[30.873,49.356],[30.868,49.352],[30.863,49.352],[30.858,49.353],[30.839,49.353],[30.833,49.351],[30.819,49.356],[30.801,49.354],[30.779,49.344],[30.75,49.345],[30.729,49.332],[30.717,49.339],[30.709,49.336],[30.677,49.355],[30.672,49.355],[30.669,49.356],[30.663,49.354],[30.66,49.36],[30.639,49.356],[30.608,49.37],[30.586,49.352],[30.58,49.35],[30.577,49.353],[30.57,49.354],[30.559,49.346],[30.555,49.34],[30.546,49.338],[30.544,49.331],[30.539,49.331],[30.538,49.328],[30.527,49.33],[30.517,49.328],[30.509,49.333],[30.474,49.365],[30.463,49.361],[30.449,49.357],[30.445,49.353],[30.437,49.352],[30.441,49.338],[30.438,49.333],[30.413,49.331],[30.42,49.303],[30.401,49.303],[30.397,49.302],[30.384,49.255],[30.376,49.236],[30.37,49.237],[30.373,49.241],[30.366,49.245],[30.368,49.255],[30.259,49.272],[30.257,49.268],[30.237,49.27],[30.235,49.269],[30.189,49.275],[30.201,49.327],[30.148,49.327],[30.148,49.336],[30.136,49.331],[30.132,49.314],[30.128,49.313],[30.124,49.31],[30.113,49.309],[30.107,49.303],[30.121,49.295],[30.12,49.292],[30.124,49.288],[30.123,49.282],[30.118,49.28],[30.118,49.277],[30.112,49.27],[30.101,49.275],[30.089,49.285],[30.087,49.294],[30.083,49.299],[30.086,49.303],[30.084,49.307],[30.086,49.313],[30.08,49.318],[30.078,49.322],[30.069,49.326],[30.027,49.333],[30.018,49.329],[30.011,49.328],[30.007,49.316],[29.984,49.316],[29.961,49.306],[29.956,49.311],[29.949,49.312],[29.944,49.302],[29.957,49.287],[29.957,49.262],[29.956,49.252],[29.954,49.25],[29.932,49.247],[29.931,49.243],[29.921,49.23],[29.904,49.221],[29.911,49.217],[29.894,49.208],[29.899,49.204],[29.877,49.2],[29.884,49.189],[29.883,49.186],[29.858,49.188],[29.819,49.178],[29.816,49.185],[29.813,49.186],[29.761,49.179],[29.728,49.208],[29.741,49.211],[29.741,49.216],[29.745,49.217],[29.745,49.224],[29.754,49.227],[29.744,49.225],[29.736,49.229],[29.724,49.231],[29.718,49.236],[29.716,49.241],[29.721,49.244],[29.71,49.263],[29.702,49.261],[29.697,49.257],[29.689,49.237],[29.663,49.25],[29.65,49.246],[29.64,49.247],[29.626,49.258],[29.613,49.265],[29.623,49.274],[29.617,49.274],[29.615,49.275],[29.619,49.28],[29.617,49.287],[29.611,49.291],[29.607,49.299],[29.615,49.302],[29.615,49.304],[29.618,49.305],[29.589,49.32],[29.573,49.324],[29.567,49.319],[29.563,49.322],[29.557,49.323],[29.553,49.322],[29.537,49.323],[29.522,49.337],[29.523,49.349],[29.521,49.354],[29.52,49.36],[29.514,49.367],[29.503,49.371],[29.503,49.385],[29.508,49.386],[29.506,49.395],[29.541,49.402],[29.562,49.415],[29.559,49.418],[29.575,49.428],[29.572,49.433],[29.594,49.443],[29.59,49.454],[29.567,49.46],[29.559,49.465],[29.55,49.475],[29.545,49.484],[29.546,49.487],[29.55,49.489],[29.553,49.495],[29.558,49.498],[29.568,49.498],[29.583,49.495],[29.584,49.507],[29.573,49.507],[29.57,49.504],[29.55,49.519],[29.54,49.521],[29.542,49.531],[29.543,49.532],[29.545,49.532],[29.544,49.538],[29.539,49.538],[29.536,49.543],[29.531,49.562],[29.499,49.594],[29.505,49.597],[29.502,49.6],[29.499,49.601],[29.512,49.613],[29.509,49.62],[29.516,49.622],[29.527,49.632],[29.532,49.631],[29.536,49.637],[29.521,49.641],[29.52,49.646],[29.505,49.649]],[[30.828,50.405],[30.826,50.405],[30.822,50.408],[30.811,50.411],[30.809,50.41],[30.798,50.415],[30.796,50.418],[30.801,50.421],[30.802,50.423],[30.8,50.425],[30.802,50.427],[30.792,50.434],[30.79,50.433],[30.777,50.439],[30.777,50.443],[30.759,50.449],[30.743,50.458],[30.755,50.462],[30.751,50.464],[30.753,50.466],[30.752,50.468],[30.754,50.469],[30.752,50.47],[30.741,50.469],[30.75,50.474],[30.746,50.478],[30.749,50.484],[30.76,50.484],[30.754,50.49],[30.749,50.488],[30.747,50.492],[30.743,50.49],[30.738,50.499],[30.746,50.503],[30.746,50.502],[30.75,50.502],[30.749,50.505],[30.758,50.508],[30.757,50.509],[30.762,50.509],[30.761,50.517],[30.758,50.516],[30.754,50.517],[30.755,50.519],[30.823,50.537],[30.821,50.539],[30.818,50.558],[30.814,50.56],[30.816,50.565],[30.797,50.57],[30.784,50.58],[30.783,50.577],[30.771,50.576],[30.767,50.584],[30.754,50.583],[30.72,50.591],[30.717,50.59],[30.721,50.586],[30.708,50.573],[30.711,50.572],[30.714,50.556],[30.699,50.555],[30.697,50.562],[30.681,50.556],[30.67,50.554],[30.664,50.552],[30.656,50.537],[30.648,50.535],[30.594,50.536],[30.578,50.541],[30.557,50.54],[30.553,50.536],[30.554,50.531],[30.56,50.529],[30.568,50.52],[30.567,50.517],[30.556,50.513],[30.552,50.514],[30.544,50.522],[30.534,50.526],[30.533,50.534],[30.53,50.536],[30.503,50.547],[30.496,50.552],[30.491,50.568],[30.484,50.568],[30.485,50.569],[30.482,50.572],[30.465,50.572],[30.463,50.584],[30.462,50.583],[30.447,50.586],[30.371,50.586],[30.371,50.574],[30.339,50.574],[30.307,50.571],[30.327,50.565],[30.326,50.563],[30.332,50.559],[30.342,50.557],[30.331,50.557],[30.332,50.553],[30.33,50.553],[30.333,50.551],[30.329,50.55],[30.326,50.55],[30.326,50.546],[30.311,50.555],[30.301,50.553],[30.298,50.554],[30.297,50.552],[30.303,50.548],[30.302,50.547],[30.304,50.544],[30.302,50.532],[30.293,50.533],[30.29,50.526],[30.281,50.522],[30.274,50.521],[30.264,50.515],[30.26,50.51],[30.27,50.502],[30.27,50.498],[30.265,50.494],[30.266,50.493],[30.263,50.488],[30.253,50.487],[30.252,50.485],[30.25,50.474],[30.256,50.472],[30.258,50.47],[30.248,50.463],[30.24,50.452],[30.24,50.448],[30.247,50.443],[30.247,50.44],[30.243,50.439],[30.242,50.435],[30.236,50.431],[30.242,50.428],[30.245,50.424],[30.251,50.426],[30.255,50.432],[30.26,50.432],[30.269,50.426],[30.277,50.43],[30.275,50.432],[30.28,50.44],[30.281,50.447],[30.322,50.442],[30.344,50.446],[30.342,50.453],[30.344,50.454],[30.348,50.452],[30.349,50.449],[30.351,50.449],[30.352,50.446],[30.358,50.445],[30.36,50.433],[30.37,50.421],[30.394,50.406],[30.418,50.398],[30.418,50.396],[30.423,50.396],[30.422,50.393],[30.426,50.391],[30.429,50.392],[30.443,50.382],[30.43,50.372],[30.437,50.368],[30.436,50.361],[30.438,50.36],[30.438,50.357],[30.452,50.355],[30.455,50.36],[30.458,50.361],[30.468,50.36],[30.467,50.358],[30.47,50.358],[30.47,50.355],[30.468,50.353],[30.473,50.351],[30.473,50.343],[30.475,50.34],[30.478,50.34],[30.478,50.337],[30.475,50.337],[30.475,50.334],[30.485,50.334],[30.485,50.336],[30.491,50.335],[30.497,50.333],[30.489,50.327],[30.496,50.322],[30.509,50.326],[30.516,50.321],[30.534,50.317],[30.532,50.302],[30.537,50.3],[30.528,50.291],[30.546,50.291],[30.548,50.283],[30.542,50.275],[30.554,50.269],[30.553,50.263],[30.551,50.262],[30.553,50.259],[30.575,50.26],[30.576,50.259],[30.586,50.245],[30.593,50.213],[30.644,50.226],[30.637,50.235],[30.645,50.237],[30.645,50.24],[30.634,50.247],[30.633,50.251],[30.625,50.257],[30.626,50.263],[30.618,50.266],[30.616,50.272],[30.61,50.277],[30.611,50.281],[30.641,50.28],[30.646,50.286],[30.647,50.292],[30.646,50.298],[30.631,50.315],[30.623,50.329],[30.613,50.338],[30.616,50.34],[30.611,50.346],[30.625,50.349],[30.613,50.358],[30.616,50.36],[30.62,50.359],[30.636,50.362],[30.646,50.363],[30.648,50.357],[30.675,50.358],[30.676,50.353],[30.696,50.35],[30.697,50.347],[30.711,50.352],[30.713,50.355],[30.714,50.358],[30.707,50.366],[30.71,50.368],[30.715,50.369],[30.712,50.373],[30.713,50.374],[30.712,50.379],[30.717,50.382],[30.725,50.38],[30.729,50.377],[30.727,50.375],[30.746,50.371],[30.756,50.373],[30.777,50.371],[30.778,50.373],[30.774,50.374],[30.776,50.38],[30.773,50.38],[30.774,50.382],[30.779,50.383],[30.781,50.386],[30.781,50.388],[30.776,50.389],[30.775,50.394],[30.777,50.396],[30.791,50.398],[30.799,50.394],[30.814,50.392],[30.816,50.389],[30.814,50.387],[30.821,50.386],[30.822,50.399],[30.824,50.402],[30.827,50.402],[30.828,50.405]]]]}},{"type":"Feature","properties":{"iso":"UA-74","name":"Чернігівська обл.","excluded":false},"geometry":{"type":"Polygon","coordinates":[[[32.143,50.349],[32.141,50.354],[32.161,50.369],[32.155,50.376],[32.137,50.377],[32.12,50.38],[32.107,50.377],[32.103,50.374],[32.096,50.372],[32.075,50.375],[32.084,50.381],[32.082,50.384],[32.085,50.387],[32.08,50.388],[32.077,50.393],[32.102,50.413],[32.097,50.416],[32.057,50.397],[32.046,50.402],[32.04,50.428],[32.027,50.435],[32.022,50.458],[31.972,50.467],[31.969,50.473],[31.979,50.481],[31.975,50.481],[31.972,50.483],[31.967,50.482],[31.967,50.484],[31.963,50.486],[31.966,50.488],[31.975,50.489],[31.977,50.485],[31.983,50.484],[31.986,50.488],[31.984,50.495],[31.987,50.497],[31.992,50.495],[31.996,50.497],[32.002,50.496],[32.007,50.487],[32.047,50.496],[32.064,50.512],[32.049,50.526],[32.062,50.529],[32.063,50.541],[32.05,50.542],[31.975,50.54],[31.955,50.544],[31.945,50.559],[31.941,50.573],[31.925,50.584],[31.925,50.59],[31.919,50.596],[31.887,50.61],[31.884,50.608],[31.874,50.62],[31.867,50.618],[31.857,50.632],[31.846,50.629],[31.812,50.624],[31.812,50.607],[31.783,50.607],[31.788,50.593],[31.788,50.58],[31.777,50.578],[31.782,50.56],[31.728,50.561],[31.687,50.564],[31.668,50.549],[31.664,50.551],[31.662,50.555],[31.646,50.553],[31.646,50.538],[31.645,50.53],[31.64,50.525],[31.63,50.521],[31.629,50.522],[31.571,50.528],[31.569,50.524],[31.563,50.519],[31.558,50.52],[31.553,50.52],[31.54,50.523],[31.531,50.53],[31.525,50.532],[31.523,50.536],[31.522,50.522],[31.511,50.521],[31.511,50.523],[31.499,50.522],[31.493,50.523],[31.493,50.52],[31.48,50.515],[31.455,50.511],[31.452,50.506],[31.445,50.506],[31.445,50.5],[31.418,50.503],[31.42,50.507],[31.413,50.518],[31.404,50.52],[31.399,50.524],[31.393,50.524],[31.376,50.528],[31.37,50.534],[31.358,50.53],[31.348,50.517],[31.329,50.501],[31.323,50.51],[31.319,50.527],[31.295,50.534],[31.271,50.537],[31.255,50.543],[31.254,50.545],[31.259,50.549],[31.259,50.556],[31.256,50.558],[31.25,50.556],[31.246,50.562],[31.246,50.568],[31.238,50.567],[31.239,50.57],[31.215,50.57],[31.215,50.574],[31.188,50.575],[31.188,50.589],[31.165,50.59],[31.165,50.608],[31.222,50.607],[31.227,50.613],[31.219,50.62],[31.227,50.627],[31.204,50.638],[31.199,50.645],[31.202,50.654],[31.211,50.662],[31.222,50.669],[31.221,50.684],[31.217,50.697],[31.207,50.697],[31.207,50.706],[31.191,50.702],[31.19,50.723],[31.164,50.724],[31.166,50.733],[31.156,50.738],[31.149,50.738],[31.141,50.747],[31.128,50.747],[31.122,50.75],[31.127,50.774],[31.103,50.779],[31.075,50.781],[31.07,50.765],[31.04,50.764],[31.031,50.761],[31.025,50.764],[31.015,50.763],[31.014,50.765],[30.976,50.762],[30.956,50.763],[30.951,50.757],[30.933,50.759],[30.933,50.763],[30.929,50.764],[30.892,50.766],[30.889,50.774],[30.878,50.768],[30.874,50.757],[30.875,50.747],[30.863,50.745],[30.834,50.745],[30.833,50.748],[30.828,50.75],[30.829,50.756],[30.841,50.754],[30.842,50.756],[30.839,50.758],[30.844,50.765],[30.855,50.772],[30.86,50.772],[30.873,50.777],[30.874,50.778],[30.871,50.78],[30.865,50.78],[30.846,50.773],[30.843,50.768],[30.838,50.767],[30.835,50.761],[30.821,50.764],[30.811,50.769],[30.795,50.77],[30.771,50.779],[30.769,50.776],[30.763,50.772],[30.759,50.772],[30.754,50.776],[30.749,50.772],[30.746,50.773],[30.741,50.771],[30.737,50.773],[30.736,50.777],[30.738,50.78],[30.735,50.783],[30.745,50.787],[30.747,50.792],[30.742,50.796],[30.744,50.798],[30.744,50.805],[30.736,50.808],[30.732,50.817],[30.739,50.817],[30.745,50.819],[30.755,50.81],[30.76,50.81],[30.77,50.817],[30.765,50.826],[30.773,50.828],[30.777,50.833],[30.773,50.84],[30.774,50.844],[30.77,50.85],[30.772,50.854],[30.776,50.856],[30.775,50.863],[30.767,50.872],[30.772,50.874],[30.763,50.878],[30.757,50.879],[30.75,50.884],[30.736,50.888],[30.733,50.895],[30.724,50.894],[30.716,50.897],[30.715,50.899],[30.698,50.901],[30.696,50.903],[30.684,50.902],[30.673,50.92],[30.666,50.938],[30.657,50.953],[30.645,50.964],[30.648,50.985],[30.641,51],[30.642,51.003],[30.624,51.008],[30.624,51.01],[30.603,51.01],[30.601,51.027],[30.5,51.022],[30.5,51.034],[30.493,51.049],[30.506,51.062],[30.51,51.074],[30.508,51.076],[30.486,51.09],[30.484,51.092],[30.491,51.098],[30.5,51.101],[30.513,51.102],[30.517,51.111],[30.512,51.119],[30.495,51.132],[30.49,51.145],[30.49,51.165],[30.5,51.175],[30.508,51.176],[30.523,51.173],[30.529,51.174],[30.541,51.178],[30.54,51.181],[30.536,51.184],[30.522,51.185],[30.517,51.187],[30.53,51.198],[30.531,51.202],[30.505,51.227],[30.513,51.233],[30.526,51.236],[30.532,51.236],[30.549,51.23],[30.558,51.233],[30.561,51.236],[30.56,51.242],[30.555,51.25],[30.54,51.258],[30.54,51.267],[30.567,51.258],[30.572,51.264],[30.575,51.272],[30.579,51.275],[30.594,51.281],[30.607,51.28],[30.615,51.285],[30.619,51.291],[30.617,51.298],[30.622,51.305],[30.618,51.306],[30.612,51.301],[30.603,51.301],[30.6,51.304],[30.604,51.305],[30.61,51.303],[30.614,51.306],[30.614,51.308],[30.61,51.309],[30.596,51.309],[30.594,51.312],[30.602,51.318],[30.612,51.323],[30.622,51.333],[30.629,51.334],[30.648,51.333],[30.652,51.335],[30.657,51.343],[30.656,51.345],[30.649,51.352],[30.638,51.356],[30.635,51.361],[30.641,51.368],[30.652,51.371],[30.656,51.376],[30.632,51.408],[30.628,51.42],[30.622,51.423],[30.622,51.429],[30.613,51.431],[30.61,51.431],[30.6,51.424],[30.591,51.425],[30.586,51.43],[30.579,51.447],[30.583,51.452],[30.592,51.456],[30.603,51.459],[30.612,51.457],[30.622,51.461],[30.623,51.465],[30.623,51.469],[30.619,51.472],[30.601,51.476],[30.599,51.473],[30.593,51.477],[30.589,51.485],[30.589,51.495],[30.583,51.502],[30.57,51.51],[30.568,51.513],[30.57,51.522],[30.586,51.538],[30.587,51.543],[30.579,51.552],[30.573,51.552],[30.568,51.551],[30.553,51.54],[30.547,51.541],[30.542,51.552],[30.53,51.562],[30.528,51.57],[30.535,51.575],[30.552,51.572],[30.555,51.575],[30.554,51.579],[30.533,51.588],[30.511,51.594],[30.507,51.597],[30.507,51.601],[30.515,51.604],[30.526,51.602],[30.532,51.603],[30.536,51.608],[30.531,51.616],[30.531,51.62],[30.536,51.622],[30.55,51.621],[30.557,51.623],[30.558,51.629],[30.547,51.637],[30.546,51.641],[30.549,51.643],[30.558,51.644],[30.573,51.642],[30.58,51.646],[30.58,51.651],[30.574,51.66],[30.579,51.676],[30.578,51.681],[30.563,51.696],[30.561,51.703],[30.567,51.708],[30.576,51.711],[30.609,51.707],[30.618,51.709],[30.627,51.714],[30.626,51.732],[30.651,51.753],[30.651,51.76],[30.647,51.764],[30.638,51.765],[30.619,51.759],[30.613,51.762],[30.613,51.767],[30.617,51.77],[30.628,51.773],[30.636,51.783],[30.645,51.785],[30.662,51.785],[30.671,51.791],[30.671,51.803],[30.66,51.815],[30.661,51.818],[30.667,51.822],[30.691,51.825],[30.699,51.843],[30.701,51.858],[30.709,51.868],[30.721,51.873],[30.729,51.887],[30.75,51.903],[30.756,51.904],[30.794,51.897],[30.803,51.899],[30.806,51.907],[30.824,51.919],[30.825,51.923],[30.813,51.936],[30.807,51.948],[30.819,51.956],[30.824,51.955],[30.831,51.952],[30.835,51.953],[30.836,51.961],[30.84,51.962],[30.849,51.962],[30.859,51.972],[30.864,51.972],[30.872,51.967],[30.883,51.967],[30.89,51.969],[30.89,51.975],[30.884,51.981],[30.886,51.985],[30.889,51.986],[30.902,51.984],[30.907,51.985],[30.911,51.989],[30.908,51.993],[30.894,51.994],[30.892,51.998],[30.895,52.002],[30.904,52.005],[30.91,52.009],[30.918,52.01],[30.925,52.016],[30.935,52.013],[30.939,52.013],[30.939,52.02],[30.945,52.026],[30.938,52.031],[30.933,52.04],[30.935,52.043],[30.943,52.046],[30.949,52.055],[30.945,52.06],[30.937,52.063],[30.932,52.072],[30.936,52.076],[30.946,52.073],[30.952,52.075],[30.952,52.081],[30.949,52.089],[30.957,52.088],[30.959,52.091],[30.965,52.09],[30.964,52.082],[30.978,52.078],[30.992,52.078],[30.992,52.079],[30.998,52.081],[31.01,52.081],[31.062,52.089],[31.066,52.091],[31.1,52.09],[31.119,52.098],[31.126,52.098],[31.129,52.101],[31.136,52.103],[31.14,52.103],[31.145,52.099],[31.147,52.09],[31.151,52.089],[31.149,52.087],[31.153,52.085],[31.157,52.086],[31.155,52.084],[31.158,52.081],[31.172,52.076],[31.192,52.075],[31.216,52.071],[31.212,52.063],[31.214,52.059],[31.218,52.057],[31.219,52.051],[31.233,52.049],[31.253,52.042],[31.298,52.052],[31.321,52.083],[31.311,52.087],[31.321,52.09],[31.328,52.105],[31.341,52.109],[31.361,52.112],[31.372,52.115],[31.381,52.12],[31.386,52.12],[31.39,52.123],[31.39,52.126],[31.38,52.134],[31.389,52.134],[31.394,52.139],[31.401,52.14],[31.402,52.142],[31.413,52.142],[31.42,52.139],[31.421,52.141],[31.427,52.141],[31.43,52.143],[31.434,52.141],[31.438,52.142],[31.446,52.14],[31.452,52.14],[31.456,52.131],[31.46,52.129],[31.464,52.121],[31.476,52.12],[31.481,52.117],[31.489,52.116],[31.521,52.125],[31.536,52.124],[31.547,52.12],[31.563,52.12],[31.582,52.118],[31.593,52.115],[31.6,52.116],[31.607,52.113],[31.626,52.116],[31.653,52.115],[31.659,52.118],[31.683,52.113],[31.698,52.108],[31.712,52.108],[31.719,52.103],[31.721,52.097],[31.744,52.103],[31.756,52.104],[31.771,52.112],[31.777,52.113],[31.787,52.112],[31.798,52.102],[31.802,52.102],[31.811,52.098],[31.823,52.099],[31.847,52.11],[31.868,52.11],[31.893,52.105],[31.902,52.103],[31.908,52.098],[31.917,52.097],[31.931,52.09],[31.941,52.082],[31.941,52.08],[31.948,52.082],[31.949,52.081],[31.95,52.083],[31.954,52.082],[31.961,52.075],[31.958,52.069],[31.944,52.061],[31.943,52.057],[31.933,52.058],[31.933,52.06],[31.93,52.06],[31.927,52.058],[31.923,52.058],[31.918,52.055],[31.917,52.053],[31.929,52.05],[31.928,52.046],[31.917,52.047],[31.917,52.042],[31.919,52.042],[31.92,52.045],[31.926,52.043],[31.932,52.045],[31.941,52.049],[31.942,52.047],[31.945,52.048],[31.949,52.046],[31.957,52.049],[31.961,52.052],[31.972,52.052],[32.016,52.048],[32.02,52.049],[32.027,52.049],[32.045,52.039],[32.066,52.035],[32.096,52.034],[32.096,52.044],[32.102,52.045],[32.126,52.046],[32.134,52.043],[32.13,52.049],[32.134,52.054],[32.136,52.054],[32.134,52.052],[32.138,52.052],[32.147,52.058],[32.144,52.058],[32.146,52.059],[32.144,52.061],[32.148,52.062],[32.146,52.065],[32.148,52.067],[32.147,52.069],[32.152,52.069],[32.156,52.072],[32.159,52.07],[32.171,52.072],[32.175,52.07],[32.186,52.072],[32.192,52.071],[32.193,52.067],[32.199,52.069],[32.2,52.066],[32.203,52.069],[32.201,52.073],[32.202,52.075],[32.207,52.075],[32.209,52.079],[32.218,52.082],[32.222,52.081],[32.222,52.085],[32.225,52.086],[32.225,52.087],[32.238,52.087],[32.238,52.089],[32.243,52.09],[32.253,52.089],[32.252,52.091],[32.26,52.091],[32.263,52.092],[32.261,52.093],[32.264,52.093],[32.27,52.097],[32.277,52.097],[32.279,52.1],[32.286,52.101],[32.287,52.103],[32.291,52.103],[32.291,52.108],[32.298,52.111],[32.297,52.114],[32.295,52.113],[32.294,52.12],[32.296,52.121],[32.297,52.119],[32.3,52.121],[32.306,52.12],[32.318,52.122],[32.32,52.136],[32.33,52.132],[32.335,52.14],[32.36,52.14],[32.368,52.146],[32.365,52.155],[32.332,52.156],[32.326,52.15],[32.324,52.152],[32.33,52.159],[32.325,52.16],[32.327,52.161],[32.326,52.163],[32.329,52.163],[32.328,52.165],[32.33,52.165],[32.331,52.168],[32.331,52.167],[32.334,52.168],[32.333,52.171],[32.339,52.174],[32.337,52.174],[32.335,52.176],[32.338,52.176],[32.34,52.181],[32.347,52.182],[32.344,52.195],[32.331,52.203],[32.331,52.206],[32.325,52.215],[32.325,52.223],[32.341,52.239],[32.347,52.241],[32.344,52.242],[32.347,52.244],[32.361,52.238],[32.361,52.24],[32.367,52.24],[32.384,52.24],[32.395,52.247],[32.402,52.246],[32.402,52.248],[32.399,52.249],[32.4,52.25],[32.395,52.25],[32.391,52.253],[32.383,52.27],[32.395,52.278],[32.382,52.278],[32.374,52.273],[32.37,52.275],[32.364,52.301],[32.352,52.316],[32.355,52.327],[32.377,52.337],[32.388,52.337],[32.394,52.334],[32.401,52.338],[32.434,52.322],[32.46,52.327],[32.467,52.324],[32.472,52.324],[32.49,52.314],[32.5,52.321],[32.502,52.327],[32.55,52.327],[32.571,52.31],[32.577,52.3],[32.594,52.304],[32.608,52.305],[32.612,52.301],[32.622,52.297],[32.638,52.287],[32.662,52.279],[32.685,52.266],[32.69,52.256],[32.7,52.255],[32.701,52.248],[32.717,52.259],[32.726,52.256],[32.757,52.267],[32.762,52.262],[32.763,52.255],[32.772,52.259],[32.779,52.259],[32.779,52.261],[32.799,52.265],[32.817,52.259],[32.833,52.278],[32.857,52.274],[32.884,52.273],[32.885,52.268],[32.879,52.259],[32.888,52.245],[32.907,52.246],[32.91,52.25],[32.945,52.264],[32.962,52.273],[32.982,52.274],[32.996,52.272],[32.996,52.277],[33,52.277],[32.997,52.288],[33.006,52.289],[33.018,52.293],[33.024,52.3],[33.045,52.307],[33.045,52.313],[33.059,52.318],[33.055,52.325],[33.06,52.33],[33.063,52.329],[33.062,52.328],[33.072,52.326],[33.074,52.324],[33.072,52.324],[33.073,52.322],[33.071,52.317],[33.074,52.315],[33.067,52.313],[33.063,52.315],[33.061,52.31],[33.062,52.306],[33.067,52.303],[33.073,52.304],[33.073,52.307],[33.081,52.308],[33.108,52.327],[33.111,52.325],[33.117,52.329],[33.13,52.338],[33.129,52.342],[33.134,52.345],[33.137,52.346],[33.144,52.344],[33.156,52.338],[33.17,52.341],[33.173,52.367],[33.17,52.369],[33.17,52.373],[33.189,52.373],[33.189,52.379],[33.196,52.379],[33.196,52.374],[33.206,52.373],[33.208,52.376],[33.289,52.358],[33.306,52.35],[33.314,52.355],[33.321,52.355],[33.337,52.352],[33.351,52.353],[33.361,52.364],[33.364,52.361],[33.37,52.362],[33.373,52.37],[33.381,52.372],[33.396,52.37],[33.407,52.367],[33.401,52.363],[33.403,52.36],[33.406,52.361],[33.409,52.359],[33.417,52.36],[33.418,52.353],[33.412,52.352],[33.411,52.349],[33.413,52.35],[33.429,52.345],[33.415,52.325],[33.404,52.322],[33.401,52.313],[33.387,52.316],[33.388,52.311],[33.398,52.309],[33.402,52.304],[33.401,52.3],[33.4,52.299],[33.394,52.302],[33.387,52.297],[33.393,52.294],[33.393,52.291],[33.388,52.291],[33.386,52.289],[33.384,52.285],[33.386,52.281],[33.383,52.279],[33.386,52.28],[33.387,52.279],[33.383,52.276],[33.381,52.277],[33.377,52.276],[33.378,52.274],[33.384,52.274],[33.38,52.271],[33.386,52.273],[33.387,52.271],[33.381,52.265],[33.372,52.258],[33.369,52.259],[33.364,52.255],[33.358,52.258],[33.357,52.254],[33.361,52.246],[33.367,52.245],[33.366,52.242],[33.362,52.238],[33.366,52.233],[33.357,52.228],[33.353,52.221],[33.343,52.221],[33.335,52.216],[33.331,52.215],[33.324,52.222],[33.315,52.215],[33.317,52.213],[33.326,52.212],[33.325,52.209],[33.33,52.205],[33.332,52.201],[33.33,52.198],[33.327,52.198],[33.327,52.195],[33.322,52.194],[33.322,52.19],[33.319,52.19],[33.315,52.192],[33.312,52.19],[33.311,52.188],[33.315,52.185],[33.311,52.185],[33.318,52.183],[33.319,52.181],[33.316,52.176],[33.32,52.174],[33.324,52.17],[33.329,52.17],[33.333,52.166],[33.332,52.163],[33.337,52.162],[33.337,52.155],[33.328,52.155],[33.323,52.136],[33.343,52.135],[33.343,52.138],[33.331,52.139],[33.329,52.142],[33.336,52.144],[33.344,52.145],[33.417,52.123],[33.41,52.116],[33.433,52.109],[33.445,52.097],[33.438,52.088],[33.459,52.089],[33.46,52.087],[33.491,52.083],[33.492,52.087],[33.5,52.089],[33.5,52.038],[33.465,52.039],[33.439,52.033],[33.435,52.029],[33.429,52.026],[33.411,52.034],[33.402,52.051],[33.391,52.05],[33.365,52.04],[33.355,52.031],[33.35,52.031],[33.346,52.029],[33.317,52.032],[33.313,52.026],[33.318,52.017],[33.313,52.015],[33.309,52.015],[33.306,52.018],[33.304,52.015],[33.304,52.013],[33.337,52.006],[33.344,52],[33.349,51.999],[33.348,51.994],[33.35,51.984],[33.362,51.98],[33.371,51.979],[33.373,51.977],[33.372,51.971],[33.381,51.973],[33.384,51.972],[33.396,51.96],[33.394,51.955],[33.386,51.953],[33.378,51.955],[33.371,51.953],[33.37,51.95],[33.371,51.946],[33.36,51.946],[33.358,51.935],[33.353,51.93],[33.331,51.93],[33.327,51.933],[33.317,51.934],[33.316,51.937],[33.302,51.933],[33.297,51.935],[33.293,51.925],[33.288,51.923],[33.27,51.923],[33.266,51.92],[33.263,51.919],[33.258,51.924],[33.252,51.926],[33.253,51.923],[33.246,51.921],[33.246,51.919],[33.25,51.917],[33.239,51.916],[33.235,51.909],[33.23,51.909],[33.223,51.913],[33.22,51.913],[33.219,51.911],[33.224,51.906],[33.221,51.905],[33.216,51.906],[33.216,51.911],[33.213,51.913],[33.198,51.91],[33.188,51.912],[33.184,51.903],[33.177,51.906],[33.172,51.902],[33.179,51.896],[33.181,51.89],[33.18,51.886],[33.172,51.882],[33.161,51.881],[33.144,51.878],[33.142,51.876],[33.144,51.873],[33.137,51.873],[33.134,51.871],[33.134,51.862],[33.132,51.862],[33.127,51.865],[33.123,51.864],[33.124,51.861],[33.132,51.856],[33.125,51.855],[33.123,51.845],[33.129,51.846],[33.131,51.844],[33.128,51.842],[33.13,51.836],[33.129,51.835],[33.132,51.833],[33.14,51.833],[33.142,51.828],[33.145,51.828],[33.147,51.816],[33.143,51.814],[33.134,51.816],[33.122,51.811],[33.121,51.806],[33.112,51.797],[33.108,51.795],[33.108,51.792],[33.101,51.789],[33.1,51.785],[33.102,51.782],[33.09,51.785],[33.092,51.781],[33.085,51.781],[33.079,51.776],[33.079,51.773],[33.084,51.772],[33.085,51.769],[33.089,51.775],[33.092,51.775],[33.093,51.767],[33.098,51.762],[33.094,51.76],[33.103,51.746],[33.113,51.74],[33.14,51.725],[33.135,51.722],[33.147,51.715],[33.155,51.703],[33.17,51.7],[33.17,51.696],[33.165,51.692],[33.156,51.689],[33.145,51.692],[33.144,51.691],[33.147,51.684],[33.153,51.682],[33.162,51.683],[33.166,51.681],[33.16,51.678],[33.141,51.678],[33.14,51.673],[33.147,51.669],[33.14,51.664],[33.141,51.662],[33.134,51.66],[33.128,51.655],[33.125,51.65],[33.126,51.645],[33.129,51.642],[33.132,51.643],[33.138,51.64],[33.154,51.642],[33.155,51.607],[33.157,51.608],[33.177,51.597],[33.192,51.584],[33.212,51.582],[33.222,51.58],[33.214,51.578],[33.207,51.57],[33.192,51.573],[33.159,51.569],[33.161,51.566],[33.157,51.565],[33.157,51.556],[33.17,51.554],[33.166,51.552],[33.167,51.544],[33.182,51.54],[33.186,51.537],[33.186,51.53],[33.19,51.523],[33.194,51.523],[33.193,51.514],[33.192,51.506],[33.178,51.507],[33.174,51.5],[33.16,51.495],[33.152,51.494],[33.151,51.496],[33.143,51.497],[33.143,51.495],[33.137,51.495],[33.136,51.494],[33.131,51.479],[33.136,51.467],[33.124,51.461],[33.113,51.428],[33.135,51.417],[33.124,51.404],[33.119,51.404],[33.12,51.401],[33.135,51.4],[33.138,51.395],[33.132,51.394],[33.133,51.382],[33.123,51.381],[33.119,51.382],[33.117,51.387],[33.114,51.386],[33.111,51.389],[33.092,51.39],[33.091,51.388],[33.095,51.385],[33.099,51.386],[33.109,51.382],[33.11,51.38],[33.106,51.377],[33.109,51.375],[33.107,51.373],[33.112,51.37],[33.107,51.366],[33.095,51.368],[33.093,51.37],[33.09,51.368],[33.087,51.369],[33.086,51.373],[33.083,51.372],[33.083,51.369],[33.062,51.371],[33.06,51.371],[33.06,51.379],[33.063,51.38],[33.059,51.384],[33.044,51.386],[33.039,51.391],[33.042,51.394],[33.04,51.396],[33.044,51.397],[33.046,51.395],[33.052,51.397],[33.057,51.404],[33.046,51.41],[33.045,51.404],[33.041,51.404],[33.038,51.401],[33.017,51.396],[33.034,51.371],[33.04,51.368],[33.035,51.358],[33.036,51.35],[33.043,51.345],[33.042,51.343],[33.045,51.342],[33.047,51.344],[33.051,51.343],[33.052,51.344],[33.058,51.345],[33.058,51.347],[33.062,51.347],[33.078,51.34],[33.071,51.332],[33.069,51.332],[33.07,51.329],[33.079,51.322],[33.073,51.316],[33.077,51.313],[33.069,51.311],[33.07,51.308],[33.065,51.305],[33.062,51.307],[33.055,51.303],[33.046,51.304],[33.045,51.302],[33.051,51.3],[33.052,51.298],[33.059,51.299],[33.061,51.297],[33.053,51.295],[33.045,51.296],[33.041,51.292],[33.043,51.289],[33.065,51.292],[33.061,51.287],[33.068,51.287],[33.069,51.29],[33.073,51.288],[33.076,51.29],[33.076,51.288],[33.072,51.287],[33.074,51.284],[33.065,51.283],[33.065,51.282],[33.073,51.283],[33.073,51.275],[33.066,51.275],[33.067,51.269],[33.058,51.266],[33.061,51.258],[33.072,51.256],[33.03,51.227],[33.04,51.219],[33.042,51.205],[33.031,51.204],[33.031,51.199],[32.998,51.199],[32.99,51.197],[32.978,51.188],[32.987,51.184],[32.96,51.163],[32.974,51.154],[32.993,51.144],[32.944,51.091],[32.956,51.086],[32.963,51.09],[32.972,51.088],[33.04,51.081],[33.038,51.071],[33.069,51.069],[33.071,51.062],[33.06,51.049],[33.082,51.04],[33.083,51.037],[33.077,51.03],[33.073,51.032],[33.064,51.023],[33.06,51.023],[33.059,51.016],[33.051,51.012],[33.044,51],[33.038,50.994],[33.046,50.991],[33.049,50.991],[33.052,50.989],[33.078,50.982],[33.077,50.992],[33.117,51.007],[33.126,51.001],[33.12,50.998],[33.138,50.97],[33.136,50.963],[33.182,50.959],[33.186,50.96],[33.189,50.963],[33.2,50.962],[33.201,50.933],[33.199,50.931],[33.198,50.918],[33.21,50.904],[33.206,50.902],[33.207,50.9],[33.203,50.898],[33.208,50.894],[33.201,50.893],[33.199,50.897],[33.196,50.895],[33.199,50.893],[33.197,50.891],[33.194,50.892],[33.19,50.891],[33.187,50.892],[33.187,50.894],[33.184,50.893],[33.18,50.895],[33.17,50.885],[33.17,50.876],[33.175,50.873],[33.174,50.871],[33.176,50.871],[33.177,50.868],[33.18,50.868],[33.18,50.867],[33.174,50.866],[33.173,50.856],[33.169,50.851],[33.186,50.849],[33.182,50.845],[33.174,50.843],[33.162,50.83],[33.155,50.828],[33.155,50.823],[33.161,50.82],[33.163,50.815],[33.166,50.816],[33.164,50.803],[33.169,50.8],[33.165,50.791],[33.155,50.792],[33.187,50.751],[33.19,50.751],[33.19,50.746],[33.208,50.747],[33.212,50.736],[33.232,50.738],[33.233,50.736],[33.235,50.736],[33.239,50.732],[33.221,50.728],[33.213,50.728],[33.213,50.722],[33.201,50.723],[33.196,50.723],[33.173,50.717],[33.158,50.715],[33.155,50.709],[33.136,50.711],[33.151,50.694],[33.147,50.655],[33.139,50.649],[33.126,50.651],[33.117,50.647],[33.121,50.64],[33.111,50.611],[33.103,50.602],[33.12,50.6],[33.122,50.599],[33.123,50.595],[33.118,50.592],[33.103,50.593],[33.093,50.585],[33.097,50.58],[33.08,50.567],[33.075,50.557],[33.05,50.54],[33.061,50.527],[33.061,50.522],[33.066,50.52],[33.06,50.518],[33.042,50.502],[33.033,50.502],[33.03,50.504],[33.023,50.502],[33.022,50.498],[33.027,50.493],[33.013,50.481],[33.016,50.471],[32.991,50.477],[32.988,50.474],[32.972,50.475],[32.979,50.463],[32.976,50.46],[32.968,50.459],[32.966,50.454],[32.969,50.452],[32.969,50.449],[32.965,50.444],[32.959,50.442],[32.95,50.446],[32.933,50.437],[32.937,50.431],[32.92,50.429],[32.921,50.425],[32.913,50.424],[32.915,50.412],[32.917,50.409],[32.91,50.406],[32.9,50.407],[32.838,50.375],[32.811,50.376],[32.796,50.371],[32.79,50.371],[32.791,50.368],[32.788,50.368],[32.788,50.366],[32.792,50.364],[32.787,50.362],[32.801,50.356],[32.793,50.347],[32.77,50.353],[32.765,50.349],[32.759,50.35],[32.75,50.36],[32.747,50.358],[32.743,50.352],[32.74,50.354],[32.742,50.357],[32.741,50.358],[32.73,50.356],[32.671,50.358],[32.672,50.37],[32.633,50.366],[32.634,50.357],[32.585,50.355],[32.579,50.359],[32.563,50.359],[32.556,50.355],[32.549,50.353],[32.545,50.355],[32.543,50.351],[32.526,50.346],[32.511,50.36],[32.498,50.363],[32.493,50.365],[32.494,50.366],[32.487,50.369],[32.486,50.375],[32.493,50.378],[32.491,50.39],[32.487,50.393],[32.492,50.393],[32.493,50.399],[32.489,50.397],[32.484,50.4],[32.477,50.397],[32.447,50.398],[32.402,50.412],[32.398,50.407],[32.368,50.416],[32.365,50.426],[32.339,50.428],[32.334,50.426],[32.33,50.426],[32.32,50.423],[32.316,50.417],[32.326,50.403],[32.306,50.401],[32.301,50.397],[32.295,50.398],[32.291,50.38],[32.278,50.38],[32.278,50.373],[32.252,50.373],[32.255,50.368],[32.26,50.367],[32.26,50.363],[32.264,50.362],[32.264,50.36],[32.257,50.358],[32.255,50.352],[32.265,50.354],[32.269,50.352],[32.254,50.347],[32.239,50.35],[32.239,50.353],[32.237,50.354],[32.227,50.351],[32.218,50.358],[32.143,50.349]],[[30.785,51.534],[30.785,51.539],[30.736,51.541],[30.736,51.549],[30.704,51.554],[30.705,51.53],[30.694,51.529],[30.689,51.531],[30.671,51.531],[30.669,51.528],[30.652,51.524],[30.655,51.52],[30.659,51.52],[30.658,51.519],[30.671,51.522],[30.697,51.522],[30.75,51.516],[30.75,51.514],[30.755,51.515],[30.782,51.512],[30.785,51.534]]]}},{"type":"Feature","properties":{"iso":"UA-59","name":"Сумська обл.","excluded":false},"geometry":{"type":"Polygon","coordinates":[[[33.066,50.52],[33.061,50.522],[33.061,50.527],[33.05,50.54],[33.075,50.557],[33.08,50.567],[33.097,50.58],[33.093,50.585],[33.103,50.593],[33.118,50.592],[33.123,50.595],[33.122,50.599],[33.12,50.6],[33.103,50.602],[33.111,50.611],[33.121,50.64],[33.117,50.647],[33.126,50.651],[33.139,50.649],[33.147,50.655],[33.151,50.694],[33.136,50.711],[33.155,50.709],[33.158,50.715],[33.173,50.717],[33.196,50.723],[33.201,50.723],[33.213,50.722],[33.213,50.728],[33.221,50.728],[33.239,50.732],[33.235,50.736],[33.233,50.736],[33.232,50.738],[33.212,50.736],[33.208,50.747],[33.19,50.746],[33.19,50.751],[33.187,50.751],[33.155,50.792],[33.165,50.791],[33.169,50.8],[33.164,50.803],[33.166,50.816],[33.163,50.815],[33.161,50.82],[33.155,50.823],[33.155,50.828],[33.162,50.83],[33.174,50.843],[33.182,50.845],[33.186,50.849],[33.169,50.851],[33.173,50.856],[33.174,50.866],[33.18,50.867],[33.18,50.868],[33.177,50.868],[33.176,50.871],[33.174,50.871],[33.175,50.873],[33.17,50.876],[33.17,50.885],[33.18,50.895],[33.184,50.893],[33.187,50.894],[33.187,50.892],[33.19,50.891],[33.194,50.892],[33.197,50.891],[33.199,50.893],[33.196,50.895],[33.199,50.897],[33.201,50.893],[33.208,50.894],[33.203,50.898],[33.207,50.9],[33.206,50.902],[33.21,50.904],[33.198,50.918],[33.199,50.931],[33.201,50.933],[33.2,50.962],[33.189,50.963],[33.186,50.96],[33.182,50.959],[33.136,50.963],[33.138,50.97],[33.12,50.998],[33.126,51.001],[33.117,51.007],[33.077,50.992],[33.078,50.982],[33.052,50.989],[33.049,50.991],[33.046,50.991],[33.038,50.994],[33.044,51],[33.051,51.012],[33.059,51.016],[33.06,51.023],[33.064,51.023],[33.073,51.032],[33.077,51.03],[33.083,51.037],[33.082,51.04],[33.06,51.049],[33.071,51.062],[33.069,51.069],[33.038,51.071],[33.04,51.081],[32.972,51.088],[32.963,51.09],[32.956,51.086],[32.944,51.091],[32.993,51.144],[32.974,51.154],[32.96,51.163],[32.987,51.184],[32.978,51.188],[32.99,51.197],[32.998,51.199],[33.031,51.199],[33.031,51.204],[33.042,51.205],[33.04,51.219],[33.03,51.227],[33.072,51.256],[33.061,51.258],[33.058,51.266],[33.067,51.269],[33.066,51.275],[33.073,51.275],[33.073,51.283],[33.065,51.282],[33.065,51.283],[33.074,51.284],[33.072,51.287],[33.076,51.288],[33.076,51.29],[33.073,51.288],[33.069,51.29],[33.068,51.287],[33.061,51.287],[33.065,51.292],[33.043,51.289],[33.041,51.292],[33.045,51.296],[33.053,51.295],[33.061,51.297],[33.059,51.299],[33.052,51.298],[33.051,51.3],[33.045,51.302],[33.046,51.304],[33.055,51.303],[33.062,51.307],[33.065,51.305],[33.07,51.308],[33.069,51.311],[33.077,51.313],[33.073,51.316],[33.079,51.322],[33.07,51.329],[33.069,51.332],[33.071,51.332],[33.078,51.34],[33.062,51.347],[33.058,51.347],[33.058,51.345],[33.052,51.344],[33.051,51.343],[33.047,51.344],[33.045,51.342],[33.042,51.343],[33.043,51.345],[33.036,51.35],[33.035,51.358],[33.04,51.368],[33.034,51.371],[33.017,51.396],[33.038,51.401],[33.041,51.404],[33.045,51.404],[33.046,51.41],[33.057,51.404],[33.052,51.397],[33.046,51.395],[33.044,51.397],[33.04,51.396],[33.042,51.394],[33.039,51.391],[33.044,51.386],[33.059,51.384],[33.063,51.38],[33.06,51.379],[33.06,51.371],[33.062,51.371],[33.083,51.369],[33.083,51.372],[33.086,51.373],[33.087,51.369],[33.09,51.368],[33.093,51.37],[33.095,51.368],[33.107,51.366],[33.112,51.37],[33.107,51.373],[33.109,51.375],[33.106,51.377],[33.11,51.38],[33.109,51.382],[33.099,51.386],[33.095,51.385],[33.091,51.388],[33.092,51.39],[33.111,51.389],[33.114,51.386],[33.117,51.387],[33.119,51.382],[33.123,51.381],[33.133,51.382],[33.132,51.394],[33.138,51.395],[33.135,51.4],[33.12,51.401],[33.119,51.404],[33.124,51.404],[33.135,51.417],[33.113,51.428],[33.124,51.461],[33.136,51.467],[33.131,51.479],[33.136,51.494],[33.137,51.495],[33.143,51.495],[33.143,51.497],[33.151,51.496],[33.152,51.494],[33.16,51.495],[33.174,51.5],[33.178,51.507],[33.192,51.506],[33.193,51.514],[33.194,51.523],[33.19,51.523],[33.186,51.53],[33.186,51.537],[33.182,51.54],[33.167,51.544],[33.166,51.552],[33.17,51.554],[33.157,51.556],[33.157,51.565],[33.161,51.566],[33.159,51.569],[33.192,51.573],[33.207,51.57],[33.214,51.578],[33.222,51.58],[33.212,51.582],[33.192,51.584],[33.177,51.597],[33.157,51.608],[33.155,51.607],[33.154,51.642],[33.138,51.64],[33.132,51.643],[33.129,51.642],[33.126,51.645],[33.125,51.65],[33.128,51.655],[33.134,51.66],[33.141,51.662],[33.14,51.664],[33.147,51.669],[33.14,51.673],[33.141,51.678],[33.16,51.678],[33.166,51.681],[33.162,51.683],[33.153,51.682],[33.147,51.684],[33.144,51.691],[33.145,51.692],[33.156,51.689],[33.165,51.692],[33.17,51.696],[33.17,51.7],[33.155,51.703],[33.147,51.715],[33.135,51.722],[33.14,51.725],[33.113,51.74],[33.103,51.746],[33.094,51.76],[33.098,51.762],[33.093,51.767],[33.092,51.775],[33.089,51.775],[33.085,51.769],[33.084,51.772],[33.079,51.773],[33.079,51.776],[33.085,51.781],[33.092,51.781],[33.09,51.785],[33.102,51.782],[33.1,51.785],[33.101,51.789],[33.108,51.792],[33.108,51.795],[33.112,51.797],[33.121,51.806],[33.122,51.811],[33.134,51.816],[33.143,51.814],[33.147,51.816],[33.145,51.828],[33.142,51.828],[33.14,51.833],[33.132,51.833],[33.129,51.835],[33.13,51.836],[33.128,51.842],[33.131,51.844],[33.129,51.846],[33.123,51.845],[33.125,51.855],[33.132,51.856],[33.124,51.861],[33.123,51.864],[33.127,51.865],[33.132,51.862],[33.134,51.862],[33.134,51.871],[33.137,51.873],[33.144,51.873],[33.142,51.876],[33.144,51.878],[33.161,51.881],[33.172,51.882],[33.18,51.886],[33.181,51.89],[33.179,51.896],[33.172,51.902],[33.177,51.906],[33.184,51.903],[33.188,51.912],[33.198,51.91],[33.213,51.913],[33.216,51.911],[33.216,51.906],[33.221,51.905],[33.224,51.906],[33.219,51.911],[33.22,51.913],[33.223,51.913],[33.23,51.909],[33.235,51.909],[33.239,51.916],[33.25,51.917],[33.246,51.919],[33.246,51.921],[33.253,51.923],[33.252,51.926],[33.258,51.924],[33.263,51.919],[33.266,51.92],[33.27,51.923],[33.288,51.923],[33.293,51.925],[33.297,51.935],[33.302,51.933],[33.316,51.937],[33.317,51.934],[33.327,51.933],[33.331,51.93],[33.353,51.93],[33.358,51.935],[33.36,51.946],[33.371,51.946],[33.37,51.95],[33.371,51.953],[33.378,51.955],[33.386,51.953],[33.394,51.955],[33.396,51.96],[33.384,51.972],[33.381,51.973],[33.372,51.971],[33.373,51.977],[33.371,51.979],[33.362,51.98],[33.35,51.984],[33.348,51.994],[33.349,51.999],[33.344,52],[33.337,52.006],[33.304,52.013],[33.304,52.015],[33.306,52.018],[33.309,52.015],[33.313,52.015],[33.318,52.017],[33.313,52.026],[33.317,52.032],[33.346,52.029],[33.35,52.031],[33.355,52.031],[33.365,52.04],[33.391,52.05],[33.402,52.051],[33.411,52.034],[33.429,52.026],[33.435,52.029],[33.439,52.033],[33.465,52.039],[33.5,52.038],[33.5,52.089],[33.492,52.087],[33.491,52.083],[33.46,52.087],[33.459,52.089],[33.438,52.088],[33.445,52.097],[33.433,52.109],[33.41,52.116],[33.417,52.123],[33.344,52.145],[33.336,52.144],[33.329,52.142],[33.331,52.139],[33.343,52.138],[33.343,52.135],[33.323,52.136],[33.328,52.155],[33.337,52.155],[33.337,52.162],[33.332,52.163],[33.333,52.166],[33.329,52.17],[33.324,52.17],[33.32,52.174],[33.316,52.176],[33.319,52.181],[33.318,52.183],[33.311,52.185],[33.315,52.185],[33.311,52.188],[33.312,52.19],[33.315,52.192],[33.319,52.19],[33.322,52.19],[33.322,52.194],[33.327,52.195],[33.327,52.198],[33.33,52.198],[33.332,52.201],[33.33,52.205],[33.325,52.209],[33.326,52.212],[33.317,52.213],[33.315,52.215],[33.324,52.222],[33.331,52.215],[33.335,52.216],[33.343,52.221],[33.353,52.221],[33.357,52.228],[33.366,52.233],[33.362,52.238],[33.366,52.242],[33.367,52.245],[33.361,52.246],[33.357,52.254],[33.358,52.258],[33.364,52.255],[33.369,52.259],[33.372,52.258],[33.381,52.265],[33.387,52.271],[33.386,52.273],[33.38,52.271],[33.384,52.274],[33.378,52.274],[33.377,52.276],[33.381,52.277],[33.383,52.276],[33.387,52.279],[33.386,52.28],[33.383,52.279],[33.386,52.281],[33.384,52.285],[33.386,52.289],[33.388,52.291],[33.393,52.291],[33.393,52.294],[33.387,52.297],[33.394,52.302],[33.4,52.299],[33.401,52.3],[33.402,52.304],[33.398,52.309],[33.388,52.311],[33.387,52.316],[33.401,52.313],[33.404,52.322],[33.415,52.325],[33.429,52.345],[33.447,52.342],[33.446,52.348],[33.439,52.353],[33.444,52.357],[33.452,52.357],[33.451,52.36],[33.455,52.365],[33.461,52.362],[33.464,52.363],[33.472,52.359],[33.489,52.358],[33.498,52.355],[33.51,52.358],[33.519,52.355],[33.519,52.352],[33.516,52.347],[33.52,52.343],[33.512,52.334],[33.49,52.329],[33.489,52.322],[33.481,52.316],[33.482,52.314],[33.488,52.311],[33.498,52.312],[33.505,52.306],[33.525,52.307],[33.531,52.305],[33.561,52.302],[33.565,52.31],[33.564,52.313],[33.551,52.319],[33.545,52.32],[33.544,52.324],[33.551,52.323],[33.562,52.319],[33.577,52.311],[33.582,52.311],[33.577,52.318],[33.587,52.322],[33.605,52.333],[33.626,52.338],[33.634,52.337],[33.639,52.34],[33.656,52.339],[33.664,52.344],[33.668,52.344],[33.68,52.348],[33.682,52.351],[33.678,52.352],[33.678,52.355],[33.682,52.357],[33.7,52.359],[33.708,52.363],[33.717,52.362],[33.724,52.353],[33.727,52.353],[33.748,52.357],[33.751,52.361],[33.788,52.366],[33.804,52.366],[33.819,52.363],[33.823,52.364],[33.836,52.361],[33.839,52.358],[33.838,52.35],[33.84,52.346],[33.844,52.345],[33.844,52.342],[33.855,52.333],[33.839,52.32],[33.876,52.306],[33.897,52.307],[33.905,52.302],[33.91,52.308],[33.922,52.305],[33.924,52.295],[33.933,52.29],[33.938,52.289],[33.944,52.283],[33.945,52.275],[33.94,52.266],[33.941,52.259],[33.937,52.25],[33.961,52.247],[33.962,52.246],[33.958,52.245],[33.958,52.242],[33.964,52.234],[33.969,52.234],[33.974,52.231],[33.982,52.234],[34.001,52.227],[34.002,52.224],[33.999,52.211],[34.016,52.202],[34.053,52.201],[34.053,52.197],[34.061,52.185],[34.065,52.183],[34.054,52.172],[34.059,52.167],[34.076,52.155],[34.089,52.155],[34.116,52.141],[34.113,52.138],[34.111,52.123],[34.099,52.112],[34.091,52.111],[34.087,52.109],[34.088,52.102],[34.1,52.093],[34.096,52.091],[34.094,52.085],[34.085,52.085],[34.063,52.073],[34.063,52.069],[34.081,52.071],[34.083,52.058],[34.088,52.054],[34.093,52.053],[34.094,52.047],[34.101,52.041],[34.093,52.036],[34.096,52.032],[34.094,52.029],[34.092,52.03],[34.097,52.004],[34.105,52.004],[34.112,52.006],[34.117,52.005],[34.126,52.006],[34.14,52],[34.135,51.989],[34.129,51.985],[34.137,51.973],[34.142,51.972],[34.143,51.968],[34.177,51.97],[34.19,51.969],[34.191,51.959],[34.198,51.95],[34.205,51.944],[34.203,51.941],[34.215,51.936],[34.226,51.928],[34.219,51.92],[34.233,51.913],[34.25,51.916],[34.261,51.909],[34.256,51.908],[34.255,51.905],[34.254,51.893],[34.258,51.889],[34.246,51.882],[34.263,51.878],[34.275,51.887],[34.303,51.887],[34.306,51.884],[34.317,51.881],[34.331,51.87],[34.363,51.859],[34.364,51.856],[34.369,51.851],[34.367,51.85],[34.368,51.846],[34.385,51.844],[34.391,51.835],[34.4,51.835],[34.415,51.825],[34.415,51.82],[34.411,51.818],[34.416,51.813],[34.417,51.808],[34.414,51.801],[34.408,51.794],[34.409,51.782],[34.425,51.774],[34.428,51.773],[34.431,51.767],[34.437,51.764],[34.436,51.762],[34.438,51.758],[34.435,51.75],[34.44,51.744],[34.436,51.733],[34.432,51.729],[34.425,51.728],[34.421,51.722],[34.414,51.722],[34.411,51.72],[34.408,51.72],[34.408,51.718],[34.401,51.717],[34.401,51.715],[34.391,51.718],[34.365,51.713],[34.354,51.713],[34.349,51.715],[34.339,51.714],[34.321,51.716],[34.309,51.72],[34.303,51.716],[34.297,51.708],[34.29,51.705],[34.28,51.706],[34.273,51.703],[34.265,51.704],[34.262,51.701],[34.251,51.702],[34.234,51.697],[34.221,51.703],[34.213,51.703],[34.205,51.694],[34.199,51.694],[34.196,51.697],[34.193,51.696],[34.191,51.698],[34.185,51.693],[34.164,51.689],[34.159,51.686],[34.154,51.69],[34.147,51.687],[34.142,51.691],[34.139,51.689],[34.128,51.689],[34.126,51.684],[34.122,51.686],[34.122,51.684],[34.115,51.685],[34.112,51.68],[34.102,51.678],[34.098,51.676],[34.097,51.672],[34.089,51.671],[34.081,51.666],[34.087,51.662],[34.093,51.662],[34.105,51.667],[34.106,51.657],[34.112,51.649],[34.13,51.649],[34.13,51.643],[34.142,51.644],[34.145,51.642],[34.153,51.643],[34.167,51.646],[34.18,51.624],[34.182,51.597],[34.211,51.6],[34.213,51.59],[34.215,51.589],[34.216,51.574],[34.224,51.576],[34.237,51.585],[34.249,51.576],[34.244,51.57],[34.257,51.56],[34.25,51.555],[34.256,51.548],[34.259,51.548],[34.26,51.533],[34.285,51.535],[34.285,51.533],[34.295,51.533],[34.296,51.524],[34.304,51.522],[34.308,51.519],[34.308,51.514],[34.304,51.511],[34.297,51.512],[34.29,51.51],[34.298,51.492],[34.291,51.487],[34.296,51.482],[34.282,51.473],[34.264,51.471],[34.265,51.47],[34.259,51.467],[34.257,51.461],[34.245,51.456],[34.246,51.451],[34.255,51.444],[34.255,51.44],[34.245,51.437],[34.246,51.432],[34.222,51.429],[34.227,51.422],[34.221,51.417],[34.227,51.409],[34.228,51.4],[34.237,51.399],[34.246,51.402],[34.249,51.401],[34.251,51.399],[34.259,51.395],[34.262,51.39],[34.272,51.383],[34.273,51.387],[34.278,51.386],[34.281,51.39],[34.293,51.388],[34.285,51.375],[34.298,51.374],[34.302,51.375],[34.301,51.378],[34.306,51.379],[34.307,51.373],[34.326,51.368],[34.331,51.368],[34.337,51.366],[34.336,51.363],[34.331,51.362],[34.338,51.359],[34.339,51.356],[34.334,51.351],[34.316,51.343],[34.319,51.338],[34.313,51.336],[34.317,51.331],[34.311,51.331],[34.308,51.336],[34.305,51.337],[34.3,51.335],[34.288,51.339],[34.281,51.335],[34.289,51.322],[34.282,51.32],[34.281,51.318],[34.282,51.311],[34.273,51.315],[34.267,51.299],[34.259,51.302],[34.255,51.299],[34.25,51.299],[34.25,51.297],[34.245,51.296],[34.245,51.294],[34.238,51.292],[34.243,51.285],[34.255,51.282],[34.252,51.275],[34.245,51.276],[34.232,51.273],[34.231,51.271],[34.234,51.27],[34.231,51.265],[34.244,51.263],[34.273,51.252],[34.284,51.25],[34.307,51.238],[34.331,51.24],[34.384,51.274],[34.401,51.271],[34.415,51.266],[34.426,51.268],[34.431,51.267],[34.433,51.265],[34.442,51.262],[34.446,51.262],[34.453,51.259],[34.457,51.254],[34.488,51.244],[34.513,51.242],[34.523,51.253],[34.541,51.252],[34.58,51.233],[34.599,51.247],[34.601,51.247],[34.6,51.252],[34.604,51.255],[34.61,51.251],[34.63,51.252],[34.655,51.247],[34.662,51.247],[34.668,51.198],[34.688,51.181],[34.706,51.175],[34.723,51.188],[34.737,51.179],[34.754,51.181],[34.76,51.177],[34.773,51.175],[34.779,51.178],[34.785,51.185],[34.801,51.175],[34.808,51.177],[34.809,51.172],[34.814,51.171],[34.817,51.169],[34.836,51.174],[34.835,51.183],[34.863,51.199],[34.872,51.192],[34.876,51.191],[34.884,51.196],[34.897,51.193],[34.905,51.199],[34.904,51.203],[34.908,51.205],[34.935,51.207],[34.939,51.21],[34.939,51.217],[34.945,51.219],[34.951,51.219],[34.951,51.227],[34.979,51.235],[34.982,51.231],[34.995,51.229],[35.005,51.232],[35.011,51.231],[35.023,51.221],[35.038,51.218],[35.04,51.204],[35.062,51.216],[35.062,51.224],[35.069,51.231],[35.076,51.232],[35.085,51.23],[35.106,51.233],[35.117,51.229],[35.12,51.231],[35.15,51.223],[35.151,51.221],[35.139,51.218],[35.138,51.209],[35.142,51.207],[35.143,51.203],[35.13,51.194],[35.131,51.174],[35.134,51.171],[35.123,51.165],[35.125,51.162],[35.14,51.152],[35.139,51.15],[35.135,51.149],[35.137,51.146],[35.136,51.145],[35.142,51.142],[35.144,51.137],[35.141,51.134],[35.167,51.126],[35.175,51.121],[35.168,51.119],[35.163,51.109],[35.165,51.101],[35.169,51.101],[35.17,51.103],[35.177,51.098],[35.174,51.088],[35.156,51.091],[35.148,51.082],[35.154,51.081],[35.158,51.082],[35.159,51.081],[35.163,51.084],[35.166,51.081],[35.166,51.077],[35.177,51.07],[35.183,51.062],[35.19,51.057],[35.19,51.054],[35.197,51.05],[35.2,51.053],[35.212,51.046],[35.222,51.051],[35.223,51.052],[35.226,51.052],[35.227,51.055],[35.25,51.064],[35.254,51.061],[35.258,51.061],[35.258,51.059],[35.266,51.063],[35.265,51.06],[35.267,51.058],[35.274,51.058],[35.273,51.059],[35.276,51.059],[35.276,51.063],[35.274,51.065],[35.275,51.066],[35.277,51.064],[35.282,51.068],[35.287,51.067],[35.288,51.069],[35.297,51.07],[35.298,51.072],[35.301,51.072],[35.301,51.073],[35.304,51.074],[35.304,51.078],[35.31,51.08],[35.311,51.082],[35.312,51.081],[35.315,51.087],[35.321,51.087],[35.322,51.082],[35.329,51.081],[35.326,51.074],[35.327,51.071],[35.35,51.062],[35.361,51.067],[35.373,51.066],[35.375,51.067],[35.387,51.053],[35.395,51.055],[35.406,51.048],[35.405,51.044],[35.408,51.043],[35.41,51.039],[35.403,51.039],[35.404,51.035],[35.4,51.034],[35.4,51.032],[35.403,51.032],[35.404,51.029],[35.408,51.029],[35.409,51.027],[35.404,51.023],[35.394,51.023],[35.394,51.02],[35.384,51.02],[35.383,51.013],[35.375,51.012],[35.374,51.009],[35.368,51.009],[35.358,51.006],[35.33,51.011],[35.323,51.014],[35.329,51.009],[35.331,51.002],[35.339,50.998],[35.329,50.996],[35.331,50.993],[35.343,50.988],[35.352,50.973],[35.343,50.967],[35.342,50.964],[35.336,50.963],[35.336,50.956],[35.33,50.952],[35.329,50.948],[35.326,50.947],[35.333,50.935],[35.344,50.935],[35.345,50.933],[35.354,50.932],[35.355,50.931],[35.373,50.932],[35.367,50.926],[35.374,50.923],[35.393,50.924],[35.392,50.92],[35.401,50.915],[35.402,50.91],[35.397,50.909],[35.397,50.907],[35.403,50.903],[35.38,50.896],[35.388,50.886],[35.402,50.88],[35.388,50.875],[35.382,50.87],[35.385,50.868],[35.395,50.865],[35.402,50.865],[35.406,50.863],[35.419,50.844],[35.42,50.827],[35.41,50.808],[35.411,50.803],[35.415,50.799],[35.433,50.794],[35.45,50.783],[35.455,50.782],[35.475,50.785],[35.489,50.777],[35.473,50.755],[35.476,50.752],[35.47,50.747],[35.47,50.744],[35.474,50.74],[35.472,50.737],[35.464,50.735],[35.473,50.726],[35.467,50.717],[35.467,50.71],[35.46,50.705],[35.462,50.703],[35.461,50.697],[35.463,50.694],[35.459,50.689],[35.464,50.684],[35.472,50.68],[35.481,50.681],[35.496,50.679],[35.487,50.671],[35.489,50.659],[35.486,50.656],[35.463,50.666],[35.427,50.655],[35.401,50.656],[35.393,50.65],[35.392,50.642],[35.402,50.632],[35.413,50.613],[35.416,50.616],[35.421,50.616],[35.419,50.609],[35.426,50.603],[35.421,50.6],[35.4,50.59],[35.39,50.58],[35.428,50.562],[35.439,50.544],[35.439,50.54],[35.435,50.536],[35.436,50.53],[35.445,50.529],[35.445,50.523],[35.458,50.513],[35.459,50.509],[35.457,50.506],[35.459,50.504],[35.463,50.505],[35.476,50.489],[35.502,50.481],[35.51,50.476],[35.533,50.465],[35.538,50.461],[35.537,50.46],[35.549,50.457],[35.553,50.458],[35.555,50.454],[35.559,50.454],[35.564,50.451],[35.57,50.455],[35.568,50.455],[35.572,50.456],[35.571,50.458],[35.568,50.458],[35.562,50.456],[35.562,50.459],[35.57,50.464],[35.579,50.453],[35.586,50.448],[35.587,50.431],[35.584,50.43],[35.584,50.393],[35.594,50.393],[35.598,50.383],[35.612,50.375],[35.601,50.367],[35.626,50.352],[35.628,50.354],[35.658,50.351],[35.654,50.347],[35.68,50.343],[35.682,50.348],[35.693,50.346],[35.689,50.335],[35.683,50.335],[35.682,50.331],[35.678,50.331],[35.673,50.326],[35.66,50.327],[35.656,50.312],[35.651,50.313],[35.65,50.31],[35.636,50.313],[35.637,50.315],[35.624,50.32],[35.623,50.321],[35.63,50.324],[35.612,50.326],[35.594,50.331],[35.573,50.32],[35.559,50.321],[35.516,50.317],[35.535,50.302],[35.534,50.298],[35.531,50.298],[35.531,50.294],[35.53,50.293],[35.528,50.295],[35.524,50.29],[35.504,50.3],[35.496,50.293],[35.458,50.31],[35.46,50.315],[35.439,50.317],[35.436,50.322],[35.423,50.335],[35.419,50.33],[35.415,50.328],[35.415,50.326],[35.41,50.322],[35.41,50.321],[35.397,50.319],[35.379,50.321],[35.38,50.311],[35.385,50.306],[35.382,50.294],[35.33,50.319],[35.319,50.314],[35.321,50.312],[35.297,50.29],[35.325,50.278],[35.331,50.277],[35.33,50.274],[35.316,50.271],[35.3,50.263],[35.266,50.265],[35.26,50.257],[35.263,50.248],[35.259,50.243],[35.26,50.234],[35.238,50.236],[35.235,50.228],[35.199,50.235],[35.2,50.238],[35.198,50.238],[35.193,50.228],[35.148,50.242],[35.128,50.227],[35.105,50.214],[35.09,50.212],[35.07,50.206],[35.077,50.201],[35.07,50.197],[35.072,50.196],[35.068,50.19],[35.063,50.186],[35.064,50.183],[35.059,50.185],[35.041,50.165],[35.03,50.166],[35.033,50.173],[35.031,50.179],[35.033,50.18],[35.008,50.185],[35.005,50.178],[35.005,50.181],[35.002,50.181],[35.002,50.183],[34.994,50.184],[34.976,50.182],[34.961,50.186],[34.973,50.164],[34.974,50.159],[34.964,50.156],[34.941,50.153],[34.901,50.16],[34.854,50.163],[34.848,50.166],[34.843,50.16],[34.832,50.156],[34.825,50.16],[34.799,50.16],[34.801,50.155],[34.782,50.153],[34.766,50.146],[34.75,50.146],[34.745,50.144],[34.74,50.145],[34.75,50.154],[34.749,50.156],[34.75,50.158],[34.734,50.161],[34.724,50.158],[34.719,50.151],[34.707,50.152],[34.7,50.15],[34.703,50.135],[34.702,50.133],[34.696,50.133],[34.698,50.122],[34.697,50.115],[34.7,50.112],[34.692,50.11],[34.677,50.111],[34.68,50.115],[34.676,50.119],[34.675,50.126],[34.681,50.131],[34.677,50.134],[34.672,50.133],[34.675,50.13],[34.671,50.127],[34.667,50.117],[34.663,50.115],[34.665,50.111],[34.661,50.111],[34.657,50.111],[34.657,50.114],[34.654,50.115],[34.651,50.113],[34.641,50.115],[34.632,50.112],[34.624,50.117],[34.617,50.118],[34.6,50.122],[34.599,50.122],[34.593,50.127],[34.58,50.128],[34.581,50.125],[34.576,50.122],[34.573,50.121],[34.551,50.132],[34.546,50.132],[34.547,50.14],[34.539,50.141],[34.538,50.154],[34.527,50.154],[34.534,50.171],[34.526,50.172],[34.523,50.177],[34.554,50.206],[34.558,50.207],[34.571,50.227],[34.563,50.236],[34.559,50.234],[34.563,50.231],[34.561,50.229],[34.558,50.23],[34.555,50.234],[34.555,50.24],[34.552,50.246],[34.546,50.244],[34.543,50.248],[34.529,50.249],[34.529,50.247],[34.534,50.246],[34.535,50.244],[34.527,50.241],[34.526,50.243],[34.516,50.248],[34.514,50.255],[34.517,50.255],[34.519,50.252],[34.519,50.254],[34.523,50.255],[34.523,50.257],[34.52,50.258],[34.521,50.263],[34.514,50.27],[34.516,50.273],[34.512,50.275],[34.519,50.281],[34.508,50.285],[34.464,50.289],[34.457,50.285],[34.4,50.318],[34.411,50.333],[34.411,50.337],[34.392,50.345],[34.383,50.352],[34.384,50.356],[34.377,50.358],[34.39,50.367],[34.374,50.372],[34.369,50.377],[34.367,50.376],[34.364,50.377],[34.343,50.39],[34.288,50.413],[34.279,50.421],[34.272,50.432],[34.265,50.432],[34.252,50.441],[34.249,50.46],[34.255,50.489],[34.248,50.519],[34.245,50.524],[34.229,50.527],[34.219,50.534],[34.205,50.524],[34.196,50.523],[34.188,50.525],[34.171,50.525],[34.161,50.523],[34.155,50.519],[34.153,50.52],[34.138,50.513],[34.12,50.51],[34.118,50.492],[34.109,50.481],[34.104,50.482],[34.099,50.481],[34.084,50.488],[34.092,50.491],[34.106,50.504],[34.088,50.509],[34.087,50.511],[34.072,50.515],[34.071,50.516],[34.063,50.517],[34.054,50.513],[34.058,50.51],[34.057,50.509],[34.059,50.508],[34.057,50.506],[34.049,50.51],[34.041,50.506],[34.033,50.505],[34.028,50.5],[34.032,50.509],[34.03,50.512],[34.02,50.512],[34.006,50.52],[34.008,50.521],[33.955,50.547],[33.917,50.516],[33.913,50.515],[33.907,50.516],[33.897,50.523],[33.892,50.533],[33.879,50.53],[33.877,50.533],[33.839,50.522],[33.842,50.52],[33.84,50.519],[33.821,50.515],[33.819,50.517],[33.811,50.515],[33.815,50.508],[33.821,50.509],[33.822,50.507],[33.832,50.507],[33.843,50.505],[33.852,50.501],[33.846,50.492],[33.843,50.491],[33.839,50.493],[33.826,50.488],[33.83,50.482],[33.806,50.478],[33.788,50.478],[33.789,50.469],[33.785,50.463],[33.786,50.461],[33.762,50.461],[33.752,50.459],[33.735,50.459],[33.716,50.468],[33.621,50.482],[33.613,50.484],[33.612,50.487],[33.589,50.492],[33.582,50.491],[33.572,50.495],[33.564,50.493],[33.563,50.489],[33.538,50.49],[33.538,50.485],[33.532,50.481],[33.527,50.482],[33.525,50.48],[33.515,50.483],[33.504,50.493],[33.503,50.495],[33.505,50.497],[33.501,50.498],[33.486,50.482],[33.478,50.483],[33.478,50.489],[33.464,50.493],[33.433,50.485],[33.438,50.479],[33.434,50.476],[33.42,50.483],[33.42,50.491],[33.415,50.492],[33.413,50.5],[33.375,50.497],[33.375,50.521],[33.318,50.52],[33.317,50.533],[33.299,50.535],[33.291,50.545],[33.284,50.546],[33.282,50.551],[33.268,50.554],[33.263,50.548],[33.26,50.549],[33.257,50.544],[33.25,50.541],[33.248,50.542],[33.244,50.538],[33.243,50.53],[33.239,50.519],[33.234,50.515],[33.238,50.51],[33.226,50.51],[33.221,50.503],[33.214,50.507],[33.193,50.508],[33.182,50.517],[33.179,50.521],[33.173,50.523],[33.167,50.521],[33.153,50.521],[33.146,50.511],[33.134,50.511],[33.13,50.512],[33.119,50.505],[33.102,50.517],[33.069,50.518],[33.066,50.52]]]}},{"type":"Feature","properties":{"iso":"UA-63","name":"Харківська обл.","excluded":false},"geometry":{"type":"Polygon","coordinates":[[[34.941,50.153],[34.964,50.156],[34.974,50.159],[34.973,50.164],[34.961,50.186],[34.976,50.182],[34.994,50.184],[35.002,50.183],[35.002,50.181],[35.005,50.181],[35.005,50.178],[35.008,50.185],[35.033,50.18],[35.031,50.179],[35.033,50.173],[35.03,50.166],[35.041,50.165],[35.059,50.185],[35.064,50.183],[35.063,50.186],[35.068,50.19],[35.072,50.196],[35.07,50.197],[35.077,50.201],[35.07,50.206],[35.09,50.212],[35.105,50.214],[35.128,50.227],[35.148,50.242],[35.193,50.228],[35.198,50.238],[35.2,50.238],[35.199,50.235],[35.235,50.228],[35.238,50.236],[35.26,50.234],[35.259,50.243],[35.263,50.248],[35.26,50.257],[35.266,50.265],[35.3,50.263],[35.316,50.271],[35.33,50.274],[35.331,50.277],[35.325,50.278],[35.297,50.29],[35.321,50.312],[35.319,50.314],[35.33,50.319],[35.382,50.294],[35.385,50.306],[35.38,50.311],[35.379,50.321],[35.397,50.319],[35.41,50.321],[35.41,50.322],[35.415,50.326],[35.415,50.328],[35.419,50.33],[35.423,50.335],[35.436,50.322],[35.439,50.317],[35.46,50.315],[35.458,50.31],[35.496,50.293],[35.504,50.3],[35.524,50.29],[35.528,50.295],[35.53,50.293],[35.531,50.294],[35.531,50.298],[35.534,50.298],[35.535,50.302],[35.516,50.317],[35.559,50.321],[35.573,50.32],[35.594,50.331],[35.612,50.326],[35.63,50.324],[35.623,50.321],[35.624,50.32],[35.637,50.315],[35.636,50.313],[35.65,50.31],[35.651,50.313],[35.656,50.312],[35.66,50.327],[35.673,50.326],[35.678,50.331],[35.682,50.331],[35.683,50.335],[35.689,50.335],[35.693,50.346],[35.682,50.348],[35.68,50.343],[35.654,50.347],[35.658,50.351],[35.673,50.355],[35.738,50.354],[35.757,50.368],[35.793,50.39],[35.802,50.397],[35.807,50.405],[35.807,50.411],[35.799,50.411],[35.794,50.414],[35.832,50.434],[35.835,50.425],[35.856,50.429],[35.872,50.422],[35.89,50.439],[35.906,50.438],[35.912,50.434],[35.921,50.437],[35.933,50.431],[35.937,50.431],[35.938,50.434],[35.951,50.435],[35.956,50.434],[35.961,50.436],[35.968,50.435],[35.973,50.438],[35.975,50.441],[35.998,50.443],[36.004,50.445],[36.019,50.445],[36.034,50.447],[36.039,50.45],[36.068,50.451],[36.07,50.446],[36.087,50.448],[36.093,50.445],[36.115,50.439],[36.138,50.438],[36.161,50.432],[36.171,50.409],[36.178,50.402],[36.185,50.406],[36.193,50.404],[36.206,50.394],[36.211,50.387],[36.221,50.378],[36.231,50.372],[36.233,50.364],[36.243,50.358],[36.255,50.355],[36.284,50.336],[36.273,50.323],[36.28,50.323],[36.276,50.316],[36.285,50.305],[36.286,50.299],[36.299,50.299],[36.296,50.292],[36.363,50.288],[36.379,50.293],[36.374,50.3],[36.4,50.307],[36.407,50.31],[36.424,50.328],[36.433,50.331],[36.44,50.311],[36.473,50.313],[36.488,50.311],[36.489,50.306],[36.495,50.303],[36.496,50.303],[36.502,50.299],[36.511,50.295],[36.526,50.294],[36.523,50.289],[36.524,50.286],[36.536,50.284],[36.556,50.281],[36.562,50.285],[36.585,50.286],[36.59,50.279],[36.594,50.278],[36.594,50.275],[36.574,50.274],[36.581,50.262],[36.575,50.26],[36.578,50.259],[36.569,50.257],[36.56,50.251],[36.584,50.236],[36.599,50.231],[36.597,50.229],[36.613,50.224],[36.615,50.227],[36.618,50.227],[36.64,50.222],[36.649,50.218],[36.664,50.222],[36.68,50.238],[36.684,50.252],[36.693,50.269],[36.701,50.264],[36.704,50.265],[36.706,50.269],[36.72,50.277],[36.729,50.277],[36.74,50.283],[36.745,50.282],[36.744,50.28],[36.749,50.28],[36.751,50.283],[36.748,50.288],[36.755,50.29],[36.772,50.289],[36.764,50.292],[36.768,50.302],[36.8,50.306],[36.81,50.312],[36.833,50.313],[36.852,50.328],[36.87,50.336],[36.87,50.338],[36.882,50.338],[36.883,50.339],[36.887,50.338],[36.916,50.347],[36.938,50.35],[37.038,50.349],[37.045,50.345],[37.059,50.347],[37.071,50.347],[37.102,50.351],[37.105,50.352],[37.105,50.353],[37.103,50.357],[37.138,50.361],[37.148,50.356],[37.153,50.356],[37.182,50.363],[37.215,50.375],[37.223,50.378],[37.222,50.379],[37.256,50.393],[37.258,50.391],[37.264,50.394],[37.292,50.401],[37.299,50.406],[37.309,50.426],[37.319,50.433],[37.327,50.435],[37.333,50.437],[37.352,50.437],[37.378,50.433],[37.397,50.431],[37.413,50.433],[37.421,50.435],[37.432,50.443],[37.469,50.454],[37.477,50.459],[37.491,50.457],[37.484,50.445],[37.485,50.435],[37.478,50.431],[37.465,50.431],[37.463,50.423],[37.466,50.406],[37.466,50.38],[37.472,50.369],[37.485,50.357],[37.505,50.352],[37.508,50.347],[37.521,50.337],[37.556,50.33],[37.577,50.307],[37.586,50.314],[37.595,50.316],[37.609,50.317],[37.63,50.314],[37.636,50.311],[37.638,50.303],[37.626,50.293],[37.627,50.263],[37.626,50.245],[37.627,50.241],[37.614,50.22],[37.615,50.216],[37.627,50.204],[37.643,50.191],[37.639,50.18],[37.641,50.176],[37.644,50.174],[37.647,50.174],[37.652,50.17],[37.655,50.166],[37.665,50.159],[37.669,50.153],[37.691,50.142],[37.702,50.134],[37.71,50.134],[37.707,50.128],[37.726,50.107],[37.743,50.094],[37.755,50.078],[37.797,50.084],[37.825,50.068],[37.851,50.058],[37.864,50.054],[37.893,50.051],[37.927,50.034],[37.965,49.979],[37.981,49.977],[37.999,49.964],[38.005,49.967],[38.044,49.933],[38.021,49.926],[38.024,49.92],[38.021,49.919],[38.023,49.916],[38.022,49.909],[38.033,49.9],[38.067,49.865],[38.094,49.846],[38.081,49.838],[38.074,49.837],[38.059,49.837],[38.045,49.839],[38.018,49.838],[38.02,49.835],[38.01,49.813],[38.029,49.804],[38.039,49.796],[38.056,49.792],[38.054,49.784],[38.036,49.784],[38.034,49.778],[38.024,49.775],[38.025,49.773],[38.012,49.766],[38.01,49.757],[37.998,49.753],[37.989,49.753],[37.988,49.755],[37.984,49.756],[37.98,49.766],[37.977,49.767],[37.968,49.759],[37.951,49.731],[37.96,49.717],[37.974,49.709],[37.991,49.716],[37.997,49.713],[38.009,49.715],[38.017,49.714],[38.018,49.706],[38,49.701],[38.007,49.695],[38.014,49.696],[38.015,49.686],[38.011,49.685],[38.015,49.683],[38.015,49.679],[38.012,49.679],[38.013,49.677],[38.02,49.677],[38.023,49.672],[38.031,49.668],[38.031,49.665],[38.028,49.663],[38.034,49.659],[38.037,49.662],[38.047,49.657],[37.998,49.649],[37.986,49.644],[37.989,49.64],[37.99,49.635],[37.997,49.632],[37.997,49.628],[37.979,49.626],[37.975,49.613],[37.945,49.612],[37.942,49.596],[37.941,49.594],[37.935,49.594],[37.938,49.585],[37.952,49.575],[37.954,49.569],[37.924,49.57],[37.923,49.568],[37.904,49.571],[37.901,49.573],[37.885,49.549],[37.928,49.548],[37.927,49.542],[37.918,49.533],[37.906,49.529],[37.883,49.519],[37.847,49.52],[37.842,49.508],[37.845,49.502],[37.839,49.493],[37.851,49.487],[37.845,49.446],[37.876,49.447],[37.875,49.436],[37.88,49.436],[37.877,49.419],[37.88,49.416],[37.877,49.413],[37.879,49.413],[37.882,49.415],[37.896,49.404],[37.885,49.351],[37.887,49.342],[37.884,49.342],[37.877,49.328],[37.884,49.319],[37.883,49.313],[37.946,49.303],[37.959,49.285],[37.945,49.281],[37.913,49.277],[37.899,49.27],[37.911,49.259],[37.895,49.256],[37.896,49.253],[37.88,49.248],[37.866,49.246],[37.874,49.234],[37.862,49.233],[37.852,49.222],[37.85,49.222],[37.847,49.205],[37.844,49.204],[37.843,49.201],[37.825,49.203],[37.825,49.206],[37.811,49.206],[37.798,49.209],[37.798,49.202],[37.712,49.22],[37.614,49.233],[37.597,49.23],[37.569,49.231],[37.557,49.224],[37.549,49.213],[37.529,49.207],[37.513,49.2],[37.508,49.191],[37.503,49.187],[37.505,49.185],[37.501,49.18],[37.509,49.18],[37.524,49.176],[37.543,49.169],[37.555,49.166],[37.564,49.149],[37.563,49.146],[37.56,49.145],[37.551,49.149],[37.542,49.145],[37.553,49.141],[37.563,49.133],[37.57,49.135],[37.585,49.126],[37.547,49.112],[37.498,49.104],[37.495,49.105],[37.487,49.1],[37.496,49.093],[37.502,49.092],[37.499,49.089],[37.507,49.081],[37.508,49.076],[37.505,49.07],[37.492,49.066],[37.491,49.063],[37.48,49.057],[37.468,49.055],[37.465,49.062],[37.46,49.056],[37.458,49.057],[37.451,49.053],[37.45,49.061],[37.444,49.057],[37.438,49.061],[37.43,49.06],[37.418,49.063],[37.406,49.052],[37.395,49.051],[37.385,49.048],[37.388,49.039],[37.385,49.034],[37.391,49.026],[37.376,49.027],[37.371,49.005],[37.373,48.999],[37.361,48.998],[37.345,49.003],[37.335,48.994],[37.321,48.99],[37.314,48.99],[37.313,48.987],[37.324,48.985],[37.323,48.983],[37.316,48.984],[37.315,48.977],[37.313,48.977],[37.313,48.98],[37.31,48.98],[37.307,48.981],[37.302,48.976],[37.297,48.975],[37.299,48.972],[37.295,48.971],[37.295,48.968],[37.3,48.967],[37.308,48.969],[37.31,48.967],[37.304,48.966],[37.304,48.964],[37.311,48.957],[37.32,48.957],[37.32,48.953],[37.308,48.951],[37.308,48.945],[37.311,48.942],[37.321,48.938],[37.327,48.938],[37.327,48.942],[37.333,48.941],[37.327,48.937],[37.329,48.935],[37.333,48.935],[37.328,48.922],[37.313,48.923],[37.299,48.92],[37.299,48.923],[37.269,48.923],[37.267,48.906],[37.245,48.909],[37.244,48.906],[37.223,48.909],[37.224,48.904],[37.214,48.893],[37.211,48.888],[37.198,48.882],[37.193,48.881],[37.189,48.872],[37.195,48.85],[37.192,48.814],[37.157,48.824],[37.151,48.832],[37.14,48.833],[37.146,48.842],[37.138,48.844],[37.135,48.843],[37.099,48.851],[37.078,48.818],[37.067,48.817],[37.066,48.814],[37.044,48.815],[37.024,48.818],[37.019,48.802],[37.007,48.803],[37.005,48.797],[36.995,48.787],[37.023,48.775],[37.023,48.767],[37.043,48.766],[37.036,48.746],[37.031,48.75],[37.02,48.756],[37.018,48.76],[37.008,48.765],[37.002,48.766],[36.999,48.77],[36.989,48.775],[36.976,48.79],[36.966,48.793],[36.946,48.796],[36.932,48.793],[36.921,48.795],[36.921,48.798],[36.854,48.8],[36.839,48.776],[36.841,48.773],[36.821,48.771],[36.816,48.777],[36.788,48.78],[36.792,48.786],[36.783,48.789],[36.791,48.801],[36.763,48.797],[36.735,48.804],[36.72,48.806],[36.705,48.788],[36.695,48.779],[36.689,48.776],[36.691,48.77],[36.709,48.767],[36.718,48.745],[36.712,48.744],[36.726,48.714],[36.736,48.704],[36.728,48.693],[36.726,48.694],[36.718,48.694],[36.712,48.692],[36.717,48.69],[36.719,48.688],[36.72,48.684],[36.716,48.68],[36.718,48.677],[36.716,48.674],[36.721,48.673],[36.725,48.67],[36.726,48.666],[36.722,48.663],[36.725,48.662],[36.73,48.657],[36.723,48.654],[36.728,48.652],[36.729,48.647],[36.734,48.647],[36.739,48.626],[36.704,48.622],[36.703,48.628],[36.672,48.625],[36.674,48.618],[36.654,48.616],[36.655,48.61],[36.591,48.603],[36.59,48.608],[36.581,48.607],[36.579,48.616],[36.563,48.617],[36.562,48.623],[36.558,48.623],[36.483,48.664],[36.447,48.632],[36.423,48.635],[36.419,48.634],[36.443,48.629],[36.429,48.616],[36.44,48.614],[36.446,48.615],[36.446,48.614],[36.439,48.612],[36.427,48.614],[36.424,48.612],[36.381,48.57],[36.392,48.565],[36.355,48.532],[36.35,48.535],[36.355,48.54],[36.324,48.556],[36.296,48.531],[36.271,48.544],[36.319,48.587],[36.265,48.613],[36.252,48.621],[36.252,48.625],[36.259,48.624],[36.263,48.628],[36.262,48.631],[36.269,48.637],[36.265,48.639],[36.269,48.64],[36.266,48.648],[36.268,48.649],[36.267,48.649],[36.282,48.656],[36.283,48.659],[36.269,48.667],[36.268,48.666],[36.267,48.663],[36.258,48.667],[36.143,48.724],[36.162,48.749],[36.14,48.766],[36.159,48.768],[36.153,48.781],[36.159,48.784],[36.129,48.806],[36.123,48.805],[36.124,48.809],[36.107,48.809],[36.103,48.806],[36.092,48.809],[36.089,48.808],[36.083,48.809],[36.074,48.808],[36.072,48.809],[36.065,48.808],[36.066,48.813],[36.071,48.819],[36.069,48.823],[36.07,48.827],[36.074,48.83],[36.076,48.83],[36.076,48.833],[36.053,48.844],[36.041,48.844],[36.019,48.855],[36.04,48.874],[36.012,48.888],[36.044,48.915],[35.996,48.939],[36.004,48.946],[35.977,48.96],[35.989,48.969],[35.94,48.999],[35.935,48.994],[35.938,48.991],[35.938,48.987],[35.934,48.981],[35.931,48.98],[35.932,48.979],[35.94,48.979],[35.943,48.977],[35.938,48.974],[35.939,48.971],[35.929,48.975],[35.923,48.974],[35.918,48.969],[35.915,48.968],[35.909,48.972],[35.905,48.973],[35.897,48.972],[35.884,48.975],[35.879,48.963],[35.855,48.958],[35.857,48.945],[35.852,48.945],[35.844,48.948],[35.835,48.947],[35.83,48.95],[35.82,48.94],[35.814,48.942],[35.81,48.941],[35.809,48.939],[35.815,48.93],[35.807,48.927],[35.8,48.928],[35.792,48.935],[35.792,48.939],[35.797,48.939],[35.801,48.942],[35.8,48.944],[35.795,48.944],[35.79,48.946],[35.792,48.953],[35.789,48.954],[35.784,48.955],[35.781,48.95],[35.775,48.949],[35.769,48.953],[35.76,48.955],[35.757,48.952],[35.76,48.949],[35.752,48.947],[35.74,48.949],[35.738,48.952],[35.74,48.955],[35.736,48.959],[35.739,48.962],[35.736,48.966],[35.733,48.967],[35.728,48.964],[35.724,48.967],[35.719,48.964],[35.716,48.962],[35.717,48.96],[35.712,48.958],[35.716,48.954],[35.713,48.949],[35.702,48.946],[35.698,48.949],[35.698,48.943],[35.696,48.943],[35.692,48.945],[35.69,48.95],[35.696,48.954],[35.693,48.958],[35.697,48.964],[35.695,48.967],[35.686,48.97],[35.685,48.972],[35.677,48.971],[35.674,48.972],[35.669,48.972],[35.664,48.968],[35.66,48.975],[35.657,48.973],[35.648,48.974],[35.644,48.969],[35.645,48.968],[35.644,48.967],[35.629,48.967],[35.625,48.972],[35.629,48.981],[35.626,48.983],[35.603,48.981],[35.598,48.983],[35.596,48.987],[35.59,48.985],[35.584,48.987],[35.585,48.982],[35.581,48.98],[35.578,48.975],[35.573,48.974],[35.57,48.979],[35.561,48.974],[35.558,48.977],[35.554,48.976],[35.547,48.977],[35.541,48.978],[35.538,48.982],[35.53,48.982],[35.531,48.978],[35.513,48.981],[35.509,48.984],[35.508,48.982],[35.502,48.978],[35.496,48.978],[35.486,48.973],[35.484,48.974],[35.486,48.976],[35.485,48.978],[35.489,48.979],[35.489,48.98],[35.486,48.981],[35.478,48.979],[35.474,48.981],[35.474,48.984],[35.469,48.988],[35.458,48.988],[35.456,48.99],[35.46,48.996],[35.459,48.997],[35.452,48.999],[35.45,48.998],[35.447,49.001],[35.443,49.001],[35.436,49.004],[35.435,49.007],[35.439,49.011],[35.43,49.014],[35.427,49.011],[35.423,49.014],[35.42,49.013],[35.416,49.015],[35.411,49.012],[35.409,49.013],[35.4,49.019],[35.405,49.019],[35.403,49.024],[35.406,49.027],[35.405,49.028],[35.402,49.028],[35.401,49.03],[35.386,49.027],[35.378,49.033],[35.375,49.032],[35.366,49.037],[35.365,49.041],[35.352,49.041],[35.342,49.046],[35.338,49.05],[35.343,49.051],[35.344,49.054],[35.336,49.058],[35.335,49.061],[35.329,49.062],[35.327,49.064],[35.323,49.062],[35.316,49.068],[35.313,49.067],[35.302,49.069],[35.305,49.073],[35.308,49.073],[35.307,49.076],[35.311,49.076],[35.313,49.078],[35.311,49.088],[35.307,49.092],[35.305,49.092],[35.301,49.089],[35.293,49.095],[35.292,49.094],[35.287,49.094],[35.283,49.091],[35.283,49.095],[35.281,49.096],[35.279,49.091],[35.276,49.091],[35.269,49.096],[35.268,49.105],[35.259,49.106],[35.258,49.113],[35.247,49.112],[35.243,49.114],[35.238,49.114],[35.237,49.11],[35.228,49.101],[35.227,49.101],[35.227,49.102],[35.223,49.102],[35.222,49.105],[35.218,49.107],[35.205,49.109],[35.196,49.108],[35.19,49.11],[35.191,49.115],[35.193,49.114],[35.198,49.118],[35.208,49.118],[35.211,49.125],[35.215,49.126],[35.225,49.124],[35.228,49.127],[35.2,49.136],[35.197,49.139],[35.19,49.138],[35.191,49.14],[35.191,49.142],[35.189,49.142],[35.191,49.144],[35.188,49.145],[35.19,49.148],[35.198,49.15],[35.209,49.15],[35.21,49.151],[35.208,49.154],[35.199,49.156],[35.188,49.163],[35.177,49.159],[35.173,49.162],[35.162,49.161],[35.154,49.155],[35.154,49.154],[35.157,49.155],[35.155,49.153],[35.144,49.15],[35.132,49.154],[35.132,49.156],[35.137,49.157],[35.137,49.159],[35.128,49.161],[35.13,49.159],[35.127,49.159],[35.123,49.161],[35.124,49.164],[35.122,49.164],[35.12,49.163],[35.122,49.162],[35.11,49.157],[35.106,49.157],[35.105,49.158],[35.095,49.155],[35.094,49.154],[35.096,49.154],[35.092,49.151],[35.087,49.15],[35.087,49.144],[35.092,49.143],[35.087,49.141],[35.083,49.142],[35.079,49.148],[35.076,49.149],[35.075,49.154],[35.08,49.156],[35.081,49.161],[35.08,49.162],[35.072,49.159],[35.069,49.165],[35.076,49.17],[35.061,49.174],[35.061,49.176],[35.057,49.175],[35.057,49.176],[35.053,49.177],[35.048,49.174],[35.05,49.166],[35.043,49.155],[35.018,49.151],[34.98,49.25],[35.006,49.302],[35.011,49.3],[35.024,49.317],[35.019,49.318],[35.024,49.325],[35.037,49.332],[35.076,49.318],[35.08,49.309],[35.091,49.301],[35.096,49.302],[35.099,49.301],[35.108,49.3],[35.114,49.302],[35.125,49.303],[35.171,49.296],[35.215,49.296],[35.217,49.298],[35.241,49.297],[35.263,49.289],[35.258,49.282],[35.271,49.277],[35.273,49.284],[35.279,49.284],[35.277,49.288],[35.28,49.289],[35.279,49.292],[35.288,49.296],[35.279,49.318],[35.339,49.365],[35.319,49.375],[35.341,49.391],[35.358,49.382],[35.375,49.398],[35.348,49.405],[35.364,49.447],[35.354,49.447],[35.348,49.451],[35.316,49.456],[35.331,49.495],[35.327,49.496],[35.332,49.505],[35.462,49.484],[35.463,49.487],[35.481,49.484],[35.491,49.508],[35.485,49.517],[35.429,49.527],[35.433,49.54],[35.425,49.541],[35.427,49.55],[35.409,49.552],[35.405,49.555],[35.406,49.56],[35.41,49.562],[35.475,49.566],[35.475,49.568],[35.486,49.572],[35.465,49.603],[35.452,49.631],[35.441,49.644],[35.426,49.656],[35.424,49.664],[35.434,49.666],[35.433,49.673],[35.426,49.673],[35.42,49.671],[35.391,49.67],[35.391,49.667],[35.345,49.665],[35.331,49.681],[35.299,49.687],[35.265,49.685],[35.244,49.694],[35.256,49.709],[35.255,49.711],[35.251,49.711],[35.245,49.71],[35.242,49.713],[35.249,49.715],[35.252,49.713],[35.257,49.715],[35.265,49.715],[35.259,49.733],[35.223,49.737],[35.208,49.747],[35.211,49.749],[35.21,49.753],[35.205,49.756],[35.206,49.764],[35.212,49.772],[35.206,49.782],[35.211,49.789],[35.201,49.795],[35.2,49.796],[35.204,49.797],[35.2,49.8],[35.204,49.801],[35.206,49.804],[35.21,49.806],[35.213,49.803],[35.219,49.804],[35.222,49.807],[35.217,49.811],[35.216,49.818],[35.219,49.83],[35.209,49.834],[35.196,49.836],[35.199,49.84],[35.168,49.848],[35.164,49.853],[35.14,49.86],[35.131,49.855],[35.119,49.851],[35.105,49.858],[35.095,49.859],[35.085,49.86],[35.074,49.858],[35.068,49.859],[35.047,49.872],[35.056,49.874],[35.054,49.881],[35.063,49.882],[35.064,49.885],[35.034,49.887],[35.014,49.876],[34.98,49.89],[34.971,49.885],[34.958,49.891],[34.939,49.903],[34.912,49.935],[34.893,49.932],[34.878,49.944],[34.873,49.945],[34.868,49.948],[34.859,49.95],[34.863,49.954],[34.87,49.956],[34.87,49.957],[34.867,49.958],[34.856,49.987],[34.864,49.991],[34.881,50.006],[34.902,50.032],[34.934,50.055],[34.938,50.062],[34.965,50.075],[34.962,50.081],[34.957,50.082],[34.956,50.093],[34.95,50.094],[34.949,50.097],[34.937,50.096],[34.933,50.135],[34.941,50.153]]]}},{"type":"Feature","properties":{"iso":"UA-09","name":"Луганська обл.","excluded":false},"geometry":{"type":"Polygon","coordinates":[[[37.874,49.234],[37.866,49.246],[37.88,49.248],[37.896,49.253],[37.895,49.256],[37.911,49.259],[37.899,49.27],[37.913,49.277],[37.945,49.281],[37.959,49.285],[37.946,49.303],[37.883,49.313],[37.884,49.319],[37.877,49.328],[37.884,49.342],[37.887,49.342],[37.885,49.351],[37.896,49.404],[37.882,49.415],[37.879,49.413],[37.877,49.413],[37.88,49.416],[37.877,49.419],[37.88,49.436],[37.875,49.436],[37.876,49.447],[37.845,49.446],[37.851,49.487],[37.839,49.493],[37.845,49.502],[37.842,49.508],[37.847,49.52],[37.883,49.519],[37.906,49.529],[37.918,49.533],[37.927,49.542],[37.928,49.548],[37.885,49.549],[37.901,49.573],[37.904,49.571],[37.923,49.568],[37.924,49.57],[37.954,49.569],[37.952,49.575],[37.938,49.585],[37.935,49.594],[37.941,49.594],[37.942,49.596],[37.945,49.612],[37.975,49.613],[37.979,49.626],[37.997,49.628],[37.997,49.632],[37.99,49.635],[37.989,49.64],[37.986,49.644],[37.998,49.649],[38.047,49.657],[38.037,49.662],[38.034,49.659],[38.028,49.663],[38.031,49.665],[38.031,49.668],[38.023,49.672],[38.02,49.677],[38.013,49.677],[38.012,49.679],[38.015,49.679],[38.015,49.683],[38.011,49.685],[38.015,49.686],[38.014,49.696],[38.007,49.695],[38,49.701],[38.018,49.706],[38.017,49.714],[38.009,49.715],[37.997,49.713],[37.991,49.716],[37.974,49.709],[37.96,49.717],[37.951,49.731],[37.968,49.759],[37.977,49.767],[37.98,49.766],[37.984,49.756],[37.988,49.755],[37.989,49.753],[37.998,49.753],[38.01,49.757],[38.012,49.766],[38.025,49.773],[38.024,49.775],[38.034,49.778],[38.036,49.784],[38.054,49.784],[38.056,49.792],[38.039,49.796],[38.029,49.804],[38.01,49.813],[38.02,49.835],[38.018,49.838],[38.045,49.839],[38.059,49.837],[38.074,49.837],[38.081,49.838],[38.094,49.846],[38.067,49.865],[38.033,49.9],[38.046,49.915],[38.056,49.923],[38.125,49.942],[38.132,49.925],[38.171,49.942],[38.162,49.951],[38.198,49.962],[38.196,49.969],[38.222,49.979],[38.217,49.983],[38.217,49.987],[38.205,49.997],[38.205,50.001],[38.198,50.007],[38.186,50.023],[38.189,50.024],[38.187,50.041],[38.183,50.046],[38.185,50.056],[38.178,50.08],[38.253,50.073],[38.276,50.073],[38.292,50.08],[38.302,50.087],[38.314,50.088],[38.33,50.085],[38.333,50.059],[38.351,50.036],[38.354,50.019],[38.351,50.007],[38.397,49.992],[38.416,49.982],[38.434,50.001],[38.469,49.995],[38.465,49.983],[38.479,49.983],[38.483,49.977],[38.483,49.97],[38.489,49.963],[38.51,49.963],[38.527,49.959],[38.567,49.971],[38.583,49.977],[38.612,49.976],[38.631,49.966],[38.648,49.956],[38.667,49.972],[38.68,49.974],[38.678,49.999],[38.68,50.006],[38.687,50.008],[38.702,49.997],[38.703,49.993],[38.709,49.991],[38.718,49.984],[38.711,49.98],[38.686,49.962],[38.694,49.935],[38.724,49.927],[38.734,49.905],[38.745,49.897],[38.769,49.896],[38.781,49.882],[38.791,49.878],[38.796,49.883],[38.824,49.878],[38.831,49.875],[38.836,49.868],[38.842,49.866],[38.847,49.867],[38.848,49.864],[38.852,49.865],[38.857,49.869],[38.863,49.866],[38.87,49.867],[38.872,49.865],[38.879,49.87],[38.887,49.869],[38.896,49.871],[38.901,49.869],[38.908,49.86],[38.911,49.859],[38.916,49.86],[38.918,49.859],[38.916,49.856],[38.912,49.856],[38.91,49.852],[38.905,49.849],[38.906,49.845],[38.912,49.844],[38.914,49.836],[38.911,49.835],[38.914,49.832],[38.913,49.83],[38.907,49.828],[38.909,49.82],[38.918,49.815],[38.916,49.812],[38.921,49.805],[38.928,49.804],[38.927,49.801],[38.93,49.797],[38.939,49.801],[38.949,49.796],[38.971,49.807],[38.985,49.808],[39.022,49.822],[39.032,49.823],[39.049,49.818],[39.067,49.816],[39.071,49.819],[39.111,49.838],[39.131,49.862],[39.18,49.889],[39.189,49.885],[39.195,49.873],[39.202,49.87],[39.227,49.84],[39.228,49.816],[39.23,49.811],[39.228,49.807],[39.238,49.799],[39.251,49.776],[39.265,49.768],[39.274,49.768],[39.285,49.755],[39.309,49.753],[39.358,49.741],[39.379,49.739],[39.414,49.754],[39.434,49.759],[39.444,49.76],[39.479,49.757],[39.545,49.739],[39.611,49.734],[39.591,49.718],[39.614,49.691],[39.639,49.635],[39.658,49.617],[39.66,49.615],[39.687,49.612],[39.697,49.605],[39.714,49.606],[39.75,49.597],[39.777,49.577],[39.806,49.558],[39.84,49.564],[39.869,49.56],[39.891,49.558],[39.935,49.573],[39.952,49.597],[40.058,49.607],[40.065,49.599],[40.135,49.617],[40.139,49.596],[40.17,49.569],[40.039,49.521],[40.038,49.517],[40.042,49.499],[40.029,49.454],[40.048,49.445],[40.059,49.437],[40.078,49.41],[40.114,49.386],[40.143,49.378],[40.156,49.373],[40.154,49.371],[40.156,49.371],[40.158,49.371],[40.162,49.368],[40.161,49.366],[40.159,49.367],[40.169,49.357],[40.176,49.356],[40.181,49.352],[40.195,49.346],[40.195,49.336],[40.188,49.309],[40.184,49.305],[40.186,49.304],[40.184,49.299],[40.186,49.281],[40.228,49.261],[40.221,49.25],[40.208,49.242],[40.188,49.238],[40.177,49.237],[40.137,49.24],[40.123,49.231],[40.109,49.212],[40.094,49.203],[40.077,49.187],[40.031,49.18],[39.972,49.124],[39.959,49.106],[39.938,49.083],[39.942,49.071],[39.938,49.056],[39.91,49.057],[39.88,49.064],[39.817,49.058],[39.811,49.06],[39.805,49.06],[39.777,49.044],[39.766,49.04],[39.742,49.042],[39.693,49.05],[39.672,49.04],[39.679,49.036],[39.682,49.038],[39.685,49.034],[39.681,49.033],[39.683,49.03],[39.677,49.027],[39.677,49.022],[39.673,49.017],[39.674,49.014],[39.678,49.013],[39.674,49.006],[39.664,49.001],[39.678,48.989],[39.692,48.997],[39.693,48.999],[39.699,49.001],[39.704,48.999],[39.708,48.995],[39.708,48.993],[39.711,48.992],[39.717,48.987],[39.717,48.982],[39.722,48.979],[39.724,48.98],[39.726,48.976],[39.73,48.977],[39.735,48.982],[39.746,48.987],[39.753,48.986],[39.749,48.982],[39.749,48.978],[39.752,48.976],[39.759,48.976],[39.76,48.971],[39.757,48.97],[39.757,48.968],[39.764,48.968],[39.761,48.964],[39.763,48.963],[39.763,48.961],[39.767,48.961],[39.765,48.958],[39.77,48.953],[39.778,48.952],[39.774,48.95],[39.772,48.943],[39.777,48.938],[39.781,48.937],[39.782,48.935],[39.779,48.931],[39.779,48.926],[39.774,48.925],[39.777,48.921],[39.782,48.915],[39.793,48.915],[39.794,48.911],[39.797,48.911],[39.798,48.914],[39.805,48.915],[39.816,48.908],[39.818,48.908],[39.819,48.905],[39.823,48.904],[39.824,48.902],[39.818,48.897],[39.825,48.892],[39.827,48.886],[39.833,48.888],[39.836,48.895],[39.834,48.901],[39.839,48.903],[39.842,48.901],[39.845,48.903],[39.852,48.891],[39.872,48.892],[39.875,48.893],[39.876,48.892],[39.925,48.896],[39.942,48.885],[39.945,48.88],[39.949,48.876],[39.962,48.872],[39.993,48.868],[40.004,48.901],[40.017,48.902],[40.022,48.906],[40.02,48.909],[40.024,48.91],[40.026,48.912],[40.03,48.912],[40.027,48.913],[40.029,48.915],[40.035,48.916],[40.037,48.913],[40.04,48.915],[40.045,48.914],[40.045,48.912],[40.048,48.91],[40.056,48.911],[40.061,48.909],[40.058,48.904],[40.072,48.874],[40.08,48.87],[39.976,48.793],[39.961,48.796],[39.948,48.796],[39.887,48.821],[39.83,48.834],[39.828,48.831],[39.807,48.839],[39.808,48.84],[39.805,48.844],[39.8,48.843],[39.796,48.838],[39.792,48.836],[39.792,48.828],[39.794,48.828],[39.798,48.824],[39.792,48.823],[39.786,48.825],[39.785,48.822],[39.787,48.818],[39.78,48.812],[39.78,48.807],[39.786,48.8],[39.784,48.792],[39.779,48.785],[39.772,48.784],[39.767,48.779],[39.763,48.773],[39.764,48.771],[39.768,48.77],[39.768,48.766],[39.765,48.764],[39.761,48.764],[39.755,48.768],[39.749,48.767],[39.753,48.771],[39.751,48.773],[39.744,48.77],[39.745,48.767],[39.738,48.766],[39.736,48.76],[39.731,48.759],[39.732,48.755],[39.726,48.752],[39.727,48.75],[39.731,48.748],[39.73,48.751],[39.734,48.753],[39.739,48.747],[39.739,48.744],[39.737,48.743],[39.734,48.745],[39.731,48.742],[39.725,48.74],[39.723,48.731],[39.727,48.729],[39.723,48.725],[39.721,48.725],[39.721,48.728],[39.716,48.728],[39.71,48.724],[39.709,48.72],[39.706,48.721],[39.704,48.721],[39.707,48.717],[39.712,48.716],[39.712,48.712],[39.708,48.712],[39.705,48.706],[39.712,48.701],[39.718,48.702],[39.72,48.698],[39.716,48.695],[39.718,48.693],[39.717,48.69],[39.723,48.684],[39.714,48.68],[39.712,48.675],[39.702,48.67],[39.704,48.667],[39.711,48.667],[39.71,48.662],[39.711,48.655],[39.705,48.657],[39.703,48.654],[39.694,48.649],[39.691,48.646],[39.694,48.643],[39.694,48.637],[39.67,48.623],[39.661,48.609],[39.662,48.606],[39.671,48.604],[39.668,48.601],[39.669,48.596],[39.672,48.595],[39.677,48.598],[39.68,48.598],[39.68,48.596],[39.676,48.594],[39.676,48.591],[39.679,48.59],[39.68,48.592],[39.683,48.593],[39.688,48.587],[39.702,48.588],[39.721,48.585],[39.725,48.587],[39.736,48.586],[39.747,48.591],[39.751,48.588],[39.75,48.583],[39.752,48.582],[39.769,48.587],[39.773,48.592],[39.792,48.593],[39.8,48.59],[39.807,48.584],[39.813,48.584],[39.824,48.587],[39.826,48.583],[39.821,48.579],[39.841,48.573],[39.85,48.568],[39.855,48.561],[39.853,48.554],[39.857,48.545],[39.855,48.537],[39.862,48.524],[39.867,48.508],[39.866,48.505],[39.862,48.502],[39.857,48.501],[39.853,48.503],[39.847,48.502],[39.846,48.474],[39.853,48.466],[39.859,48.463],[39.875,48.457],[39.89,48.449],[39.898,48.447],[39.896,48.444],[39.891,48.444],[39.889,48.442],[39.896,48.429],[39.912,48.42],[39.911,48.413],[39.906,48.405],[39.907,48.403],[39.915,48.401],[39.918,48.399],[39.916,48.394],[39.907,48.392],[39.906,48.39],[39.914,48.387],[39.918,48.379],[39.924,48.375],[39.929,48.376],[39.938,48.387],[39.942,48.386],[39.942,48.382],[39.936,48.373],[39.937,48.367],[39.932,48.365],[39.935,48.362],[39.944,48.358],[39.941,48.357],[39.943,48.356],[39.942,48.355],[39.947,48.355],[39.942,48.346],[39.932,48.349],[39.919,48.347],[39.919,48.342],[39.879,48.334],[39.862,48.335],[39.845,48.333],[39.845,48.329],[39.841,48.329],[39.841,48.31],[39.852,48.309],[39.888,48.309],[39.888,48.302],[39.901,48.3],[39.91,48.293],[39.912,48.284],[39.915,48.282],[39.91,48.272],[39.915,48.272],[39.915,48.27],[39.925,48.272],[39.929,48.277],[39.935,48.279],[39.93,48.283],[39.935,48.284],[39.937,48.292],[39.944,48.292],[39.948,48.294],[39.952,48.303],[39.956,48.304],[39.957,48.301],[39.963,48.303],[39.966,48.306],[39.971,48.307],[39.972,48.313],[39.979,48.316],[39.99,48.317],[39.993,48.314],[39.993,48.301],[40.01,48.27],[40.014,48.27],[40.016,48.267],[40.013,48.266],[40.021,48.254],[40.007,48.242],[40.01,48.225],[40.004,48.224],[39.955,48.229],[39.942,48.229],[39.937,48.181],[39.925,48.182],[39.91,48.18],[39.907,48.168],[39.907,48.149],[39.902,48.14],[39.897,48.134],[39.889,48.131],[39.876,48.119],[39.87,48.117],[39.874,48.109],[39.869,48.079],[39.834,48.067],[39.848,48.059],[39.884,48.049],[39.883,48.042],[39.777,48.04],[39.784,48.028],[39.783,48.026],[39.785,48.025],[39.784,48.023],[39.787,48.021],[39.791,48.012],[39.8,48.007],[39.803,48.008],[39.804,48.006],[39.811,48.005],[39.81,48.003],[39.816,48.001],[39.813,47.997],[39.818,47.995],[39.816,47.993],[39.816,47.991],[39.819,47.99],[39.815,47.989],[39.815,47.986],[39.816,47.983],[39.822,47.983],[39.823,47.981],[39.822,47.977],[39.818,47.975],[39.816,47.968],[39.819,47.968],[39.817,47.966],[39.818,47.961],[39.821,47.96],[39.823,47.959],[39.822,47.956],[39.825,47.955],[39.822,47.951],[39.806,47.951],[39.806,47.935],[39.802,47.935],[39.801,47.927],[39.794,47.919],[39.795,47.87],[39.791,47.869],[39.763,47.871],[39.763,47.846],[39.757,47.847],[39.738,47.828],[39.652,47.833],[39.645,47.836],[39.626,47.839],[39.622,47.836],[39.565,47.836],[39.561,47.833],[39.543,47.825],[39.535,47.833],[39.521,47.826],[39.478,47.861],[39.472,47.859],[39.465,47.86],[39.449,47.852],[39.446,47.853],[39.446,47.855],[39.44,47.855],[39.433,47.844],[39.439,47.84],[39.426,47.837],[39.422,47.833],[39.413,47.83],[39.387,47.871],[39.354,47.873],[39.348,47.871],[39.351,47.867],[39.242,47.867],[39.237,47.865],[39.237,47.861],[39.234,47.86],[39.236,47.854],[39.181,47.854],[39.172,47.846],[39.162,47.852],[39.15,47.852],[39.15,47.842],[39.109,47.843],[39.109,47.852],[39.083,47.852],[39.083,47.87],[39.074,47.87],[39.065,47.896],[39.091,47.941],[39.084,47.941],[39.074,47.953],[39.07,47.95],[39.067,47.951],[39.066,47.949],[39.057,47.947],[39.055,47.95],[39.051,47.951],[39.053,47.955],[39.048,47.954],[39.046,47.956],[39.039,47.956],[39.043,47.989],[39.04,48.007],[38.861,48.015],[38.854,48.02],[38.825,48.03],[38.821,48.036],[38.826,48.038],[38.821,48.043],[38.82,48.042],[38.813,48.048],[38.815,48.051],[38.821,48.052],[38.822,48.057],[38.831,48.058],[38.827,48.061],[38.83,48.063],[38.827,48.066],[38.83,48.068],[38.827,48.069],[38.829,48.077],[38.824,48.074],[38.818,48.066],[38.803,48.07],[38.804,48.071],[38.8,48.075],[38.804,48.078],[38.809,48.078],[38.817,48.084],[38.807,48.088],[38.82,48.116],[38.812,48.117],[38.811,48.119],[38.798,48.119],[38.79,48.124],[38.781,48.126],[38.78,48.13],[38.774,48.127],[38.766,48.132],[38.766,48.13],[38.762,48.132],[38.757,48.132],[38.745,48.135],[38.737,48.135],[38.722,48.139],[38.717,48.142],[38.715,48.145],[38.705,48.145],[38.702,48.146],[38.702,48.144],[38.698,48.145],[38.697,48.148],[38.697,48.145],[38.689,48.148],[38.689,48.15],[38.694,48.158],[38.679,48.157],[38.666,48.158],[38.671,48.164],[38.641,48.163],[38.638,48.161],[38.602,48.172],[38.603,48.175],[38.598,48.18],[38.604,48.188],[38.611,48.191],[38.612,48.193],[38.608,48.195],[38.611,48.197],[38.613,48.204],[38.599,48.215],[38.589,48.227],[38.589,48.233],[38.59,48.234],[38.588,48.234],[38.588,48.238],[38.59,48.24],[38.588,48.243],[38.591,48.252],[38.588,48.258],[38.575,48.268],[38.567,48.27],[38.524,48.273],[38.524,48.278],[38.521,48.279],[38.521,48.273],[38.427,48.278],[38.426,48.281],[38.428,48.284],[38.425,48.288],[38.429,48.29],[38.427,48.29],[38.428,48.293],[38.434,48.297],[38.433,48.3],[38.428,48.303],[38.428,48.308],[38.435,48.315],[38.441,48.316],[38.439,48.323],[38.437,48.323],[38.433,48.339],[38.456,48.343],[38.456,48.347],[38.464,48.348],[38.462,48.35],[38.464,48.352],[38.47,48.349],[38.472,48.35],[38.471,48.355],[38.474,48.356],[38.471,48.36],[38.497,48.363],[38.498,48.366],[38.489,48.364],[38.479,48.367],[38.473,48.368],[38.469,48.379],[38.453,48.381],[38.45,48.376],[38.437,48.396],[38.439,48.418],[38.432,48.435],[38.435,48.438],[38.433,48.448],[38.401,48.44],[38.402,48.435],[38.382,48.43],[38.376,48.442],[38.371,48.443],[38.361,48.443],[38.357,48.441],[38.351,48.442],[38.344,48.438],[38.342,48.439],[38.311,48.456],[38.32,48.465],[38.288,48.477],[38.296,48.476],[38.298,48.478],[38.304,48.474],[38.305,48.475],[38.302,48.485],[38.307,48.485],[38.298,48.491],[38.299,48.495],[38.303,48.495],[38.307,48.497],[38.312,48.498],[38.311,48.506],[38.32,48.509],[38.285,48.537],[38.282,48.535],[38.276,48.541],[38.279,48.542],[38.274,48.545],[38.28,48.546],[38.264,48.637],[38.229,48.634],[38.226,48.652],[38.239,48.655],[38.239,48.657],[38.252,48.658],[38.254,48.655],[38.26,48.655],[38.259,48.668],[38.269,48.669],[38.267,48.664],[38.288,48.665],[38.283,48.681],[38.304,48.683],[38.306,48.682],[38.315,48.685],[38.314,48.687],[38.307,48.688],[38.314,48.696],[38.315,48.705],[38.306,48.709],[38.304,48.712],[38.325,48.714],[38.324,48.726],[38.321,48.732],[38.316,48.735],[38.283,48.737],[38.268,48.749],[38.263,48.75],[38.275,48.773],[38.283,48.774],[38.279,48.803],[38.318,48.806],[38.313,48.828],[38.273,48.825],[38.268,48.836],[38.26,48.842],[38.221,48.84],[38.229,48.858],[38.228,48.937],[38.217,48.932],[38.196,48.928],[38.143,48.932],[38.139,48.931],[38.136,48.925],[38.131,48.924],[38.125,48.927],[38.117,48.927],[38.114,48.932],[38.095,48.934],[38.093,48.939],[38.063,48.937],[38.054,48.94],[38.047,48.937],[38.038,48.925],[38.037,48.943],[38.005,48.947],[38.03,48.974],[38.054,48.965],[38.052,48.972],[38.058,48.976],[38.051,48.982],[38.055,48.986],[38.08,48.992],[38.099,48.992],[38.098,48.999],[38.073,49.04],[38.053,49.059],[38.062,49.063],[38.068,49.097],[38.084,49.135],[38.082,49.148],[38.067,49.147],[38.044,49.15],[38.04,49.127],[37.981,49.131],[37.975,49.135],[37.961,49.136],[37.956,49.143],[37.944,49.139],[37.927,49.144],[37.893,49.161],[37.903,49.166],[37.893,49.175],[37.906,49.181],[37.907,49.184],[37.914,49.187],[37.935,49.192],[37.924,49.206],[37.92,49.206],[37.943,49.214],[37.933,49.221],[37.917,49.215],[37.89,49.212],[37.89,49.219],[37.873,49.223],[37.874,49.234]]]}},{"type":"Feature","properties":{"iso":"UA-14","name":"Донецька обл.","excluded":false},"geometry":{"type":"Polygon","coordinates":[[[36.739,48.626],[36.734,48.647],[36.729,48.647],[36.728,48.652],[36.723,48.654],[36.73,48.657],[36.725,48.662],[36.722,48.663],[36.726,48.666],[36.725,48.67],[36.721,48.673],[36.716,48.674],[36.718,48.677],[36.716,48.68],[36.72,48.684],[36.719,48.688],[36.717,48.69],[36.712,48.692],[36.718,48.694],[36.726,48.694],[36.728,48.693],[36.736,48.704],[36.726,48.714],[36.712,48.744],[36.718,48.745],[36.709,48.767],[36.691,48.77],[36.689,48.776],[36.695,48.779],[36.705,48.788],[36.72,48.806],[36.735,48.804],[36.763,48.797],[36.791,48.801],[36.783,48.789],[36.792,48.786],[36.788,48.78],[36.816,48.777],[36.821,48.771],[36.841,48.773],[36.839,48.776],[36.854,48.8],[36.921,48.798],[36.921,48.795],[36.932,48.793],[36.946,48.796],[36.966,48.793],[36.976,48.79],[36.989,48.775],[36.999,48.77],[37.002,48.766],[37.008,48.765],[37.018,48.76],[37.02,48.756],[37.031,48.75],[37.036,48.746],[37.043,48.766],[37.023,48.767],[37.023,48.775],[36.995,48.787],[37.005,48.797],[37.007,48.803],[37.019,48.802],[37.024,48.818],[37.044,48.815],[37.066,48.814],[37.067,48.817],[37.078,48.818],[37.099,48.851],[37.135,48.843],[37.138,48.844],[37.146,48.842],[37.14,48.833],[37.151,48.832],[37.157,48.824],[37.192,48.814],[37.195,48.85],[37.189,48.872],[37.193,48.881],[37.198,48.882],[37.211,48.888],[37.214,48.893],[37.224,48.904],[37.223,48.909],[37.244,48.906],[37.245,48.909],[37.267,48.906],[37.269,48.923],[37.299,48.923],[37.299,48.92],[37.313,48.923],[37.328,48.922],[37.333,48.935],[37.329,48.935],[37.327,48.937],[37.333,48.941],[37.327,48.942],[37.327,48.938],[37.321,48.938],[37.311,48.942],[37.308,48.945],[37.308,48.951],[37.32,48.953],[37.32,48.957],[37.311,48.957],[37.304,48.964],[37.304,48.966],[37.31,48.967],[37.308,48.969],[37.3,48.967],[37.295,48.968],[37.295,48.971],[37.299,48.972],[37.297,48.975],[37.302,48.976],[37.307,48.981],[37.31,48.98],[37.313,48.98],[37.313,48.977],[37.315,48.977],[37.316,48.984],[37.323,48.983],[37.324,48.985],[37.313,48.987],[37.314,48.99],[37.321,48.99],[37.335,48.994],[37.345,49.003],[37.361,48.998],[37.373,48.999],[37.371,49.005],[37.376,49.027],[37.391,49.026],[37.385,49.034],[37.388,49.039],[37.385,49.048],[37.395,49.051],[37.406,49.052],[37.418,49.063],[37.43,49.06],[37.438,49.061],[37.444,49.057],[37.45,49.061],[37.451,49.053],[37.458,49.057],[37.46,49.056],[37.465,49.062],[37.468,49.055],[37.48,49.057],[37.491,49.063],[37.492,49.066],[37.505,49.07],[37.508,49.076],[37.507,49.081],[37.499,49.089],[37.502,49.092],[37.496,49.093],[37.487,49.1],[37.495,49.105],[37.498,49.104],[37.547,49.112],[37.585,49.126],[37.57,49.135],[37.563,49.133],[37.553,49.141],[37.542,49.145],[37.551,49.149],[37.56,49.145],[37.563,49.146],[37.564,49.149],[37.555,49.166],[37.543,49.169],[37.524,49.176],[37.509,49.18],[37.501,49.18],[37.505,49.185],[37.503,49.187],[37.508,49.191],[37.513,49.2],[37.529,49.207],[37.549,49.213],[37.557,49.224],[37.569,49.231],[37.597,49.23],[37.614,49.233],[37.712,49.22],[37.798,49.202],[37.798,49.209],[37.811,49.206],[37.825,49.206],[37.825,49.203],[37.843,49.201],[37.844,49.204],[37.847,49.205],[37.85,49.222],[37.852,49.222],[37.862,49.233],[37.874,49.234],[37.873,49.223],[37.89,49.219],[37.89,49.212],[37.917,49.215],[37.933,49.221],[37.943,49.214],[37.92,49.206],[37.924,49.206],[37.935,49.192],[37.914,49.187],[37.907,49.184],[37.906,49.181],[37.893,49.175],[37.903,49.166],[37.893,49.161],[37.927,49.144],[37.944,49.139],[37.956,49.143],[37.961,49.136],[37.975,49.135],[37.981,49.131],[38.04,49.127],[38.044,49.15],[38.067,49.147],[38.082,49.148],[38.084,49.135],[38.068,49.097],[38.062,49.063],[38.053,49.059],[38.073,49.04],[38.098,48.999],[38.099,48.992],[38.08,48.992],[38.055,48.986],[38.051,48.982],[38.058,48.976],[38.052,48.972],[38.054,48.965],[38.03,48.974],[38.005,48.947],[38.037,48.943],[38.038,48.925],[38.047,48.937],[38.054,48.94],[38.063,48.937],[38.093,48.939],[38.095,48.934],[38.114,48.932],[38.117,48.927],[38.125,48.927],[38.131,48.924],[38.136,48.925],[38.139,48.931],[38.143,48.932],[38.196,48.928],[38.217,48.932],[38.228,48.937],[38.229,48.858],[38.221,48.84],[38.26,48.842],[38.268,48.836],[38.273,48.825],[38.313,48.828],[38.318,48.806],[38.279,48.803],[38.283,48.774],[38.275,48.773],[38.263,48.75],[38.268,48.749],[38.283,48.737],[38.316,48.735],[38.321,48.732],[38.324,48.726],[38.325,48.714],[38.304,48.712],[38.306,48.709],[38.315,48.705],[38.314,48.696],[38.307,48.688],[38.314,48.687],[38.315,48.685],[38.306,48.682],[38.304,48.683],[38.283,48.681],[38.288,48.665],[38.267,48.664],[38.269,48.669],[38.259,48.668],[38.26,48.655],[38.254,48.655],[38.252,48.658],[38.239,48.657],[38.239,48.655],[38.226,48.652],[38.229,48.634],[38.264,48.637],[38.28,48.546],[38.274,48.545],[38.279,48.542],[38.276,48.541],[38.282,48.535],[38.285,48.537],[38.32,48.509],[38.311,48.506],[38.312,48.498],[38.307,48.497],[38.303,48.495],[38.299,48.495],[38.298,48.491],[38.307,48.485],[38.302,48.485],[38.305,48.475],[38.304,48.474],[38.298,48.478],[38.296,48.476],[38.288,48.477],[38.32,48.465],[38.311,48.456],[38.342,48.439],[38.344,48.438],[38.351,48.442],[38.357,48.441],[38.361,48.443],[38.371,48.443],[38.376,48.442],[38.382,48.43],[38.402,48.435],[38.401,48.44],[38.433,48.448],[38.435,48.438],[38.432,48.435],[38.439,48.418],[38.437,48.396],[38.45,48.376],[38.453,48.381],[38.469,48.379],[38.473,48.368],[38.479,48.367],[38.489,48.364],[38.498,48.366],[38.497,48.363],[38.471,48.36],[38.474,48.356],[38.471,48.355],[38.472,48.35],[38.47,48.349],[38.464,48.352],[38.462,48.35],[38.464,48.348],[38.456,48.347],[38.456,48.343],[38.433,48.339],[38.437,48.323],[38.439,48.323],[38.441,48.316],[38.435,48.315],[38.428,48.308],[38.428,48.303],[38.433,48.3],[38.434,48.297],[38.428,48.293],[38.427,48.29],[38.429,48.29],[38.425,48.288],[38.428,48.284],[38.426,48.281],[38.427,48.278],[38.521,48.273],[38.521,48.279],[38.524,48.278],[38.524,48.273],[38.567,48.27],[38.575,48.268],[38.588,48.258],[38.591,48.252],[38.588,48.243],[38.59,48.24],[38.588,48.238],[38.588,48.234],[38.59,48.234],[38.589,48.233],[38.589,48.227],[38.599,48.215],[38.613,48.204],[38.611,48.197],[38.608,48.195],[38.612,48.193],[38.611,48.191],[38.604,48.188],[38.598,48.18],[38.603,48.175],[38.602,48.172],[38.638,48.161],[38.641,48.163],[38.671,48.164],[38.666,48.158],[38.679,48.157],[38.694,48.158],[38.689,48.15],[38.689,48.148],[38.697,48.145],[38.697,48.148],[38.698,48.145],[38.702,48.144],[38.702,48.146],[38.705,48.145],[38.715,48.145],[38.717,48.142],[38.722,48.139],[38.737,48.135],[38.745,48.135],[38.757,48.132],[38.762,48.132],[38.766,48.13],[38.766,48.132],[38.774,48.127],[38.78,48.13],[38.781,48.126],[38.79,48.124],[38.798,48.119],[38.811,48.119],[38.812,48.117],[38.82,48.116],[38.807,48.088],[38.817,48.084],[38.809,48.078],[38.804,48.078],[38.8,48.075],[38.804,48.071],[38.803,48.07],[38.818,48.066],[38.824,48.074],[38.829,48.077],[38.827,48.069],[38.83,48.068],[38.827,48.066],[38.83,48.063],[38.827,48.061],[38.831,48.058],[38.822,48.057],[38.821,48.052],[38.815,48.051],[38.813,48.048],[38.82,48.042],[38.821,48.043],[38.826,48.038],[38.821,48.036],[38.825,48.03],[38.854,48.02],[38.861,48.015],[39.04,48.007],[39.043,47.989],[39.039,47.956],[39.046,47.956],[39.048,47.954],[39.053,47.955],[39.051,47.951],[39.055,47.95],[39.057,47.947],[39.066,47.949],[39.067,47.951],[39.07,47.95],[39.074,47.953],[39.084,47.941],[39.091,47.941],[39.065,47.896],[39.074,47.87],[38.956,47.869],[38.941,47.873],[38.927,47.873],[38.915,47.874],[38.912,47.876],[38.909,47.873],[38.903,47.872],[38.899,47.873],[38.898,47.874],[38.894,47.874],[38.892,47.873],[38.891,47.874],[38.879,47.876],[38.878,47.867],[38.843,47.865],[38.843,47.851],[38.838,47.851],[38.836,47.85],[38.83,47.85],[38.826,47.846],[38.825,47.835],[38.828,47.832],[38.829,47.828],[38.832,47.827],[38.829,47.823],[38.829,47.816],[38.789,47.816],[38.79,47.796],[38.784,47.792],[38.784,47.788],[38.787,47.785],[38.793,47.784],[38.789,47.778],[38.796,47.776],[38.797,47.774],[38.793,47.772],[38.793,47.769],[38.789,47.769],[38.789,47.738],[38.78,47.737],[38.778,47.736],[38.77,47.721],[38.773,47.719],[38.773,47.718],[38.771,47.718],[38.773,47.714],[38.773,47.686],[38.755,47.685],[38.753,47.687],[38.751,47.684],[38.747,47.686],[38.743,47.681],[38.737,47.68],[38.736,47.683],[38.74,47.685],[38.738,47.688],[38.734,47.687],[38.73,47.691],[38.736,47.695],[38.735,47.7],[38.666,47.699],[38.666,47.669],[38.629,47.669],[38.63,47.653],[38.626,47.653],[38.616,47.645],[38.456,47.644],[38.457,47.617],[38.35,47.617],[38.351,47.576],[38.311,47.576],[38.311,47.554],[38.306,47.548],[38.307,47.546],[38.305,47.545],[38.285,47.544],[38.285,47.509],[38.293,47.508],[38.292,47.506],[38.294,47.502],[38.29,47.499],[38.292,47.49],[38.289,47.489],[38.286,47.483],[38.288,47.476],[38.302,47.475],[38.302,47.393],[38.301,47.391],[38.286,47.391],[38.287,47.373],[38.257,47.373],[38.245,47.364],[38.249,47.357],[38.246,47.354],[38.246,47.351],[38.239,47.346],[38.232,47.344],[38.23,47.339],[38.223,47.333],[38.227,47.33],[38.221,47.327],[38.221,47.305],[38.336,47.306],[38.335,47.303],[38.327,47.299],[38.327,47.298],[38.334,47.297],[38.333,47.293],[38.328,47.285],[38.323,47.281],[38.327,47.28],[38.327,47.277],[38.331,47.276],[38.334,47.269],[38.329,47.267],[38.332,47.264],[38.324,47.257],[38.288,47.257],[38.288,47.239],[38.26,47.238],[38.254,47.234],[38.239,47.233],[38.233,47.229],[38.234,47.226],[38.236,47.225],[38.24,47.222],[38.24,47.219],[38.243,47.218],[38.241,47.21],[38.237,47.208],[38.234,47.204],[38.236,47.199],[38.236,47.14],[38.229,47.127],[38.229,47.123],[38.338,46.981],[38.141,46.861],[37.62,46.83],[37.438,46.716],[37.398,46.702],[37.365,46.694],[37.331,46.689],[37.28,46.688],[37.229,46.694],[37.196,46.701],[37.169,46.71],[37.062,46.884],[37.034,46.918],[37.021,46.928],[37.092,46.968],[37.103,46.96],[37.141,46.982],[37.089,47.007],[37.125,47.039],[37.099,47.059],[37.087,47.052],[37.081,47.047],[36.985,47.08],[36.999,47.084],[37.008,47.085],[37.013,47.089],[37.009,47.092],[37.011,47.098],[37.006,47.098],[37.002,47.101],[37.009,47.106],[37.011,47.111],[37.009,47.114],[37.006,47.113],[37,47.114],[37.003,47.121],[37.002,47.127],[36.998,47.13],[36.993,47.124],[36.988,47.126],[36.984,47.124],[36.979,47.127],[36.98,47.131],[36.97,47.136],[36.974,47.14],[36.964,47.145],[36.962,47.149],[36.955,47.15],[36.955,47.154],[36.95,47.155],[36.95,47.159],[36.946,47.16],[36.94,47.157],[36.937,47.161],[36.937,47.166],[36.923,47.161],[36.924,47.17],[36.918,47.171],[36.914,47.166],[36.912,47.167],[36.91,47.165],[36.903,47.17],[36.9,47.174],[36.889,47.171],[36.886,47.173],[36.886,47.177],[36.885,47.177],[36.882,47.175],[36.879,47.176],[36.876,47.181],[36.87,47.184],[36.864,47.185],[36.863,47.188],[36.859,47.189],[36.86,47.192],[36.858,47.192],[36.856,47.194],[36.857,47.198],[36.855,47.199],[36.892,47.2],[36.894,47.206],[36.931,47.207],[36.931,47.201],[36.963,47.202],[36.956,47.229],[36.949,47.228],[36.945,47.24],[36.936,47.287],[36.926,47.319],[36.944,47.321],[36.947,47.311],[37.026,47.315],[37.029,47.311],[37.034,47.309],[37.036,47.3],[37.084,47.315],[37.08,47.317],[37.083,47.318],[37.083,47.322],[37.095,47.326],[37.092,47.33],[37.122,47.34],[37.107,47.376],[37.146,47.381],[37.162,47.341],[37.203,47.356],[37.195,47.373],[37.232,47.438],[37.237,47.437],[37.248,47.457],[37.24,47.46],[37.245,47.469],[37.214,47.469],[37.211,47.469],[37.211,47.467],[37.208,47.467],[37.207,47.469],[37.19,47.469],[37.196,47.479],[37.18,47.484],[37.158,47.455],[37.129,47.468],[37.127,47.469],[37.129,47.47],[37.084,47.496],[37.078,47.492],[37.074,47.494],[37.021,47.553],[37.002,47.539],[36.98,47.561],[36.967,47.553],[36.944,47.576],[36.893,47.545],[36.83,47.624],[36.765,47.601],[36.763,47.601],[36.762,47.603],[36.765,47.608],[36.748,47.607],[36.745,47.622],[36.766,47.623],[36.766,47.634],[36.725,47.631],[36.718,47.659],[36.755,47.662],[36.754,47.664],[36.752,47.664],[36.753,47.667],[36.769,47.668],[36.769,47.666],[36.775,47.665],[36.776,47.666],[36.775,47.67],[36.779,47.668],[36.779,47.67],[36.785,47.673],[36.781,47.675],[36.781,47.677],[36.784,47.68],[36.792,47.681],[36.79,47.684],[36.792,47.685],[36.713,47.679],[36.7,47.732],[36.686,47.731],[36.671,47.794],[36.594,47.784],[36.588,47.785],[36.589,47.817],[36.599,47.818],[36.608,47.841],[36.605,47.851],[36.585,47.847],[36.577,47.88],[36.549,47.877],[36.542,47.906],[36.592,47.911],[36.59,47.921],[36.596,47.921],[36.618,47.917],[36.64,47.92],[36.629,47.962],[36.585,47.957],[36.576,47.998],[36.58,48],[36.586,48],[36.586,48.001],[36.577,48.01],[36.573,48.011],[36.572,48.01],[36.568,48.012],[36.591,48.02],[36.585,48.031],[36.574,48.04],[36.587,48.052],[36.582,48.06],[36.579,48.06],[36.578,48.062],[36.587,48.065],[36.585,48.072],[36.587,48.076],[36.581,48.077],[36.58,48.08],[36.583,48.08],[36.586,48.078],[36.588,48.08],[36.586,48.083],[36.595,48.082],[36.604,48.085],[36.6,48.089],[36.602,48.091],[36.617,48.086],[36.623,48.082],[36.626,48.085],[36.628,48.086],[36.63,48.084],[36.633,48.085],[36.632,48.087],[36.628,48.087],[36.629,48.089],[36.636,48.088],[36.64,48.089],[36.644,48.087],[36.647,48.09],[36.651,48.088],[36.649,48.093],[36.645,48.094],[36.641,48.091],[36.636,48.094],[36.644,48.097],[36.65,48.096],[36.651,48.099],[36.653,48.1],[36.658,48.098],[36.655,48.095],[36.661,48.091],[36.663,48.088],[36.668,48.091],[36.676,48.091],[36.683,48.086],[36.693,48.086],[36.711,48.08],[36.714,48.08],[36.715,48.085],[36.719,48.085],[36.722,48.081],[36.726,48.079],[36.724,48.076],[36.726,48.071],[36.731,48.069],[36.74,48.069],[36.739,48.066],[36.747,48.064],[36.748,48.061],[36.743,48.06],[36.742,48.058],[36.741,48.053],[36.744,48.052],[36.744,48.05],[36.755,48.05],[36.757,48.052],[36.761,48.052],[36.761,48.055],[36.764,48.056],[36.773,48.05],[36.773,48.048],[36.778,48.049],[36.783,48.047],[36.786,48.051],[36.794,48.048],[36.803,48.053],[36.805,48.052],[36.804,48.048],[36.808,48.047],[36.813,48.04],[36.819,48.04],[36.827,48.036],[36.834,48.035],[36.84,48.038],[36.845,48.038],[36.848,48.036],[36.855,48.035],[36.858,48.052],[36.867,48.052],[36.869,48.063],[36.882,48.062],[36.881,48.064],[36.896,48.078],[36.873,48.184],[36.88,48.182],[36.884,48.183],[36.883,48.179],[36.888,48.177],[36.894,48.18],[36.892,48.182],[36.895,48.185],[36.891,48.186],[36.893,48.191],[36.896,48.191],[36.897,48.187],[36.901,48.191],[36.902,48.188],[36.906,48.188],[36.904,48.193],[36.909,48.192],[36.915,48.194],[36.92,48.194],[36.93,48.196],[36.937,48.194],[36.912,48.309],[36.874,48.306],[36.871,48.317],[36.817,48.313],[36.809,48.348],[36.816,48.348],[36.812,48.369],[36.82,48.366],[36.828,48.369],[36.821,48.405],[36.835,48.405],[36.836,48.407],[36.833,48.408],[36.835,48.41],[36.83,48.411],[36.83,48.413],[36.826,48.412],[36.825,48.414],[36.83,48.417],[36.835,48.417],[36.837,48.42],[36.842,48.421],[36.85,48.416],[36.851,48.417],[36.85,48.421],[36.851,48.424],[36.848,48.428],[36.845,48.444],[36.837,48.443],[36.83,48.485],[36.857,48.487],[36.85,48.518],[36.889,48.521],[36.889,48.52],[36.907,48.521],[36.902,48.543],[36.885,48.542],[36.883,48.551],[36.872,48.55],[36.867,48.555],[36.866,48.56],[36.861,48.565],[36.86,48.569],[36.825,48.567],[36.824,48.57],[36.789,48.567],[36.779,48.601],[36.745,48.597],[36.739,48.626]]]}},{"type":"Feature","properties":{"iso":"UA-23","name":"Запорізька обл.","excluded":false},"geometry":{"type":"Polygon","coordinates":[[[35.468,46.146],[35.376,46.194],[35.278,46.265],[35.253,46.271],[35.227,46.281],[35.169,46.294],[35.128,46.302],[35.096,46.302],[35.074,46.3],[35.067,46.329],[35.069,46.33],[35.066,46.336],[35.058,46.376],[35.067,46.376],[35.071,46.38],[35.053,46.482],[35.022,46.479],[34.953,46.504],[34.948,46.503],[34.947,46.512],[34.89,46.507],[34.885,46.537],[34.895,46.538],[34.891,46.563],[34.758,46.549],[34.748,46.584],[34.723,46.581],[34.713,46.62],[34.756,46.627],[34.746,46.683],[34.685,46.677],[34.684,46.677],[34.681,46.692],[34.632,46.688],[34.625,46.724],[34.661,46.727],[34.659,46.74],[34.735,46.747],[34.735,46.757],[34.75,46.758],[34.75,46.781],[34.768,46.781],[34.758,46.823],[34.817,46.829],[34.813,46.834],[34.805,46.883],[34.753,46.88],[34.736,46.961],[34.685,46.956],[34.681,46.979],[34.654,46.977],[34.643,46.974],[34.624,46.973],[34.621,46.988],[34.617,46.993],[34.6,46.992],[34.592,47.027],[34.567,47.024],[34.553,47.106],[34.52,47.105],[34.491,47.241],[34.491,47.247],[34.53,47.251],[34.527,47.267],[34.524,47.267],[34.518,47.284],[34.488,47.28],[34.48,47.308],[34.479,47.315],[34.514,47.318],[34.515,47.323],[34.513,47.324],[34.509,47.325],[34.509,47.328],[34.516,47.333],[34.516,47.336],[34.512,47.339],[34.505,47.34],[34.5,47.339],[34.498,47.335],[34.492,47.332],[34.413,47.323],[34.419,47.301],[34.399,47.298],[34.401,47.287],[34.37,47.284],[34.358,47.293],[34.329,47.291],[34.305,47.269],[34.302,47.273],[34.3,47.272],[34.293,47.274],[34.283,47.318],[34.282,47.324],[34.283,47.326],[34.271,47.362],[34.26,47.361],[34.253,47.391],[34.256,47.394],[34.253,47.409],[34.243,47.434],[34.23,47.446],[34.218,47.453],[34.17,47.469],[34.139,47.477],[34.207,47.488],[34.234,47.494],[34.268,47.509],[34.3,47.519],[34.346,47.522],[34.424,47.53],[34.469,47.532],[34.478,47.534],[34.498,47.544],[34.528,47.554],[34.572,47.562],[34.588,47.562],[34.645,47.56],[34.67,47.556],[34.736,47.539],[34.796,47.537],[34.817,47.531],[34.84,47.521],[34.862,47.515],[34.876,47.515],[34.9,47.518],[34.929,47.525],[34.945,47.53],[34.958,47.538],[34.966,47.55],[34.957,47.569],[34.949,47.572],[34.936,47.568],[34.935,47.57],[34.946,47.574],[34.939,47.58],[34.928,47.58],[34.927,47.581],[34.936,47.582],[34.934,47.588],[34.929,47.59],[34.926,47.594],[34.932,47.593],[34.932,47.592],[34.934,47.59],[34.939,47.595],[34.937,47.598],[34.942,47.601],[34.933,47.636],[34.916,47.634],[34.906,47.674],[34.938,47.677],[34.93,47.712],[34.956,47.712],[34.952,47.727],[34.958,47.728],[34.954,47.739],[34.965,47.74],[34.958,47.77],[34.894,47.76],[34.879,47.818],[34.903,47.83],[34.897,47.853],[34.871,47.851],[34.864,47.879],[34.861,47.881],[34.85,47.877],[34.838,47.87],[34.828,47.869],[34.817,47.864],[34.802,47.916],[34.852,47.921],[34.849,47.938],[34.876,47.942],[34.881,47.929],[34.919,47.933],[34.914,47.941],[34.909,47.957],[34.912,47.958],[34.905,47.986],[34.87,47.982],[34.864,48.002],[34.858,48.015],[34.847,48.014],[34.839,48.051],[34.876,48.054],[34.855,48.133],[34.878,48.134],[34.881,48.127],[34.916,48.131],[34.92,48.115],[34.912,48.114],[34.91,48.104],[34.915,48.091],[34.93,48.093],[34.93,48.09],[34.986,48.097],[34.99,48.089],[34.996,48.092],[35.015,48.095],[35.02,48.097],[35.039,48.098],[35.045,48.108],[35.058,48.12],[35.065,48.122],[35.085,48.123],[35.102,48.132],[35.164,48.129],[35.179,48.131],[35.195,48.14],[35.21,48.14],[35.22,48.143],[35.242,48.135],[35.254,48.136],[35.265,48.142],[35.274,48.144],[35.295,48.144],[35.333,48.128],[35.338,48.123],[35.343,48.125],[35.344,48.123],[35.349,48.123],[35.353,48.121],[35.366,48.121],[35.369,48.119],[35.376,48.119],[35.378,48.118],[35.383,48.12],[35.394,48.114],[35.402,48.115],[35.405,48.112],[35.416,48.11],[35.421,48.105],[35.421,48.1],[35.45,48.103],[35.462,48.102],[35.474,48.098],[35.479,48.098],[35.479,48.097],[35.481,48.097],[35.486,48.095],[35.508,48.098],[35.519,48.095],[35.524,48.074],[35.593,48.098],[35.703,48.14],[35.743,48.096],[35.757,48.096],[35.756,48.098],[35.758,48.099],[35.776,48.097],[35.783,48.094],[35.795,48.096],[35.806,48.101],[35.817,48.066],[35.921,48.082],[35.967,48.095],[35.975,48.092],[35.976,48.086],[35.984,48.087],[35.985,48.085],[35.984,48.078],[35.977,48.078],[35.969,48.073],[35.974,48.067],[35.972,48.06],[35.975,48.059],[35.981,48.063],[35.989,48.058],[35.988,48.057],[35.983,48.057],[35.978,48.052],[35.975,48.043],[36.052,48.059],[36.058,48.047],[36.056,48.046],[36.066,48.025],[36.034,48.019],[36.042,48.004],[36.062,48.001],[36.066,47.982],[36.071,47.972],[36.048,47.966],[36.052,47.959],[36.074,47.965],[36.085,47.93],[36.109,47.942],[36.12,47.928],[36.11,47.925],[36.128,47.902],[36.122,47.9],[36.13,47.89],[36.117,47.871],[36.119,47.865],[36.087,47.861],[36.081,47.883],[36.054,47.88],[36.058,47.868],[36.069,47.867],[36.074,47.849],[36.096,47.85],[36.1,47.849],[36.102,47.843],[36.179,47.851],[36.177,47.857],[36.196,47.859],[36.197,47.857],[36.194,47.849],[36.188,47.842],[36.19,47.837],[36.193,47.838],[36.198,47.833],[36.266,47.833],[36.274,47.823],[36.276,47.815],[36.298,47.818],[36.299,47.816],[36.33,47.82],[36.328,47.823],[36.332,47.826],[36.329,47.827],[36.331,47.831],[36.323,47.836],[36.324,47.839],[36.374,47.838],[36.377,47.83],[36.398,47.831],[36.412,47.828],[36.422,47.829],[36.449,47.824],[36.47,47.824],[36.523,47.829],[36.521,47.836],[36.585,47.847],[36.605,47.851],[36.608,47.841],[36.599,47.818],[36.589,47.817],[36.588,47.785],[36.594,47.784],[36.671,47.794],[36.686,47.731],[36.7,47.732],[36.713,47.679],[36.792,47.685],[36.79,47.684],[36.792,47.681],[36.784,47.68],[36.781,47.677],[36.781,47.675],[36.785,47.673],[36.779,47.67],[36.779,47.668],[36.775,47.67],[36.776,47.666],[36.775,47.665],[36.769,47.666],[36.769,47.668],[36.753,47.667],[36.752,47.664],[36.754,47.664],[36.755,47.662],[36.718,47.659],[36.725,47.631],[36.766,47.634],[36.766,47.623],[36.745,47.622],[36.748,47.607],[36.765,47.608],[36.762,47.603],[36.763,47.601],[36.765,47.601],[36.83,47.624],[36.893,47.545],[36.944,47.576],[36.967,47.553],[36.98,47.561],[37.002,47.539],[37.021,47.553],[37.074,47.494],[37.078,47.492],[37.084,47.496],[37.129,47.47],[37.127,47.469],[37.129,47.468],[37.158,47.455],[37.18,47.484],[37.196,47.479],[37.19,47.469],[37.207,47.469],[37.208,47.467],[37.211,47.467],[37.211,47.469],[37.214,47.469],[37.245,47.469],[37.24,47.46],[37.248,47.457],[37.237,47.437],[37.232,47.438],[37.195,47.373],[37.203,47.356],[37.162,47.341],[37.146,47.381],[37.107,47.376],[37.122,47.34],[37.092,47.33],[37.095,47.326],[37.083,47.322],[37.083,47.318],[37.08,47.317],[37.084,47.315],[37.036,47.3],[37.034,47.309],[37.029,47.311],[37.026,47.315],[36.947,47.311],[36.944,47.321],[36.926,47.319],[36.936,47.287],[36.945,47.24],[36.949,47.228],[36.956,47.229],[36.963,47.202],[36.931,47.201],[36.931,47.207],[36.894,47.206],[36.892,47.2],[36.855,47.199],[36.857,47.198],[36.856,47.194],[36.858,47.192],[36.86,47.192],[36.859,47.189],[36.863,47.188],[36.864,47.185],[36.87,47.184],[36.876,47.181],[36.879,47.176],[36.882,47.175],[36.885,47.177],[36.886,47.177],[36.886,47.173],[36.889,47.171],[36.9,47.174],[36.903,47.17],[36.91,47.165],[36.912,47.167],[36.914,47.166],[36.918,47.171],[36.924,47.17],[36.923,47.161],[36.937,47.166],[36.937,47.161],[36.94,47.157],[36.946,47.16],[36.95,47.159],[36.95,47.155],[36.955,47.154],[36.955,47.15],[36.962,47.149],[36.964,47.145],[36.974,47.14],[36.97,47.136],[36.98,47.131],[36.979,47.127],[36.984,47.124],[36.988,47.126],[36.993,47.124],[36.998,47.13],[37.002,47.127],[37.003,47.121],[37,47.114],[37.006,47.113],[37.009,47.114],[37.011,47.111],[37.009,47.106],[37.002,47.101],[37.006,47.098],[37.011,47.098],[37.009,47.092],[37.013,47.089],[37.008,47.085],[36.999,47.084],[36.985,47.08],[37.081,47.047],[37.087,47.052],[37.099,47.059],[37.125,47.039],[37.089,47.007],[37.141,46.982],[37.103,46.96],[37.092,46.968],[37.021,46.928],[37.034,46.918],[37.062,46.884],[37.169,46.71],[37.133,46.698],[37.098,46.69],[37.064,46.662],[37.024,46.639],[37.019,46.606],[37.01,46.583],[36.997,46.561],[36.98,46.54],[36.959,46.522],[36.935,46.505],[36.907,46.49],[36.878,46.478],[36.829,46.466],[36.795,46.461],[36.761,46.459],[36.709,46.463],[36.66,46.473],[36.614,46.49],[36.574,46.512],[36.546,46.536],[36.499,46.528],[36.492,46.514],[36.476,46.493],[36.446,46.464],[36.409,46.439],[36.358,46.418],[36.341,46.394],[36.318,46.372],[36.292,46.353],[36.278,46.344],[36.246,46.329],[36.229,46.322],[36.194,46.311],[36.156,46.304],[36.118,46.301],[36.08,46.301],[36.041,46.304],[36.004,46.311],[35.986,46.316],[35.952,46.328],[35.92,46.344],[35.892,46.362],[35.867,46.383],[35.844,46.41],[35.822,46.392],[35.796,46.376],[35.767,46.363],[35.72,46.348],[35.706,46.332],[35.685,46.313],[35.648,46.288],[35.619,46.275],[35.582,46.263],[35.555,46.233],[35.531,46.214],[35.52,46.196],[35.503,46.176],[35.482,46.157],[35.468,46.146]]]}},{"type":"Feature","properties":{"iso":"UA-46","name":"Львівська обл.","excluded":false},"geometry":{"type":"Polygon","coordinates":[[[24.098,50.637],[24.104,50.635],[24.111,50.636],[24.117,50.641],[24.115,50.642],[24.122,50.644],[24.118,50.645],[24.118,50.648],[24.122,50.646],[24.126,50.649],[24.13,50.648],[24.131,50.645],[24.134,50.646],[24.138,50.643],[24.14,50.647],[24.141,50.644],[24.144,50.643],[24.149,50.647],[24.151,50.647],[24.151,50.643],[24.155,50.647],[24.153,50.643],[24.156,50.643],[24.158,50.64],[24.159,50.641],[24.162,50.638],[24.166,50.638],[24.168,50.634],[24.171,50.635],[24.173,50.634],[24.172,50.631],[24.163,50.632],[24.172,50.629],[24.169,50.627],[24.173,50.626],[24.17,50.623],[24.176,50.624],[24.173,50.622],[24.176,50.619],[24.174,50.62],[24.173,50.616],[24.178,50.619],[24.182,50.617],[24.184,50.619],[24.187,50.615],[24.191,50.618],[24.196,50.613],[24.199,50.615],[24.202,50.613],[24.204,50.61],[24.2,50.608],[24.205,50.607],[24.203,50.606],[24.205,50.603],[24.208,50.604],[24.206,50.602],[24.21,50.602],[24.212,50.599],[24.209,50.598],[24.213,50.597],[24.211,50.592],[24.217,50.592],[24.219,50.594],[24.225,50.593],[24.225,50.591],[24.221,50.59],[24.228,50.587],[24.231,50.584],[24.235,50.585],[24.246,50.581],[24.266,50.581],[24.272,50.578],[24.293,50.574],[24.303,50.575],[24.312,50.572],[24.318,50.574],[24.32,50.583],[24.326,50.593],[24.323,50.6],[24.337,50.598],[24.352,50.599],[24.361,50.597],[24.376,50.605],[24.381,50.609],[24.395,50.597],[24.401,50.59],[24.413,50.587],[24.409,50.581],[24.399,50.574],[24.403,50.571],[24.401,50.569],[24.406,50.56],[24.416,50.559],[24.419,50.555],[24.435,50.546],[24.45,50.539],[24.453,50.541],[24.467,50.541],[24.467,50.542],[24.488,50.551],[24.489,50.556],[24.5,50.555],[24.516,50.556],[24.531,50.552],[24.547,50.534],[24.55,50.521],[24.558,50.511],[24.558,50.509],[24.554,50.506],[24.555,50.494],[24.563,50.494],[24.563,50.489],[24.567,50.489],[24.584,50.492],[24.588,50.493],[24.591,50.488],[24.593,50.48],[24.597,50.478],[24.598,50.467],[24.581,50.458],[24.599,50.456],[24.597,50.414],[24.626,50.408],[24.64,50.408],[24.648,50.411],[24.654,50.41],[24.651,50.403],[24.656,50.401],[24.676,50.398],[24.681,50.395],[24.707,50.384],[24.722,50.373],[24.716,50.36],[24.715,50.343],[24.767,50.338],[24.779,50.339],[24.789,50.346],[24.808,50.347],[24.81,50.348],[24.849,50.351],[24.856,50.351],[24.859,50.35],[24.861,50.355],[24.867,50.361],[24.887,50.359],[24.885,50.344],[24.889,50.346],[24.911,50.345],[24.913,50.348],[24.937,50.346],[24.94,50.364],[24.936,50.373],[24.929,50.378],[24.938,50.383],[24.941,50.389],[24.949,50.386],[25.017,50.342],[25.033,50.346],[25.044,50.343],[25.059,50.342],[25.06,50.341],[25.056,50.34],[25.054,50.335],[25.059,50.332],[25.06,50.326],[25.059,50.324],[25.056,50.324],[25.058,50.32],[25.053,50.316],[25.055,50.315],[25.053,50.313],[25.057,50.312],[25.053,50.308],[25.055,50.306],[25.052,50.306],[25.056,50.303],[25.054,50.301],[25.065,50.298],[25.077,50.293],[25.097,50.291],[25.113,50.287],[25.113,50.285],[25.117,50.283],[25.128,50.282],[25.154,50.289],[25.167,50.29],[25.175,50.289],[25.205,50.279],[25.203,50.254],[25.207,50.247],[25.19,50.249],[25.181,50.232],[25.185,50.226],[25.183,50.224],[25.169,50.223],[25.165,50.209],[25.17,50.202],[25.207,50.186],[25.215,50.18],[25.211,50.171],[25.204,50.17],[25.201,50.167],[25.201,50.164],[25.208,50.162],[25.197,50.131],[25.206,50.12],[25.269,50.062],[25.302,50.033],[25.306,50.031],[25.319,50.016],[25.347,50.004],[25.361,49.996],[25.374,49.992],[25.402,49.986],[25.412,49.97],[25.402,49.955],[25.404,49.948],[25.416,49.944],[25.427,49.943],[25.427,49.937],[25.421,49.938],[25.415,49.934],[25.401,49.937],[25.396,49.935],[25.389,49.934],[25.387,49.933],[25.387,49.927],[25.376,49.913],[25.389,49.897],[25.382,49.884],[25.381,49.877],[25.373,49.876],[25.375,49.868],[25.368,49.864],[25.363,49.865],[25.35,49.863],[25.338,49.864],[25.333,49.862],[25.335,49.858],[25.317,49.856],[25.311,49.851],[25.309,49.853],[25.305,49.852],[25.299,49.854],[25.297,49.85],[25.301,49.846],[25.293,49.843],[25.291,49.841],[25.294,49.84],[25.293,49.833],[25.286,49.828],[25.271,49.829],[25.269,49.833],[25.266,49.831],[25.263,49.834],[25.262,49.837],[25.259,49.839],[25.255,49.835],[25.246,49.835],[25.245,49.825],[25.237,49.824],[25.212,49.827],[25.21,49.83],[25.203,49.832],[25.183,49.837],[25.175,49.837],[25.172,49.832],[25.16,49.834],[25.152,49.833],[25.152,49.829],[25.145,49.828],[25.144,49.818],[25.137,49.815],[25.128,49.816],[25.124,49.819],[25.107,49.819],[25.097,49.822],[25.091,49.827],[25.084,49.828],[25.082,49.819],[25.084,49.8],[25.09,49.788],[25.09,49.782],[25.087,49.778],[25.076,49.779],[25.075,49.773],[25.072,49.77],[25.09,49.762],[25.09,49.76],[25.104,49.757],[25.115,49.746],[25.112,49.741],[25.097,49.729],[25.094,49.731],[25.072,49.716],[25.074,49.714],[25.067,49.712],[25.045,49.73],[25.046,49.731],[25.037,49.731],[25.027,49.736],[25.022,49.735],[24.997,49.697],[24.999,49.696],[24.994,49.669],[24.994,49.664],[24.998,49.66],[24.989,49.659],[24.986,49.646],[24.988,49.643],[24.983,49.637],[24.961,49.643],[24.957,49.634],[24.963,49.63],[24.963,49.626],[24.959,49.626],[24.957,49.62],[24.954,49.618],[24.954,49.616],[24.95,49.614],[24.944,49.619],[24.943,49.617],[24.94,49.616],[24.931,49.617],[24.938,49.615],[24.94,49.613],[24.939,49.611],[24.943,49.609],[24.927,49.61],[24.923,49.611],[24.923,49.613],[24.914,49.615],[24.912,49.614],[24.909,49.615],[24.908,49.614],[24.903,49.614],[24.898,49.61],[24.903,49.608],[24.901,49.606],[24.907,49.603],[24.908,49.6],[24.907,49.598],[24.886,49.602],[24.883,49.609],[24.871,49.61],[24.871,49.605],[24.867,49.604],[24.866,49.606],[24.865,49.603],[24.861,49.602],[24.865,49.6],[24.863,49.599],[24.846,49.601],[24.844,49.6],[24.834,49.599],[24.839,49.587],[24.832,49.585],[24.83,49.592],[24.814,49.587],[24.802,49.588],[24.796,49.583],[24.792,49.573],[24.766,49.572],[24.762,49.574],[24.759,49.572],[24.721,49.57],[24.729,49.547],[24.722,49.54],[24.724,49.535],[24.72,49.532],[24.72,49.514],[24.723,49.508],[24.721,49.497],[24.704,49.495],[24.702,49.494],[24.702,49.493],[24.7,49.492],[24.685,49.498],[24.678,49.496],[24.656,49.505],[24.652,49.5],[24.647,49.497],[24.64,49.497],[24.631,49.501],[24.622,49.51],[24.619,49.511],[24.616,49.509],[24.61,49.51],[24.601,49.515],[24.59,49.519],[24.577,49.527],[24.575,49.532],[24.57,49.534],[24.542,49.525],[24.544,49.523],[24.537,49.519],[24.517,49.517],[24.505,49.513],[24.502,49.519],[24.492,49.523],[24.494,49.527],[24.49,49.533],[24.491,49.535],[24.496,49.537],[24.499,49.54],[24.493,49.541],[24.489,49.544],[24.489,49.543],[24.486,49.543],[24.488,49.548],[24.485,49.546],[24.482,49.547],[24.481,49.544],[24.452,49.54],[24.45,49.545],[24.435,49.537],[24.442,49.517],[24.437,49.515],[24.44,49.512],[24.413,49.504],[24.409,49.499],[24.404,49.498],[24.401,49.495],[24.413,49.475],[24.418,49.474],[24.41,49.445],[24.384,49.442],[24.366,49.433],[24.361,49.433],[24.36,49.431],[24.374,49.43],[24.376,49.413],[24.39,49.409],[24.387,49.395],[24.406,49.393],[24.42,49.385],[24.42,49.383],[24.425,49.381],[24.422,49.378],[24.43,49.377],[24.429,49.373],[24.425,49.372],[24.421,49.372],[24.415,49.368],[24.406,49.366],[24.405,49.367],[24.4,49.362],[24.394,49.342],[24.394,49.341],[24.402,49.34],[24.401,49.336],[24.394,49.333],[24.381,49.308],[24.359,49.322],[24.346,49.311],[24.343,49.312],[24.341,49.31],[24.302,49.316],[24.299,49.296],[24.299,49.288],[24.305,49.277],[24.311,49.278],[24.324,49.286],[24.331,49.288],[24.339,49.292],[24.358,49.286],[24.359,49.281],[24.364,49.281],[24.359,49.27],[24.358,49.262],[24.351,49.262],[24.352,49.253],[24.348,49.255],[24.347,49.243],[24.341,49.243],[24.358,49.233],[24.388,49.228],[24.407,49.228],[24.429,49.232],[24.439,49.23],[24.447,49.231],[24.434,49.219],[24.437,49.214],[24.435,49.206],[24.438,49.198],[24.432,49.191],[24.436,49.182],[24.434,49.178],[24.437,49.177],[24.435,49.174],[24.416,49.168],[24.39,49.182],[24.384,49.189],[24.357,49.186],[24.353,49.181],[24.349,49.18],[24.333,49.18],[24.308,49.171],[24.293,49.168],[24.282,49.168],[24.249,49.151],[24.243,49.15],[24.243,49.148],[24.234,49.144],[24.219,49.145],[24.211,49.148],[24.207,49.148],[24.208,49.146],[24.198,49.139],[24.213,49.133],[24.198,49.133],[24.19,49.14],[24.182,49.143],[24.172,49.144],[24.163,49.134],[24.165,49.128],[24.155,49.128],[24.149,49.13],[24.143,49.141],[24.139,49.143],[24.124,49.14],[24.117,49.142],[24.11,49.14],[24.101,49.145],[24.088,49.148],[24.07,49.146],[24.058,49.147],[24.036,49.125],[24.023,49.118],[24.018,49.117],[24.014,49.118],[24.014,49.125],[24.004,49.13],[23.969,49.138],[23.962,49.128],[23.956,49.13],[23.932,49.122],[23.928,49.117],[23.914,49.109],[23.904,49.098],[23.898,49.102],[23.879,49.104],[23.878,49.107],[23.88,49.108],[23.854,49.111],[23.826,49.113],[23.823,49.11],[23.81,49.11],[23.803,49.107],[23.798,49.107],[23.792,49.115],[23.785,49.12],[23.781,49.12],[23.776,49.117],[23.763,49.125],[23.752,49.124],[23.754,49.117],[23.738,49.11],[23.737,49.104],[23.72,49.094],[23.711,49.101],[23.705,49.098],[23.699,49.1],[23.692,49.095],[23.683,49.086],[23.684,49.083],[23.677,49.075],[23.686,49.067],[23.678,49.057],[23.676,49.05],[23.678,49.044],[23.673,49.037],[23.662,49.027],[23.656,49.027],[23.649,49.022],[23.644,49.024],[23.636,49.031],[23.631,49.027],[23.622,49.025],[23.62,49.022],[23.624,49.013],[23.612,49.005],[23.599,49],[23.587,48.988],[23.576,48.98],[23.566,48.975],[23.567,48.969],[23.578,48.965],[23.58,48.958],[23.586,48.955],[23.583,48.946],[23.576,48.934],[23.572,48.932],[23.561,48.911],[23.566,48.907],[23.568,48.902],[23.571,48.9],[23.577,48.887],[23.582,48.885],[23.588,48.885],[23.594,48.883],[23.602,48.885],[23.607,48.884],[23.608,48.876],[23.606,48.873],[23.594,48.871],[23.581,48.872],[23.576,48.867],[23.577,48.866],[23.572,48.862],[23.571,48.855],[23.567,48.854],[23.574,48.847],[23.569,48.842],[23.57,48.839],[23.564,48.829],[23.552,48.823],[23.556,48.819],[23.558,48.815],[23.564,48.808],[23.569,48.804],[23.569,48.797],[23.574,48.788],[23.579,48.786],[23.576,48.781],[23.578,48.779],[23.568,48.773],[23.564,48.765],[23.561,48.764],[23.552,48.742],[23.544,48.741],[23.55,48.739],[23.548,48.726],[23.541,48.724],[23.534,48.725],[23.52,48.729],[23.512,48.735],[23.497,48.727],[23.492,48.722],[23.479,48.722],[23.472,48.718],[23.469,48.719],[23.467,48.724],[23.455,48.726],[23.431,48.726],[23.41,48.736],[23.397,48.733],[23.391,48.74],[23.38,48.742],[23.378,48.744],[23.374,48.759],[23.369,48.765],[23.362,48.771],[23.357,48.769],[23.354,48.764],[23.343,48.76],[23.34,48.757],[23.326,48.753],[23.317,48.753],[23.313,48.76],[23.296,48.768],[23.286,48.776],[23.281,48.775],[23.279,48.767],[23.272,48.766],[23.268,48.762],[23.259,48.761],[23.253,48.763],[23.248,48.76],[23.24,48.759],[23.225,48.763],[23.216,48.761],[23.202,48.76],[23.192,48.773],[23.193,48.777],[23.189,48.782],[23.179,48.792],[23.178,48.805],[23.17,48.809],[23.17,48.815],[23.15,48.833],[23.134,48.834],[23.13,48.839],[23.136,48.846],[23.131,48.852],[23.126,48.851],[23.115,48.857],[23.105,48.858],[23.099,48.863],[23.088,48.861],[23.084,48.854],[23.067,48.854],[23.058,48.846],[23.048,48.851],[23.044,48.851],[23.03,48.847],[23.021,48.847],[23.016,48.845],[23.01,48.837],[23.001,48.829],[22.981,48.839],[22.975,48.845],[22.972,48.851],[22.972,48.86],[22.969,48.865],[22.969,48.871],[22.971,48.874],[22.964,48.878],[22.958,48.878],[22.934,48.886],[22.919,48.895],[22.897,48.905],[22.89,48.911],[22.887,48.923],[22.878,48.932],[22.872,48.942],[22.872,48.945],[22.874,48.948],[22.873,48.957],[22.895,48.966],[22.899,48.969],[22.902,48.97],[22.906,48.966],[22.912,48.966],[22.919,48.97],[22.915,48.977],[22.919,48.982],[22.915,48.985],[22.914,48.989],[22.898,49.005],[22.893,49.005],[22.889,49.007],[22.892,49.009],[22.889,49.014],[22.894,49.017],[22.894,49.018],[22.886,49.019],[22.886,49.021],[22.88,49.024],[22.877,49.029],[22.874,49.031],[22.874,49.034],[22.881,49.038],[22.878,49.04],[22.874,49.037],[22.873,49.039],[22.867,49.04],[22.871,49.046],[22.87,49.047],[22.876,49.051],[22.874,49.056],[22.871,49.056],[22.871,49.058],[22.868,49.059],[22.868,49.057],[22.866,49.06],[22.869,49.062],[22.865,49.067],[22.867,49.068],[22.867,49.07],[22.869,49.07],[22.872,49.072],[22.867,49.075],[22.868,49.077],[22.884,49.082],[22.883,49.084],[22.881,49.083],[22.881,49.084],[22.886,49.086],[22.893,49.094],[22.89,49.097],[22.885,49.096],[22.886,49.099],[22.881,49.097],[22.88,49.099],[22.876,49.097],[22.87,49.1],[22.868,49.099],[22.867,49.101],[22.863,49.1],[22.86,49.103],[22.856,49.104],[22.855,49.106],[22.86,49.112],[22.854,49.111],[22.851,49.115],[22.843,49.11],[22.836,49.11],[22.837,49.112],[22.832,49.111],[22.829,49.113],[22.831,49.118],[22.829,49.119],[22.82,49.123],[22.819,49.126],[22.815,49.123],[22.812,49.125],[22.816,49.13],[22.813,49.131],[22.807,49.129],[22.808,49.133],[22.801,49.134],[22.8,49.136],[22.793,49.138],[22.793,49.147],[22.789,49.149],[22.792,49.155],[22.789,49.158],[22.785,49.158],[22.773,49.152],[22.774,49.156],[22.76,49.153],[22.755,49.154],[22.751,49.153],[22.749,49.156],[22.746,49.156],[22.744,49.158],[22.739,49.158],[22.738,49.161],[22.742,49.169],[22.749,49.173],[22.75,49.177],[22.756,49.181],[22.756,49.183],[22.753,49.181],[22.747,49.185],[22.743,49.183],[22.74,49.184],[22.738,49.182],[22.733,49.182],[22.734,49.18],[22.73,49.176],[22.724,49.174],[22.725,49.169],[22.719,49.165],[22.716,49.165],[22.715,49.17],[22.707,49.175],[22.708,49.181],[22.716,49.184],[22.723,49.196],[22.731,49.199],[22.729,49.204],[22.735,49.207],[22.734,49.211],[22.74,49.212],[22.748,49.216],[22.742,49.219],[22.737,49.218],[22.729,49.221],[22.72,49.221],[22.715,49.226],[22.717,49.236],[22.721,49.241],[22.74,49.247],[22.744,49.299],[22.751,49.317],[22.743,49.336],[22.747,49.36],[22.732,49.399],[22.713,49.438],[22.7,49.488],[22.697,49.495],[22.67,49.498],[22.651,49.508],[22.641,49.53],[22.663,49.539],[22.675,49.549],[22.678,49.561],[22.685,49.572],[22.695,49.582],[22.749,49.631],[22.783,49.657],[22.787,49.676],[22.804,49.692],[22.806,49.693],[22.822,49.695],[22.848,49.71],[22.852,49.72],[22.873,49.741],[22.885,49.745],[22.897,49.752],[22.898,49.764],[22.902,49.768],[22.933,49.793],[22.954,49.803],[22.962,49.805],[22.957,49.811],[22.971,49.839],[22.995,49.842],[23.033,49.881],[23.065,49.908],[23.089,49.925],[23.107,49.942],[23.115,49.957],[23.143,49.971],[23.213,50.031],[23.216,50.047],[23.239,50.054],[23.265,50.079],[23.279,50.086],[23.28,50.101],[23.284,50.099],[23.297,50.103],[23.299,50.107],[23.314,50.112],[23.342,50.134],[23.38,50.159],[23.429,50.184],[23.47,50.218],[23.506,50.23],[23.559,50.257],[23.581,50.266],[23.612,50.299],[23.631,50.305],[23.639,50.321],[23.686,50.332],[23.691,50.347],[23.691,50.353],[23.697,50.366],[23.703,50.375],[23.709,50.379],[23.727,50.388],[23.778,50.401],[23.803,50.405],[23.884,50.408],[23.941,50.414],[23.998,50.412],[24.006,50.435],[24.035,50.445],[24.038,50.455],[24.07,50.503],[24.076,50.523],[24.091,50.562],[24.09,50.578],[24.099,50.6],[24.097,50.611],[24.091,50.619],[24.098,50.637]]]}},{"type":"Feature","properties":{"iso":"UA-26","name":"Івано-Франківська обл.","excluded":false},"geometry":{"type":"Polygon","coordinates":[[[23.548,48.726],[23.55,48.739],[23.544,48.741],[23.552,48.742],[23.561,48.764],[23.564,48.765],[23.568,48.773],[23.578,48.779],[23.576,48.781],[23.579,48.786],[23.574,48.788],[23.569,48.797],[23.569,48.804],[23.564,48.808],[23.558,48.815],[23.556,48.819],[23.552,48.823],[23.564,48.829],[23.57,48.839],[23.569,48.842],[23.574,48.847],[23.567,48.854],[23.571,48.855],[23.572,48.862],[23.577,48.866],[23.576,48.867],[23.581,48.872],[23.594,48.871],[23.606,48.873],[23.608,48.876],[23.607,48.884],[23.602,48.885],[23.594,48.883],[23.588,48.885],[23.582,48.885],[23.577,48.887],[23.571,48.9],[23.568,48.902],[23.566,48.907],[23.561,48.911],[23.572,48.932],[23.576,48.934],[23.583,48.946],[23.586,48.955],[23.58,48.958],[23.578,48.965],[23.567,48.969],[23.566,48.975],[23.576,48.98],[23.587,48.988],[23.599,49],[23.612,49.005],[23.624,49.013],[23.62,49.022],[23.622,49.025],[23.631,49.027],[23.636,49.031],[23.644,49.024],[23.649,49.022],[23.656,49.027],[23.662,49.027],[23.673,49.037],[23.678,49.044],[23.676,49.05],[23.678,49.057],[23.686,49.067],[23.677,49.075],[23.684,49.083],[23.683,49.086],[23.692,49.095],[23.699,49.1],[23.705,49.098],[23.711,49.101],[23.72,49.094],[23.737,49.104],[23.738,49.11],[23.754,49.117],[23.752,49.124],[23.763,49.125],[23.776,49.117],[23.781,49.12],[23.785,49.12],[23.792,49.115],[23.798,49.107],[23.803,49.107],[23.81,49.11],[23.823,49.11],[23.826,49.113],[23.854,49.111],[23.88,49.108],[23.878,49.107],[23.879,49.104],[23.898,49.102],[23.904,49.098],[23.914,49.109],[23.928,49.117],[23.932,49.122],[23.956,49.13],[23.962,49.128],[23.969,49.138],[24.004,49.13],[24.014,49.125],[24.014,49.118],[24.018,49.117],[24.023,49.118],[24.036,49.125],[24.058,49.147],[24.07,49.146],[24.088,49.148],[24.101,49.145],[24.11,49.14],[24.117,49.142],[24.124,49.14],[24.139,49.143],[24.143,49.141],[24.149,49.13],[24.155,49.128],[24.165,49.128],[24.163,49.134],[24.172,49.144],[24.182,49.143],[24.19,49.14],[24.198,49.133],[24.213,49.133],[24.198,49.139],[24.208,49.146],[24.207,49.148],[24.211,49.148],[24.219,49.145],[24.234,49.144],[24.243,49.148],[24.243,49.15],[24.249,49.151],[24.282,49.168],[24.293,49.168],[24.308,49.171],[24.333,49.18],[24.349,49.18],[24.353,49.181],[24.357,49.186],[24.384,49.189],[24.39,49.182],[24.416,49.168],[24.435,49.174],[24.437,49.177],[24.434,49.178],[24.436,49.182],[24.432,49.191],[24.438,49.198],[24.435,49.206],[24.437,49.214],[24.434,49.219],[24.447,49.231],[24.439,49.23],[24.429,49.232],[24.407,49.228],[24.388,49.228],[24.358,49.233],[24.341,49.243],[24.347,49.243],[24.348,49.255],[24.352,49.253],[24.351,49.262],[24.358,49.262],[24.359,49.27],[24.364,49.281],[24.359,49.281],[24.358,49.286],[24.339,49.292],[24.331,49.288],[24.324,49.286],[24.311,49.278],[24.305,49.277],[24.299,49.288],[24.299,49.296],[24.302,49.316],[24.341,49.31],[24.343,49.312],[24.346,49.311],[24.359,49.322],[24.381,49.308],[24.394,49.333],[24.401,49.336],[24.402,49.34],[24.394,49.341],[24.394,49.342],[24.4,49.362],[24.405,49.367],[24.406,49.366],[24.415,49.368],[24.421,49.372],[24.425,49.372],[24.429,49.373],[24.43,49.377],[24.422,49.378],[24.425,49.381],[24.42,49.383],[24.42,49.385],[24.406,49.393],[24.387,49.395],[24.39,49.409],[24.376,49.413],[24.374,49.43],[24.36,49.431],[24.361,49.433],[24.366,49.433],[24.384,49.442],[24.41,49.445],[24.418,49.474],[24.413,49.475],[24.401,49.495],[24.404,49.498],[24.409,49.499],[24.413,49.504],[24.44,49.512],[24.437,49.515],[24.442,49.517],[24.435,49.537],[24.45,49.545],[24.452,49.54],[24.481,49.544],[24.482,49.547],[24.485,49.546],[24.488,49.548],[24.486,49.543],[24.489,49.543],[24.489,49.544],[24.493,49.541],[24.499,49.54],[24.496,49.537],[24.491,49.535],[24.49,49.533],[24.494,49.527],[24.492,49.523],[24.502,49.519],[24.505,49.513],[24.517,49.517],[24.537,49.519],[24.544,49.523],[24.542,49.525],[24.57,49.534],[24.575,49.532],[24.577,49.527],[24.59,49.519],[24.601,49.515],[24.61,49.51],[24.616,49.509],[24.619,49.511],[24.622,49.51],[24.631,49.501],[24.64,49.497],[24.647,49.497],[24.652,49.5],[24.656,49.505],[24.678,49.496],[24.685,49.498],[24.7,49.492],[24.702,49.493],[24.702,49.494],[24.704,49.495],[24.721,49.497],[24.729,49.49],[24.729,49.485],[24.724,49.482],[24.73,49.48],[24.744,49.466],[24.745,49.46],[24.751,49.451],[24.751,49.45],[24.766,49.438],[24.765,49.437],[24.771,49.431],[24.771,49.428],[24.767,49.424],[24.774,49.413],[24.773,49.394],[24.778,49.386],[24.776,49.384],[24.778,49.383],[24.776,49.378],[24.779,49.377],[24.785,49.38],[24.798,49.382],[24.811,49.389],[24.816,49.388],[24.82,49.386],[24.828,49.386],[24.833,49.363],[24.839,49.358],[24.843,49.357],[24.843,49.354],[24.85,49.353],[24.859,49.347],[24.857,49.345],[24.851,49.346],[24.847,49.344],[24.845,49.344],[24.842,49.341],[24.836,49.341],[24.829,49.321],[24.829,49.312],[24.832,49.305],[24.828,49.285],[24.841,49.283],[24.844,49.27],[24.843,49.263],[24.862,49.257],[24.87,49.258],[24.906,49.241],[24.919,49.239],[24.926,49.238],[24.933,49.236],[24.934,49.23],[24.914,49.222],[24.899,49.215],[24.887,49.198],[24.857,49.178],[24.856,49.164],[24.86,49.162],[24.862,49.16],[24.867,49.162],[24.884,49.144],[24.893,49.139],[24.9,49.129],[24.951,49.125],[24.956,49.128],[24.972,49.12],[24.985,49.117],[24.982,49.115],[24.984,49.112],[24.981,49.11],[24.981,49.107],[24.978,49.106],[24.977,49.1],[24.972,49.097],[24.979,49.093],[24.981,49.089],[24.991,49.086],[24.988,49.077],[24.992,49.077],[24.991,49.071],[24.966,49.072],[24.962,49.076],[24.957,49.075],[24.952,49.078],[24.945,49.08],[24.944,49.078],[24.94,49.081],[24.933,49.081],[24.931,49.08],[24.927,49.082],[24.922,49.083],[24.921,49.081],[24.916,49.083],[24.911,49.078],[24.909,49.079],[24.903,49.055],[24.905,49.05],[24.912,49.051],[24.916,49.045],[24.924,49.039],[24.931,49.037],[24.939,49.031],[24.959,49.02],[24.962,49.015],[24.97,49.011],[24.972,49.003],[24.965,48.997],[24.966,48.993],[24.996,49.002],[25.017,49.011],[25.043,48.997],[25.048,48.997],[25.054,48.992],[25.076,48.987],[25.078,48.984],[25.087,48.984],[25.088,48.993],[25.111,48.997],[25.119,48.995],[25.107,48.982],[25.107,48.979],[25.112,48.966],[25.11,48.964],[25.133,48.954],[25.136,48.954],[25.138,48.95],[25.147,48.944],[25.14,48.935],[25.121,48.928],[25.118,48.924],[25.119,48.918],[25.136,48.89],[25.138,48.879],[25.136,48.872],[25.143,48.868],[25.15,48.868],[25.162,48.865],[25.171,48.87],[25.174,48.882],[25.172,48.887],[25.167,48.891],[25.168,48.894],[25.171,48.898],[25.192,48.909],[25.198,48.915],[25.191,48.922],[25.191,48.927],[25.194,48.927],[25.21,48.922],[25.225,48.931],[25.23,48.932],[25.234,48.932],[25.237,48.929],[25.238,48.922],[25.23,48.909],[25.231,48.897],[25.229,48.882],[25.211,48.854],[25.209,48.849],[25.211,48.846],[25.218,48.845],[25.228,48.848],[25.237,48.866],[25.243,48.867],[25.26,48.867],[25.271,48.866],[25.284,48.862],[25.288,48.854],[25.289,48.848],[25.292,48.845],[25.3,48.844],[25.32,48.847],[25.324,48.845],[25.325,48.838],[25.337,48.837],[25.336,48.839],[25.34,48.838],[25.336,48.845],[25.337,48.855],[25.341,48.854],[25.345,48.858],[25.354,48.86],[25.367,48.859],[25.403,48.848],[25.427,48.843],[25.435,48.844],[25.439,48.848],[25.428,48.864],[25.428,48.869],[25.438,48.872],[25.452,48.867],[25.465,48.861],[25.469,48.857],[25.466,48.852],[25.45,48.839],[25.45,48.836],[25.455,48.831],[25.483,48.822],[25.504,48.807],[25.527,48.803],[25.542,48.803],[25.552,48.8],[25.565,48.793],[25.599,48.766],[25.619,48.759],[25.641,48.748],[25.641,48.744],[25.637,48.739],[25.615,48.73],[25.61,48.725],[25.614,48.717],[25.645,48.712],[25.65,48.709],[25.653,48.705],[25.651,48.699],[25.646,48.694],[25.626,48.685],[25.622,48.681],[25.621,48.678],[25.628,48.673],[25.622,48.667],[25.622,48.66],[25.607,48.653],[25.585,48.633],[25.589,48.622],[25.587,48.589],[25.597,48.575],[25.603,48.57],[25.599,48.565],[25.598,48.558],[25.603,48.552],[25.599,48.541],[25.602,48.538],[25.607,48.538],[25.608,48.536],[25.607,48.521],[25.598,48.501],[25.601,48.49],[25.598,48.473],[25.6,48.467],[25.607,48.463],[25.607,48.452],[25.602,48.446],[25.61,48.429],[25.605,48.418],[25.6,48.414],[25.604,48.41],[25.614,48.413],[25.62,48.409],[25.618,48.404],[25.62,48.398],[25.616,48.393],[25.62,48.388],[25.621,48.38],[25.607,48.381],[25.6,48.377],[25.578,48.38],[25.57,48.379],[25.561,48.383],[25.548,48.382],[25.547,48.385],[25.537,48.387],[25.534,48.392],[25.521,48.399],[25.509,48.399],[25.505,48.4],[25.49,48.399],[25.482,48.401],[25.476,48.399],[25.472,48.401],[25.468,48.399],[25.466,48.4],[25.458,48.401],[25.452,48.403],[25.441,48.402],[25.429,48.395],[25.421,48.395],[25.416,48.392],[25.411,48.395],[25.405,48.394],[25.399,48.394],[25.389,48.388],[25.38,48.39],[25.372,48.386],[25.363,48.386],[25.356,48.383],[25.338,48.374],[25.33,48.371],[25.327,48.372],[25.325,48.37],[25.318,48.37],[25.312,48.367],[25.308,48.363],[25.308,48.36],[25.3,48.356],[25.294,48.346],[25.283,48.344],[25.279,48.337],[25.27,48.333],[25.276,48.331],[25.274,48.329],[25.272,48.327],[25.266,48.328],[25.261,48.324],[25.258,48.316],[25.246,48.315],[25.233,48.3],[25.231,48.293],[25.221,48.287],[25.218,48.28],[25.211,48.275],[25.204,48.267],[25.196,48.262],[25.194,48.256],[25.175,48.245],[25.162,48.248],[25.151,48.248],[25.127,48.235],[25.126,48.232],[25.122,48.232],[25.112,48.227],[25.106,48.225],[25.107,48.223],[25.115,48.221],[25.119,48.218],[25.119,48.215],[25.115,48.212],[25.115,48.208],[25.126,48.204],[25.14,48.194],[25.138,48.182],[25.128,48.178],[25.123,48.179],[25.114,48.185],[25.1,48.186],[25.089,48.181],[25.084,48.173],[25.093,48.165],[25.093,48.162],[25.088,48.16],[25.077,48.16],[25.066,48.158],[25.066,48.151],[25.072,48.145],[25.067,48.133],[25.063,48.13],[25.047,48.13],[25.039,48.127],[25.036,48.123],[25.04,48.114],[25.035,48.111],[25.03,48.11],[25.023,48.111],[25.011,48.115],[25.004,48.12],[25,48.12],[24.992,48.12],[24.981,48.112],[24.98,48.109],[24.987,48.103],[24.986,48.1],[24.989,48.095],[24.996,48.092],[24.995,48.087],[24.987,48.078],[24.975,48.074],[24.977,48.071],[24.969,48.072],[24.958,48.06],[24.94,48.049],[24.942,48.046],[24.938,48.044],[24.937,48.041],[24.92,48.034],[24.922,48.031],[24.912,48.027],[24.913,48.013],[24.918,48.013],[24.921,48.01],[24.913,48.003],[24.914,48],[24.908,47.996],[24.911,47.994],[24.91,47.99],[24.914,47.978],[24.917,47.975],[24.915,47.969],[24.919,47.966],[24.924,47.965],[24.923,47.963],[24.916,47.964],[24.919,47.956],[24.929,47.954],[24.927,47.953],[24.921,47.953],[24.919,47.949],[24.919,47.946],[24.926,47.938],[24.932,47.937],[24.937,47.935],[24.939,47.931],[24.945,47.93],[24.947,47.922],[24.949,47.921],[24.952,47.922],[24.957,47.92],[24.957,47.912],[24.96,47.911],[24.96,47.908],[24.958,47.907],[24.961,47.904],[24.955,47.902],[24.949,47.903],[24.944,47.898],[24.945,47.896],[24.949,47.894],[24.949,47.89],[24.953,47.889],[24.957,47.886],[24.956,47.879],[24.963,47.876],[24.966,47.876],[24.967,47.878],[24.969,47.876],[24.972,47.876],[24.975,47.871],[24.985,47.868],[24.987,47.865],[24.981,47.86],[24.986,47.86],[24.996,47.856],[24.996,47.854],[24.983,47.833],[24.984,47.829],[24.981,47.826],[24.975,47.826],[24.974,47.821],[24.965,47.815],[24.957,47.805],[24.956,47.8],[24.95,47.799],[24.947,47.795],[24.939,47.774],[24.938,47.765],[24.935,47.759],[24.928,47.752],[24.923,47.741],[24.921,47.732],[24.922,47.726],[24.886,47.725],[24.886,47.734],[24.881,47.739],[24.88,47.746],[24.877,47.749],[24.878,47.753],[24.856,47.765],[24.855,47.771],[24.836,47.793],[24.822,47.806],[24.823,47.813],[24.828,47.818],[24.828,47.821],[24.809,47.823],[24.805,47.822],[24.79,47.825],[24.784,47.823],[24.776,47.838],[24.764,47.839],[24.757,47.836],[24.753,47.83],[24.735,47.843],[24.728,47.841],[24.705,47.839],[24.704,47.851],[24.686,47.857],[24.668,47.872],[24.666,47.878],[24.673,47.897],[24.658,47.909],[24.652,47.911],[24.651,47.919],[24.641,47.922],[24.627,47.94],[24.625,47.951],[24.611,47.952],[24.607,47.949],[24.599,47.948],[24.595,47.954],[24.584,47.961],[24.583,47.965],[24.58,47.967],[24.57,47.969],[24.563,47.968],[24.565,47.97],[24.563,47.977],[24.567,47.982],[24.566,47.997],[24.573,47.999],[24.571,48.005],[24.574,48.015],[24.58,48.022],[24.589,48.026],[24.594,48.034],[24.601,48.037],[24.611,48.037],[24.626,48.049],[24.619,48.065],[24.616,48.066],[24.604,48.077],[24.601,48.084],[24.595,48.09],[24.586,48.092],[24.575,48.102],[24.569,48.104],[24.557,48.106],[24.559,48.111],[24.554,48.118],[24.53,48.124],[24.532,48.133],[24.527,48.138],[24.524,48.144],[24.504,48.153],[24.5,48.16],[24.506,48.168],[24.517,48.172],[24.521,48.177],[24.511,48.186],[24.526,48.195],[24.521,48.201],[24.525,48.203],[24.529,48.211],[24.533,48.213],[24.546,48.216],[24.539,48.225],[24.521,48.236],[24.498,48.242],[24.494,48.242],[24.484,48.246],[24.489,48.262],[24.488,48.268],[24.491,48.272],[24.488,48.28],[24.484,48.283],[24.477,48.284],[24.468,48.29],[24.46,48.293],[24.46,48.297],[24.449,48.3],[24.44,48.307],[24.437,48.314],[24.43,48.314],[24.427,48.32],[24.416,48.327],[24.418,48.33],[24.416,48.332],[24.406,48.333],[24.401,48.335],[24.396,48.334],[24.385,48.345],[24.373,48.349],[24.364,48.349],[24.358,48.351],[24.351,48.359],[24.352,48.366],[24.354,48.37],[24.359,48.374],[24.354,48.38],[24.345,48.383],[24.331,48.389],[24.319,48.39],[24.316,48.393],[24.305,48.397],[24.294,48.398],[24.284,48.402],[24.284,48.394],[24.28,48.392],[24.289,48.38],[24.283,48.379],[24.28,48.374],[24.274,48.372],[24.275,48.366],[24.268,48.362],[24.268,48.357],[24.265,48.354],[24.259,48.35],[24.256,48.35],[24.25,48.353],[24.248,48.357],[24.242,48.359],[24.226,48.356],[24.209,48.366],[24.2,48.363],[24.191,48.367],[24.183,48.364],[24.178,48.366],[24.179,48.376],[24.173,48.375],[24.166,48.377],[24.164,48.383],[24.151,48.387],[24.148,48.389],[24.152,48.401],[24.141,48.408],[24.14,48.41],[24.145,48.42],[24.143,48.428],[24.145,48.435],[24.134,48.437],[24.128,48.447],[24.13,48.451],[24.125,48.453],[24.129,48.459],[24.125,48.461],[24.126,48.471],[24.129,48.471],[24.14,48.482],[24.126,48.491],[24.114,48.497],[24.115,48.5],[24.121,48.505],[24.124,48.514],[24.129,48.517],[24.133,48.524],[24.132,48.529],[24.123,48.534],[24.115,48.534],[24.109,48.533],[24.101,48.525],[24.088,48.527],[24.089,48.52],[24.081,48.517],[24.077,48.513],[24.068,48.518],[24.059,48.514],[24.046,48.512],[24.039,48.504],[24.032,48.501],[24.023,48.504],[24.017,48.505],[24.007,48.504],[24.004,48.507],[23.997,48.503],[23.994,48.501],[23.995,48.5],[23.984,48.486],[23.982,48.481],[23.974,48.478],[23.981,48.468],[23.98,48.466],[23.966,48.459],[23.962,48.458],[23.952,48.46],[23.945,48.463],[23.925,48.464],[23.924,48.467],[23.914,48.472],[23.907,48.483],[23.915,48.488],[23.913,48.489],[23.918,48.493],[23.919,48.503],[23.917,48.506],[23.925,48.513],[23.921,48.519],[23.922,48.523],[23.918,48.526],[23.92,48.53],[23.915,48.534],[23.918,48.536],[23.919,48.542],[23.927,48.548],[23.929,48.552],[23.912,48.556],[23.907,48.563],[23.892,48.554],[23.888,48.556],[23.881,48.553],[23.87,48.557],[23.863,48.553],[23.858,48.553],[23.833,48.568],[23.836,48.579],[23.822,48.579],[23.804,48.581],[23.803,48.585],[23.792,48.592],[23.791,48.594],[23.796,48.599],[23.788,48.605],[23.787,48.61],[23.796,48.62],[23.794,48.63],[23.798,48.631],[23.79,48.64],[23.783,48.641],[23.78,48.643],[23.774,48.641],[23.767,48.645],[23.755,48.645],[23.745,48.647],[23.734,48.639],[23.707,48.638],[23.699,48.643],[23.689,48.646],[23.681,48.657],[23.676,48.661],[23.676,48.665],[23.666,48.667],[23.662,48.673],[23.657,48.674],[23.654,48.677],[23.638,48.685],[23.64,48.689],[23.638,48.695],[23.639,48.698],[23.634,48.703],[23.625,48.707],[23.618,48.707],[23.613,48.704],[23.607,48.706],[23.598,48.705],[23.597,48.711],[23.594,48.713],[23.594,48.717],[23.59,48.719],[23.584,48.719],[23.572,48.725],[23.554,48.724],[23.548,48.726]]]}},{"type":"Feature","properties":{"iso":"UA-21","name":"Закарпатська обл.","excluded":false},"geometry":{"type":"Polygon","coordinates":[[[22.889,49.007],[22.893,49.005],[22.898,49.005],[22.914,48.989],[22.915,48.985],[22.919,48.982],[22.915,48.977],[22.919,48.97],[22.912,48.966],[22.906,48.966],[22.902,48.97],[22.899,48.969],[22.895,48.966],[22.873,48.957],[22.874,48.948],[22.872,48.945],[22.872,48.942],[22.878,48.932],[22.887,48.923],[22.89,48.911],[22.897,48.905],[22.919,48.895],[22.934,48.886],[22.958,48.878],[22.964,48.878],[22.971,48.874],[22.969,48.871],[22.969,48.865],[22.972,48.86],[22.972,48.851],[22.975,48.845],[22.981,48.839],[23.001,48.829],[23.01,48.837],[23.016,48.845],[23.021,48.847],[23.03,48.847],[23.044,48.851],[23.048,48.851],[23.058,48.846],[23.067,48.854],[23.084,48.854],[23.088,48.861],[23.099,48.863],[23.105,48.858],[23.115,48.857],[23.126,48.851],[23.131,48.852],[23.136,48.846],[23.13,48.839],[23.134,48.834],[23.15,48.833],[23.17,48.815],[23.17,48.809],[23.178,48.805],[23.179,48.792],[23.189,48.782],[23.193,48.777],[23.192,48.773],[23.202,48.76],[23.216,48.761],[23.225,48.763],[23.24,48.759],[23.248,48.76],[23.253,48.763],[23.259,48.761],[23.268,48.762],[23.272,48.766],[23.279,48.767],[23.281,48.775],[23.286,48.776],[23.296,48.768],[23.313,48.76],[23.317,48.753],[23.326,48.753],[23.34,48.757],[23.343,48.76],[23.354,48.764],[23.357,48.769],[23.362,48.771],[23.369,48.765],[23.374,48.759],[23.378,48.744],[23.38,48.742],[23.391,48.74],[23.397,48.733],[23.41,48.736],[23.431,48.726],[23.455,48.726],[23.467,48.724],[23.469,48.719],[23.472,48.718],[23.479,48.722],[23.492,48.722],[23.497,48.727],[23.512,48.735],[23.52,48.729],[23.534,48.725],[23.541,48.724],[23.548,48.726],[23.554,48.724],[23.572,48.725],[23.584,48.719],[23.59,48.719],[23.594,48.717],[23.594,48.713],[23.597,48.711],[23.598,48.705],[23.607,48.706],[23.613,48.704],[23.618,48.707],[23.625,48.707],[23.634,48.703],[23.639,48.698],[23.638,48.695],[23.64,48.689],[23.638,48.685],[23.654,48.677],[23.657,48.674],[23.662,48.673],[23.666,48.667],[23.676,48.665],[23.676,48.661],[23.681,48.657],[23.689,48.646],[23.699,48.643],[23.707,48.638],[23.734,48.639],[23.745,48.647],[23.755,48.645],[23.767,48.645],[23.774,48.641],[23.78,48.643],[23.783,48.641],[23.79,48.64],[23.798,48.631],[23.794,48.63],[23.796,48.62],[23.787,48.61],[23.788,48.605],[23.796,48.599],[23.791,48.594],[23.792,48.592],[23.803,48.585],[23.804,48.581],[23.822,48.579],[23.836,48.579],[23.833,48.568],[23.858,48.553],[23.863,48.553],[23.87,48.557],[23.881,48.553],[23.888,48.556],[23.892,48.554],[23.907,48.563],[23.912,48.556],[23.929,48.552],[23.927,48.548],[23.919,48.542],[23.918,48.536],[23.915,48.534],[23.92,48.53],[23.918,48.526],[23.922,48.523],[23.921,48.519],[23.925,48.513],[23.917,48.506],[23.919,48.503],[23.918,48.493],[23.913,48.489],[23.915,48.488],[23.907,48.483],[23.914,48.472],[23.924,48.467],[23.925,48.464],[23.945,48.463],[23.952,48.46],[23.962,48.458],[23.966,48.459],[23.98,48.466],[23.981,48.468],[23.974,48.478],[23.982,48.481],[23.984,48.486],[23.995,48.5],[23.994,48.501],[23.997,48.503],[24.004,48.507],[24.007,48.504],[24.017,48.505],[24.023,48.504],[24.032,48.501],[24.039,48.504],[24.046,48.512],[24.059,48.514],[24.068,48.518],[24.077,48.513],[24.081,48.517],[24.089,48.52],[24.088,48.527],[24.101,48.525],[24.109,48.533],[24.115,48.534],[24.123,48.534],[24.132,48.529],[24.133,48.524],[24.129,48.517],[24.124,48.514],[24.121,48.505],[24.115,48.5],[24.114,48.497],[24.126,48.491],[24.14,48.482],[24.129,48.471],[24.126,48.471],[24.125,48.461],[24.129,48.459],[24.125,48.453],[24.13,48.451],[24.128,48.447],[24.134,48.437],[24.145,48.435],[24.143,48.428],[24.145,48.42],[24.14,48.41],[24.141,48.408],[24.152,48.401],[24.148,48.389],[24.151,48.387],[24.164,48.383],[24.166,48.377],[24.173,48.375],[24.179,48.376],[24.178,48.366],[24.183,48.364],[24.191,48.367],[24.2,48.363],[24.209,48.366],[24.226,48.356],[24.242,48.359],[24.248,48.357],[24.25,48.353],[24.256,48.35],[24.259,48.35],[24.265,48.354],[24.268,48.357],[24.268,48.362],[24.275,48.366],[24.274,48.372],[24.28,48.374],[24.283,48.379],[24.289,48.38],[24.28,48.392],[24.284,48.394],[24.284,48.402],[24.294,48.398],[24.305,48.397],[24.316,48.393],[24.319,48.39],[24.331,48.389],[24.345,48.383],[24.354,48.38],[24.359,48.374],[24.354,48.37],[24.352,48.366],[24.351,48.359],[24.358,48.351],[24.364,48.349],[24.373,48.349],[24.385,48.345],[24.396,48.334],[24.401,48.335],[24.406,48.333],[24.416,48.332],[24.418,48.33],[24.416,48.327],[24.427,48.32],[24.43,48.314],[24.437,48.314],[24.44,48.307],[24.449,48.3],[24.46,48.297],[24.46,48.293],[24.468,48.29],[24.477,48.284],[24.484,48.283],[24.488,48.28],[24.491,48.272],[24.488,48.268],[24.489,48.262],[24.484,48.246],[24.494,48.242],[24.498,48.242],[24.521,48.236],[24.539,48.225],[24.546,48.216],[24.533,48.213],[24.529,48.211],[24.525,48.203],[24.521,48.201],[24.526,48.195],[24.511,48.186],[24.521,48.177],[24.517,48.172],[24.506,48.168],[24.5,48.16],[24.504,48.153],[24.524,48.144],[24.527,48.138],[24.532,48.133],[24.53,48.124],[24.554,48.118],[24.559,48.111],[24.557,48.106],[24.569,48.104],[24.575,48.102],[24.586,48.092],[24.595,48.09],[24.601,48.084],[24.604,48.077],[24.616,48.066],[24.619,48.065],[24.626,48.049],[24.611,48.037],[24.601,48.037],[24.594,48.034],[24.589,48.026],[24.58,48.022],[24.574,48.015],[24.571,48.005],[24.573,47.999],[24.566,47.997],[24.567,47.982],[24.563,47.977],[24.565,47.97],[24.563,47.968],[24.553,47.959],[24.537,47.962],[24.531,47.961],[24.527,47.962],[24.512,47.953],[24.508,47.952],[24.487,47.956],[24.472,47.963],[24.464,47.962],[24.448,47.964],[24.436,47.97],[24.428,47.968],[24.418,47.96],[24.411,47.96],[24.394,47.954],[24.391,47.947],[24.386,47.941],[24.383,47.94],[24.381,47.934],[24.382,47.927],[24.375,47.924],[24.345,47.914],[24.339,47.918],[24.334,47.918],[24.325,47.926],[24.319,47.923],[24.316,47.923],[24.308,47.918],[24.304,47.917],[24.298,47.911],[24.288,47.91],[24.279,47.906],[24.265,47.907],[24.255,47.906],[24.24,47.9],[24.228,47.897],[24.218,47.898],[24.217,47.903],[24.195,47.917],[24.181,47.915],[24.165,47.92],[24.161,47.915],[24.151,47.917],[24.143,47.912],[24.138,47.912],[24.13,47.916],[24.113,47.915],[24.101,47.928],[24.098,47.937],[24.07,47.948],[24.063,47.953],[24.05,47.953],[24.032,47.949],[24.025,47.957],[24.007,47.968],[23.997,47.962],[23.98,47.96],[23.979,47.962],[23.981,47.966],[23.977,47.968],[23.969,47.967],[23.967,47.962],[23.95,47.963],[23.946,47.952],[23.939,47.948],[23.931,47.949],[23.921,47.946],[23.903,47.946],[23.891,47.943],[23.883,47.944],[23.868,47.933],[23.864,47.932],[23.856,47.935],[23.852,47.939],[23.846,47.942],[23.84,47.95],[23.84,47.96],[23.834,47.963],[23.836,47.967],[23.831,47.969],[23.823,47.976],[23.819,47.983],[23.797,47.987],[23.792,47.986],[23.781,47.992],[23.773,47.995],[23.765,47.995],[23.758,47.992],[23.751,47.998],[23.731,47.992],[23.72,47.995],[23.713,47.991],[23.707,47.994],[23.687,47.987],[23.673,47.986],[23.665,47.983],[23.659,47.988],[23.646,47.992],[23.643,48],[23.639,48.002],[23.628,48.002],[23.623,48.004],[23.618,48.003],[23.614,48.009],[23.601,48.006],[23.594,48.008],[23.585,48.004],[23.576,48.005],[23.567,48.003],[23.555,48.009],[23.54,48.011],[23.53,48.022],[23.522,47.997],[23.503,47.977],[23.504,47.971],[23.501,47.969],[23.495,47.968],[23.482,47.974],[23.455,47.976],[23.434,47.99],[23.416,47.988],[23.405,47.993],[23.401,48.001],[23.395,48.002],[23.388,48.004],[23.377,48.003],[23.375,48.009],[23.347,48.021],[23.342,48.018],[23.333,48.021],[23.329,48.024],[23.333,48.034],[23.338,48.035],[23.337,48.037],[23.334,48.039],[23.326,48.037],[23.322,48.042],[23.311,48.044],[23.303,48.043],[23.295,48.044],[23.288,48.048],[23.288,48.05],[23.277,48.06],[23.285,48.07],[23.291,48.072],[23.281,48.082],[23.271,48.084],[23.269,48.086],[23.268,48.1],[23.252,48.101],[23.246,48.092],[23.242,48.094],[23.236,48.092],[23.209,48.096],[23.199,48.096],[23.196,48.098],[23.189,48.098],[23.19,48.1],[23.185,48.104],[23.187,48.109],[23.18,48.114],[23.179,48.119],[23.174,48.12],[23.172,48.118],[23.167,48.12],[23.166,48.115],[23.152,48.113],[23.146,48.1],[23.139,48.096],[23.138,48.095],[23.131,48.096],[23.127,48.093],[23.114,48.086],[23.123,48.081],[23.123,48.077],[23.122,48.075],[23.105,48.065],[23.112,48.061],[23.109,48.058],[23.112,48.054],[23.098,48.044],[23.101,48.041],[23.105,48.039],[23.108,48.035],[23.1,48.025],[23.089,48.019],[23.09,48.016],[23.097,48.016],[23.091,48.006],[23.084,48.005],[23.075,48.009],[23.066,48.008],[23.057,48.003],[23.03,48],[23.024,47.992],[23.018,47.992],[23.018,47.99],[23.015,47.992],[23.014,47.991],[23.011,47.994],[22.997,47.996],[22.996,48.001],[22.993,48.004],[22.992,48.003],[22.987,48.004],[22.987,48.005],[22.977,48.007],[22.978,48.01],[22.963,48.012],[22.961,48.008],[22.946,48.014],[22.944,48.017],[22.927,48.019],[22.922,48.015],[22.92,48.007],[22.923,48.003],[22.929,48],[22.935,47.999],[22.938,47.996],[22.943,47.972],[22.948,47.967],[22.942,47.966],[22.942,47.964],[22.937,47.964],[22.929,47.959],[22.925,47.959],[22.924,47.961],[22.92,47.96],[22.921,47.958],[22.919,47.959],[22.919,47.957],[22.917,47.958],[22.917,47.96],[22.914,47.957],[22.913,47.96],[22.911,47.96],[22.911,47.957],[22.908,47.96],[22.906,47.957],[22.901,47.958],[22.901,47.955],[22.898,47.954],[22.895,47.955],[22.897,47.957],[22.892,47.957],[22.893,47.961],[22.89,47.961],[22.894,47.963],[22.893,47.967],[22.887,47.966],[22.885,47.967],[22.88,47.963],[22.878,47.965],[22.878,47.968],[22.874,47.966],[22.873,47.969],[22.87,47.966],[22.868,47.968],[22.873,47.97],[22.871,47.972],[22.874,47.974],[22.873,47.975],[22.867,47.977],[22.868,47.974],[22.863,47.975],[22.862,47.974],[22.863,47.978],[22.859,47.976],[22.86,47.979],[22.856,47.979],[22.855,47.981],[22.853,47.98],[22.852,47.982],[22.84,47.982],[22.844,47.985],[22.842,47.986],[22.842,47.988],[22.836,47.991],[22.848,48.003],[22.851,48.003],[22.858,48.009],[22.866,48.012],[22.865,48.022],[22.873,48.025],[22.881,48.036],[22.882,48.054],[22.875,48.055],[22.874,48.056],[22.872,48.053],[22.874,48.052],[22.87,48.051],[22.861,48.058],[22.865,48.059],[22.861,48.06],[22.863,48.062],[22.86,48.066],[22.862,48.068],[22.859,48.069],[22.862,48.071],[22.86,48.072],[22.861,48.074],[22.858,48.075],[22.857,48.078],[22.851,48.08],[22.848,48.083],[22.844,48.083],[22.84,48.079],[22.836,48.08],[22.836,48.083],[22.839,48.085],[22.835,48.087],[22.834,48.093],[22.83,48.094],[22.828,48.096],[22.832,48.109],[22.824,48.118],[22.815,48.118],[22.811,48.112],[22.81,48.108],[22.805,48.106],[22.802,48.107],[22.802,48.11],[22.807,48.119],[22.803,48.122],[22.798,48.122],[22.792,48.117],[22.778,48.122],[22.772,48.122],[22.77,48.12],[22.771,48.117],[22.778,48.113],[22.776,48.111],[22.77,48.109],[22.762,48.112],[22.758,48.12],[22.752,48.12],[22.744,48.118],[22.735,48.12],[22.73,48.115],[22.721,48.115],[22.716,48.112],[22.707,48.11],[22.7,48.105],[22.687,48.1],[22.675,48.092],[22.665,48.093],[22.657,48.096],[22.635,48.096],[22.625,48.103],[22.62,48.104],[22.62,48.106],[22.609,48.103],[22.603,48.104],[22.595,48.108],[22.59,48.107],[22.593,48.113],[22.6,48.117],[22.593,48.123],[22.593,48.132],[22.596,48.135],[22.588,48.14],[22.589,48.142],[22.598,48.145],[22.592,48.152],[22.589,48.151],[22.586,48.154],[22.583,48.159],[22.579,48.158],[22.575,48.159],[22.565,48.177],[22.566,48.179],[22.562,48.182],[22.562,48.185],[22.568,48.184],[22.572,48.19],[22.571,48.196],[22.558,48.198],[22.544,48.208],[22.537,48.211],[22.531,48.209],[22.524,48.218],[22.514,48.226],[22.513,48.23],[22.516,48.234],[22.516,48.238],[22.497,48.24],[22.503,48.245],[22.499,48.247],[22.501,48.249],[22.49,48.253],[22.471,48.248],[22.47,48.25],[22.47,48.247],[22.466,48.245],[22.462,48.245],[22.456,48.242],[22.455,48.244],[22.447,48.244],[22.44,48.25],[22.436,48.25],[22.433,48.253],[22.43,48.251],[22.433,48.247],[22.42,48.249],[22.42,48.251],[22.401,48.249],[22.396,48.246],[22.395,48.241],[22.386,48.238],[22.385,48.234],[22.369,48.245],[22.371,48.246],[22.36,48.265],[22.338,48.279],[22.341,48.283],[22.337,48.29],[22.34,48.296],[22.337,48.308],[22.329,48.311],[22.329,48.313],[22.321,48.314],[22.318,48.318],[22.32,48.322],[22.313,48.325],[22.313,48.327],[22.315,48.328],[22.32,48.339],[22.317,48.345],[22.32,48.35],[22.318,48.355],[22.298,48.355],[22.294,48.357],[22.268,48.361],[22.254,48.379],[22.24,48.387],[22.243,48.39],[22.254,48.392],[22.257,48.394],[22.265,48.404],[22.265,48.41],[22.259,48.411],[22.237,48.41],[22.227,48.414],[22.215,48.424],[22.207,48.426],[22.202,48.424],[22.184,48.415],[22.169,48.413],[22.158,48.411],[22.156,48.408],[22.155,48.403],[22.144,48.404],[22.142,48.405],[22.143,48.411],[22.138,48.415],[22.137,48.419],[22.14,48.429],[22.138,48.433],[22.155,48.51],[22.153,48.513],[22.156,48.515],[22.158,48.527],[22.161,48.567],[22.171,48.588],[22.184,48.602],[22.186,48.603],[22.189,48.605],[22.189,48.61],[22.197,48.609],[22.203,48.611],[22.208,48.617],[22.216,48.621],[22.23,48.621],[22.241,48.628],[22.25,48.639],[22.25,48.647],[22.255,48.648],[22.265,48.653],[22.265,48.655],[22.269,48.655],[22.282,48.662],[22.289,48.666],[22.291,48.669],[22.301,48.673],[22.303,48.676],[22.322,48.682],[22.34,48.684],[22.346,48.699],[22.346,48.706],[22.354,48.718],[22.351,48.72],[22.357,48.726],[22.36,48.726],[22.362,48.73],[22.36,48.739],[22.362,48.74],[22.354,48.743],[22.35,48.749],[22.343,48.751],[22.346,48.757],[22.346,48.766],[22.35,48.772],[22.358,48.773],[22.364,48.78],[22.373,48.782],[22.379,48.795],[22.388,48.8],[22.385,48.807],[22.384,48.825],[22.376,48.834],[22.376,48.836],[22.38,48.839],[22.381,48.86],[22.384,48.865],[22.387,48.87],[22.394,48.873],[22.395,48.877],[22.421,48.885],[22.423,48.902],[22.421,48.903],[22.423,48.905],[22.425,48.913],[22.432,48.919],[22.431,48.922],[22.426,48.924],[22.425,48.929],[22.466,48.973],[22.476,48.976],[22.477,48.991],[22.48,48.993],[22.49,48.994],[22.495,48.998],[22.501,49],[22.505,49],[22.514,48.997],[22.521,48.997],[22.531,49.003],[22.545,49.007],[22.538,49.021],[22.548,49.025],[22.551,49.03],[22.553,49.079],[22.563,49.081],[22.566,49.084],[22.566,49.088],[22.57,49.091],[22.582,49.097],[22.6,49.093],[22.605,49.085],[22.613,49.084],[22.618,49.081],[22.626,49.08],[22.628,49.079],[22.631,49.076],[22.638,49.061],[22.646,49.058],[22.652,49.051],[22.66,49.047],[22.669,49.048],[22.671,49.043],[22.68,49.039],[22.686,49.04],[22.699,49.05],[22.718,49.053],[22.724,49.051],[22.727,49.048],[22.735,49.049],[22.744,49.045],[22.749,49.045],[22.752,49.043],[22.755,49.043],[22.76,49.047],[22.762,49.052],[22.765,49.054],[22.786,49.046],[22.8,49.037],[22.81,49.035],[22.813,49.025],[22.824,49.023],[22.834,49.026],[22.844,49.011],[22.844,49.005],[22.847,49.002],[22.868,49.003],[22.883,49.007],[22.889,49.007]]]}},{"type":"Feature","properties":{"iso":"UA-61","name":"Тернопільська обл.","excluded":false},"geometry":{"type":"Polygon","coordinates":[[[25.347,50.004],[25.349,50.018],[25.359,50.017],[25.364,50.046],[25.385,50.049],[25.416,50.05],[25.432,50.053],[25.439,50.072],[25.451,50.075],[25.451,50.081],[25.457,50.082],[25.454,50.094],[25.466,50.094],[25.465,50.098],[25.489,50.102],[25.484,50.114],[25.456,50.117],[25.448,50.124],[25.449,50.151],[25.476,50.166],[25.501,50.164],[25.499,50.157],[25.554,50.15],[25.576,50.176],[25.609,50.163],[25.625,50.152],[25.685,50.177],[25.694,50.178],[25.703,50.171],[25.724,50.173],[25.724,50.174],[25.722,50.174],[25.724,50.176],[25.722,50.176],[25.724,50.177],[25.729,50.187],[25.732,50.185],[25.736,50.185],[25.763,50.178],[25.765,50.181],[25.784,50.181],[25.796,50.185],[25.81,50.184],[25.822,50.181],[25.824,50.183],[25.834,50.185],[25.843,50.189],[25.858,50.191],[25.871,50.205],[25.87,50.21],[25.872,50.213],[25.877,50.215],[25.877,50.219],[25.884,50.222],[25.898,50.234],[25.923,50.248],[25.922,50.254],[25.928,50.256],[25.936,50.257],[25.946,50.256],[25.946,50.255],[25.957,50.257],[25.963,50.256],[25.97,50.246],[25.98,50.242],[25.985,50.243],[25.996,50.242],[26.004,50.238],[26.008,50.235],[26.009,50.229],[26.02,50.23],[26.065,50.257],[26.078,50.25],[26.166,50.231],[26.166,50.236],[26.17,50.24],[26.168,50.242],[26.17,50.245],[26.191,50.263],[26.216,50.264],[26.216,50.266],[26.221,50.267],[26.222,50.258],[26.217,50.256],[26.218,50.248],[26.21,50.248],[26.212,50.23],[26.203,50.231],[26.195,50.227],[26.188,50.23],[26.185,50.229],[26.185,50.217],[26.192,50.218],[26.179,50.197],[26.193,50.194],[26.192,50.191],[26.197,50.187],[26.21,50.185],[26.218,50.182],[26.22,50.18],[26.211,50.175],[26.221,50.165],[26.216,50.163],[26.217,50.158],[26.21,50.158],[26.209,50.155],[26.223,50.146],[26.223,50.143],[26.234,50.144],[26.236,50.145],[26.243,50.143],[26.235,50.131],[26.274,50.113],[26.274,50.103],[26.199,50.098],[26.205,50.09],[26.2,50.08],[26.207,50.076],[26.201,50.067],[26.206,50.065],[26.211,50.065],[26.222,50.06],[26.221,50.055],[26.225,50.054],[26.227,50.047],[26.225,50.046],[26.218,50.046],[26.216,50.036],[26.201,50.037],[26.176,50.025],[26.177,50.024],[26.19,50.02],[26.2,50.02],[26.205,50.018],[26.205,50.017],[26.211,50.016],[26.205,50.006],[26.202,49.992],[26.187,49.992],[26.173,49.994],[26.167,49.99],[26.169,49.987],[26.157,49.983],[26.152,49.976],[26.145,49.976],[26.142,49.972],[26.142,49.971],[26.148,49.968],[26.148,49.964],[26.145,49.96],[26.158,49.932],[26.166,49.922],[26.163,49.922],[26.141,49.914],[26.134,49.906],[26.133,49.898],[26.138,49.895],[26.144,49.896],[26.158,49.891],[26.163,49.888],[26.163,49.881],[26.175,49.876],[26.188,49.874],[26.201,49.866],[26.178,49.847],[26.185,49.846],[26.185,49.838],[26.189,49.832],[26.188,49.828],[26.193,49.828],[26.198,49.821],[26.205,49.821],[26.21,49.811],[26.217,49.811],[26.218,49.809],[26.219,49.798],[26.227,49.794],[26.228,49.787],[26.23,49.787],[26.226,49.78],[26.23,49.777],[26.241,49.776],[26.239,49.772],[26.236,49.771],[26.242,49.757],[26.244,49.745],[26.226,49.738],[26.214,49.735],[26.212,49.73],[26.191,49.714],[26.194,49.71],[26.209,49.708],[26.221,49.704],[26.228,49.698],[26.241,49.694],[26.249,49.682],[26.269,49.669],[26.269,49.661],[26.272,49.657],[26.269,49.655],[26.26,49.654],[26.266,49.642],[26.263,49.638],[26.253,49.633],[26.239,49.638],[26.231,49.636],[26.226,49.624],[26.216,49.619],[26.208,49.61],[26.199,49.609],[26.202,49.601],[26.208,49.594],[26.214,49.59],[26.213,49.583],[26.209,49.583],[26.207,49.577],[26.214,49.571],[26.215,49.567],[26.214,49.561],[26.219,49.554],[26.219,49.551],[26.21,49.547],[26.203,49.546],[26.2,49.551],[26.202,49.554],[26.191,49.557],[26.186,49.552],[26.176,49.549],[26.171,49.542],[26.159,49.532],[26.156,49.523],[26.157,49.52],[26.145,49.513],[26.142,49.509],[26.151,49.507],[26.152,49.504],[26.164,49.496],[26.166,49.492],[26.18,49.487],[26.188,49.481],[26.189,49.455],[26.196,49.445],[26.196,49.442],[26.2,49.439],[26.195,49.435],[26.193,49.43],[26.199,49.424],[26.208,49.421],[26.21,49.417],[26.213,49.419],[26.214,49.422],[26.216,49.421],[26.22,49.414],[26.229,49.408],[26.225,49.406],[26.225,49.403],[26.235,49.4],[26.231,49.396],[26.232,49.392],[26.229,49.386],[26.23,49.383],[26.226,49.38],[26.219,49.379],[26.222,49.376],[26.245,49.369],[26.232,49.358],[26.234,49.356],[26.241,49.355],[26.244,49.354],[26.244,49.347],[26.24,49.346],[26.235,49.35],[26.229,49.35],[26.226,49.344],[26.226,49.328],[26.23,49.323],[26.245,49.317],[26.25,49.312],[26.252,49.306],[26.246,49.3],[26.26,49.29],[26.258,49.288],[26.251,49.288],[26.249,49.286],[26.257,49.279],[26.257,49.277],[26.254,49.276],[26.248,49.279],[26.241,49.277],[26.244,49.272],[26.258,49.266],[26.258,49.264],[26.248,49.256],[26.246,49.257],[26.242,49.254],[26.247,49.249],[26.245,49.245],[26.243,49.243],[26.236,49.245],[26.222,49.246],[26.208,49.246],[26.203,49.245],[26.201,49.242],[26.201,49.237],[26.207,49.233],[26.199,49.227],[26.202,49.223],[26.202,49.22],[26.191,49.22],[26.196,49.212],[26.191,49.208],[26.183,49.196],[26.196,49.182],[26.195,49.178],[26.189,49.173],[26.19,49.172],[26.204,49.169],[26.2,49.167],[26.2,49.162],[26.194,49.162],[26.19,49.158],[26.192,49.152],[26.199,49.146],[26.195,49.136],[26.204,49.135],[26.206,49.133],[26.197,49.129],[26.196,49.129],[26.199,49.124],[26.2,49.115],[26.203,49.115],[26.203,49.114],[26.205,49.101],[26.203,49.096],[26.199,49.093],[26.2,49.091],[26.196,49.09],[26.197,49.082],[26.192,49.077],[26.195,49.073],[26.213,49.074],[26.216,49.072],[26.204,49.066],[26.197,49.065],[26.189,49.062],[26.183,49.056],[26.184,49.052],[26.191,49.044],[26.196,49.044],[26.208,49.036],[26.209,49.031],[26.199,49.029],[26.198,49.025],[26.205,49.017],[26.215,49.013],[26.216,49.006],[26.215,49.002],[26.212,49],[26.196,49.001],[26.194,49.001],[26.195,49.004],[26.193,49.004],[26.181,49],[26.176,48.995],[26.184,48.989],[26.207,48.988],[26.212,48.983],[26.207,48.978],[26.2,48.974],[26.196,48.974],[26.185,48.979],[26.182,48.978],[26.183,48.977],[26.18,48.976],[26.177,48.974],[26.177,48.969],[26.181,48.966],[26.205,48.959],[26.208,48.955],[26.207,48.949],[26.205,48.948],[26.207,48.947],[26.194,48.933],[26.194,48.927],[26.199,48.921],[26.199,48.918],[26.185,48.918],[26.184,48.916],[26.186,48.914],[26.186,48.91],[26.196,48.903],[26.203,48.906],[26.212,48.913],[26.22,48.913],[26.224,48.91],[26.224,48.903],[26.221,48.903],[26.216,48.9],[26.207,48.899],[26.204,48.896],[26.205,48.891],[26.214,48.882],[26.214,48.879],[26.21,48.879],[26.206,48.875],[26.212,48.869],[26.212,48.865],[26.2,48.861],[26.2,48.859],[26.203,48.855],[26.209,48.852],[26.218,48.852],[26.222,48.848],[26.222,48.843],[26.219,48.836],[26.221,48.832],[26.233,48.827],[26.234,48.819],[26.239,48.818],[26.251,48.823],[26.257,48.82],[26.259,48.815],[26.253,48.809],[26.249,48.808],[26.24,48.81],[26.24,48.812],[26.236,48.814],[26.228,48.814],[26.226,48.813],[26.225,48.808],[26.229,48.806],[26.23,48.804],[26.228,48.803],[26.236,48.795],[26.233,48.79],[26.218,48.793],[26.218,48.8],[26.216,48.802],[26.212,48.801],[26.207,48.797],[26.211,48.783],[26.215,48.78],[26.221,48.779],[26.232,48.78],[26.238,48.776],[26.238,48.769],[26.23,48.764],[26.23,48.762],[26.234,48.759],[26.246,48.756],[26.242,48.75],[26.234,48.75],[26.228,48.755],[26.223,48.752],[26.224,48.749],[26.232,48.745],[26.233,48.743],[26.242,48.74],[26.244,48.737],[26.236,48.73],[26.24,48.719],[26.232,48.714],[26.229,48.709],[26.234,48.704],[26.231,48.703],[26.233,48.701],[26.237,48.7],[26.238,48.697],[26.235,48.693],[26.222,48.693],[26.219,48.69],[26.221,48.686],[26.224,48.683],[26.234,48.681],[26.245,48.684],[26.246,48.682],[26.242,48.679],[26.242,48.676],[26.243,48.672],[26.248,48.668],[26.258,48.668],[26.269,48.672],[26.28,48.668],[26.28,48.667],[26.277,48.663],[26.278,48.66],[26.273,48.654],[26.267,48.651],[26.273,48.647],[26.278,48.649],[26.28,48.647],[26.284,48.649],[26.287,48.648],[26.296,48.652],[26.297,48.656],[26.301,48.658],[26.308,48.658],[26.31,48.654],[26.309,48.65],[26.288,48.64],[26.294,48.636],[26.297,48.635],[26.317,48.638],[26.321,48.636],[26.324,48.629],[26.321,48.627],[26.315,48.624],[26.305,48.625],[26.298,48.628],[26.293,48.626],[26.293,48.623],[26.303,48.619],[26.307,48.616],[26.317,48.615],[26.327,48.611],[26.324,48.6],[26.333,48.597],[26.338,48.596],[26.341,48.597],[26.344,48.593],[26.341,48.587],[26.342,48.586],[26.347,48.585],[26.351,48.586],[26.352,48.588],[26.36,48.588],[26.361,48.584],[26.359,48.581],[26.355,48.578],[26.341,48.574],[26.336,48.57],[26.338,48.566],[26.344,48.563],[26.353,48.56],[26.362,48.561],[26.364,48.559],[26.367,48.552],[26.358,48.546],[26.361,48.542],[26.369,48.542],[26.377,48.548],[26.379,48.556],[26.375,48.562],[26.379,48.565],[26.384,48.564],[26.391,48.56],[26.409,48.542],[26.42,48.541],[26.428,48.547],[26.432,48.548],[26.441,48.544],[26.443,48.539],[26.431,48.535],[26.405,48.537],[26.392,48.535],[26.385,48.531],[26.368,48.513],[26.355,48.507],[26.343,48.51],[26.325,48.517],[26.32,48.516],[26.308,48.509],[26.3,48.51],[26.294,48.514],[26.279,48.536],[26.276,48.538],[26.268,48.54],[26.2,48.526],[26.186,48.526],[26.169,48.528],[26.153,48.537],[26.147,48.545],[26.142,48.571],[26.145,48.598],[26.124,48.617],[26.118,48.62],[26.108,48.618],[26.1,48.614],[26.097,48.608],[26.096,48.6],[26.104,48.592],[26.106,48.58],[26.123,48.569],[26.128,48.556],[26.123,48.548],[26.119,48.546],[26.105,48.539],[26.094,48.538],[26.089,48.54],[26.085,48.551],[26.079,48.557],[26.057,48.571],[26.044,48.585],[26.045,48.589],[26.055,48.594],[26.057,48.599],[26.064,48.603],[26.066,48.607],[26.058,48.622],[26.062,48.637],[26.058,48.644],[26.052,48.648],[26.041,48.649],[26.034,48.645],[26.029,48.638],[26.029,48.62],[26.021,48.61],[26.012,48.61],[25.991,48.619],[25.975,48.621],[25.969,48.618],[25.953,48.607],[25.942,48.597],[25.934,48.591],[25.923,48.588],[25.909,48.587],[25.899,48.589],[25.875,48.6],[25.858,48.597],[25.849,48.597],[25.848,48.604],[25.856,48.613],[25.855,48.62],[25.84,48.631],[25.807,48.666],[25.799,48.671],[25.78,48.676],[25.767,48.67],[25.757,48.663],[25.75,48.654],[25.747,48.647],[25.745,48.636],[25.741,48.633],[25.735,48.633],[25.726,48.638],[25.721,48.655],[25.71,48.664],[25.681,48.665],[25.653,48.667],[25.628,48.673],[25.621,48.678],[25.622,48.681],[25.626,48.685],[25.646,48.694],[25.651,48.699],[25.653,48.705],[25.65,48.709],[25.645,48.712],[25.614,48.717],[25.61,48.725],[25.615,48.73],[25.637,48.739],[25.641,48.744],[25.641,48.748],[25.619,48.759],[25.599,48.766],[25.565,48.793],[25.552,48.8],[25.542,48.803],[25.527,48.803],[25.504,48.807],[25.483,48.822],[25.455,48.831],[25.45,48.836],[25.45,48.839],[25.466,48.852],[25.469,48.857],[25.465,48.861],[25.452,48.867],[25.438,48.872],[25.428,48.869],[25.428,48.864],[25.439,48.848],[25.435,48.844],[25.427,48.843],[25.403,48.848],[25.367,48.859],[25.354,48.86],[25.345,48.858],[25.341,48.854],[25.337,48.855],[25.336,48.845],[25.34,48.838],[25.336,48.839],[25.337,48.837],[25.325,48.838],[25.324,48.845],[25.32,48.847],[25.3,48.844],[25.292,48.845],[25.289,48.848],[25.288,48.854],[25.284,48.862],[25.271,48.866],[25.26,48.867],[25.243,48.867],[25.237,48.866],[25.228,48.848],[25.218,48.845],[25.211,48.846],[25.209,48.849],[25.211,48.854],[25.229,48.882],[25.231,48.897],[25.23,48.909],[25.238,48.922],[25.237,48.929],[25.234,48.932],[25.23,48.932],[25.225,48.931],[25.21,48.922],[25.194,48.927],[25.191,48.927],[25.191,48.922],[25.198,48.915],[25.192,48.909],[25.171,48.898],[25.168,48.894],[25.167,48.891],[25.172,48.887],[25.174,48.882],[25.171,48.87],[25.162,48.865],[25.15,48.868],[25.143,48.868],[25.136,48.872],[25.138,48.879],[25.136,48.89],[25.119,48.918],[25.118,48.924],[25.121,48.928],[25.14,48.935],[25.147,48.944],[25.138,48.95],[25.136,48.954],[25.133,48.954],[25.11,48.964],[25.112,48.966],[25.107,48.979],[25.107,48.982],[25.119,48.995],[25.111,48.997],[25.088,48.993],[25.087,48.984],[25.078,48.984],[25.076,48.987],[25.054,48.992],[25.048,48.997],[25.043,48.997],[25.017,49.011],[24.996,49.002],[24.966,48.993],[24.965,48.997],[24.972,49.003],[24.97,49.011],[24.962,49.015],[24.959,49.02],[24.939,49.031],[24.931,49.037],[24.924,49.039],[24.916,49.045],[24.912,49.051],[24.905,49.05],[24.903,49.055],[24.909,49.079],[24.911,49.078],[24.916,49.083],[24.921,49.081],[24.922,49.083],[24.927,49.082],[24.931,49.08],[24.933,49.081],[24.94,49.081],[24.944,49.078],[24.945,49.08],[24.952,49.078],[24.957,49.075],[24.962,49.076],[24.966,49.072],[24.991,49.071],[24.992,49.077],[24.988,49.077],[24.991,49.086],[24.981,49.089],[24.979,49.093],[24.972,49.097],[24.977,49.1],[24.978,49.106],[24.981,49.107],[24.981,49.11],[24.984,49.112],[24.982,49.115],[24.985,49.117],[24.972,49.12],[24.956,49.128],[24.951,49.125],[24.9,49.129],[24.893,49.139],[24.884,49.144],[24.867,49.162],[24.862,49.16],[24.86,49.162],[24.856,49.164],[24.857,49.178],[24.887,49.198],[24.899,49.215],[24.914,49.222],[24.934,49.23],[24.933,49.236],[24.926,49.238],[24.919,49.239],[24.906,49.241],[24.87,49.258],[24.862,49.257],[24.843,49.263],[24.844,49.27],[24.841,49.283],[24.828,49.285],[24.832,49.305],[24.829,49.312],[24.829,49.321],[24.836,49.341],[24.842,49.341],[24.845,49.344],[24.847,49.344],[24.851,49.346],[24.857,49.345],[24.859,49.347],[24.85,49.353],[24.843,49.354],[24.843,49.357],[24.839,49.358],[24.833,49.363],[24.828,49.386],[24.82,49.386],[24.816,49.388],[24.811,49.389],[24.798,49.382],[24.785,49.38],[24.779,49.377],[24.776,49.378],[24.778,49.383],[24.776,49.384],[24.778,49.386],[24.773,49.394],[24.774,49.413],[24.767,49.424],[24.771,49.428],[24.771,49.431],[24.765,49.437],[24.766,49.438],[24.751,49.45],[24.751,49.451],[24.745,49.46],[24.744,49.466],[24.73,49.48],[24.724,49.482],[24.729,49.485],[24.729,49.49],[24.721,49.497],[24.723,49.508],[24.72,49.514],[24.72,49.532],[24.724,49.535],[24.722,49.54],[24.729,49.547],[24.721,49.57],[24.759,49.572],[24.762,49.574],[24.766,49.572],[24.792,49.573],[24.796,49.583],[24.802,49.588],[24.814,49.587],[24.83,49.592],[24.832,49.585],[24.839,49.587],[24.834,49.599],[24.844,49.6],[24.846,49.601],[24.863,49.599],[24.865,49.6],[24.861,49.602],[24.865,49.603],[24.866,49.606],[24.867,49.604],[24.871,49.605],[24.871,49.61],[24.883,49.609],[24.886,49.602],[24.907,49.598],[24.908,49.6],[24.907,49.603],[24.901,49.606],[24.903,49.608],[24.898,49.61],[24.903,49.614],[24.908,49.614],[24.909,49.615],[24.912,49.614],[24.914,49.615],[24.923,49.613],[24.923,49.611],[24.927,49.61],[24.943,49.609],[24.939,49.611],[24.94,49.613],[24.938,49.615],[24.931,49.617],[24.94,49.616],[24.943,49.617],[24.944,49.619],[24.95,49.614],[24.954,49.616],[24.954,49.618],[24.957,49.62],[24.959,49.626],[24.963,49.626],[24.963,49.63],[24.957,49.634],[24.961,49.643],[24.983,49.637],[24.988,49.643],[24.986,49.646],[24.989,49.659],[24.998,49.66],[24.994,49.664],[24.994,49.669],[24.999,49.696],[24.997,49.697],[25.022,49.735],[25.027,49.736],[25.037,49.731],[25.046,49.731],[25.045,49.73],[25.067,49.712],[25.074,49.714],[25.072,49.716],[25.094,49.731],[25.097,49.729],[25.112,49.741],[25.115,49.746],[25.104,49.757],[25.09,49.76],[25.09,49.762],[25.072,49.77],[25.075,49.773],[25.076,49.779],[25.087,49.778],[25.09,49.782],[25.09,49.788],[25.084,49.8],[25.082,49.819],[25.084,49.828],[25.091,49.827],[25.097,49.822],[25.107,49.819],[25.124,49.819],[25.128,49.816],[25.137,49.815],[25.144,49.818],[25.145,49.828],[25.152,49.829],[25.152,49.833],[25.16,49.834],[25.172,49.832],[25.175,49.837],[25.183,49.837],[25.203,49.832],[25.21,49.83],[25.212,49.827],[25.237,49.824],[25.245,49.825],[25.246,49.835],[25.255,49.835],[25.259,49.839],[25.262,49.837],[25.263,49.834],[25.266,49.831],[25.269,49.833],[25.271,49.829],[25.286,49.828],[25.293,49.833],[25.294,49.84],[25.291,49.841],[25.293,49.843],[25.301,49.846],[25.297,49.85],[25.299,49.854],[25.305,49.852],[25.309,49.853],[25.311,49.851],[25.317,49.856],[25.335,49.858],[25.333,49.862],[25.338,49.864],[25.35,49.863],[25.363,49.865],[25.368,49.864],[25.375,49.868],[25.373,49.876],[25.381,49.877],[25.382,49.884],[25.389,49.897],[25.376,49.913],[25.387,49.927],[25.387,49.933],[25.389,49.934],[25.396,49.935],[25.401,49.937],[25.415,49.934],[25.421,49.938],[25.427,49.937],[25.427,49.943],[25.416,49.944],[25.404,49.948],[25.402,49.955],[25.412,49.97],[25.402,49.986],[25.374,49.992],[25.361,49.996],[25.347,50.004]]]}},{"type":"Feature","properties":{"iso":"UA-77","name":"Чернівецька обл.","excluded":false},"geometry":{"type":"Polygon","coordinates":[[[24.922,47.726],[24.921,47.732],[24.923,47.741],[24.928,47.752],[24.935,47.759],[24.938,47.765],[24.939,47.774],[24.947,47.795],[24.95,47.799],[24.956,47.8],[24.957,47.805],[24.965,47.815],[24.974,47.821],[24.975,47.826],[24.981,47.826],[24.984,47.829],[24.983,47.833],[24.996,47.854],[24.996,47.856],[24.986,47.86],[24.981,47.86],[24.987,47.865],[24.985,47.868],[24.975,47.871],[24.972,47.876],[24.969,47.876],[24.967,47.878],[24.966,47.876],[24.963,47.876],[24.956,47.879],[24.957,47.886],[24.953,47.889],[24.949,47.89],[24.949,47.894],[24.945,47.896],[24.944,47.898],[24.949,47.903],[24.955,47.902],[24.961,47.904],[24.958,47.907],[24.96,47.908],[24.96,47.911],[24.957,47.912],[24.957,47.92],[24.952,47.922],[24.949,47.921],[24.947,47.922],[24.945,47.93],[24.939,47.931],[24.937,47.935],[24.932,47.937],[24.926,47.938],[24.919,47.946],[24.919,47.949],[24.921,47.953],[24.927,47.953],[24.929,47.954],[24.919,47.956],[24.916,47.964],[24.923,47.963],[24.924,47.965],[24.919,47.966],[24.915,47.969],[24.917,47.975],[24.914,47.978],[24.91,47.99],[24.911,47.994],[24.908,47.996],[24.914,48],[24.913,48.003],[24.921,48.01],[24.918,48.013],[24.913,48.013],[24.912,48.027],[24.922,48.031],[24.92,48.034],[24.937,48.041],[24.938,48.044],[24.942,48.046],[24.94,48.049],[24.958,48.06],[24.969,48.072],[24.977,48.071],[24.975,48.074],[24.987,48.078],[24.995,48.087],[24.996,48.092],[24.989,48.095],[24.986,48.1],[24.987,48.103],[24.98,48.109],[24.981,48.112],[24.992,48.12],[25,48.12],[25.004,48.12],[25.011,48.115],[25.023,48.111],[25.03,48.11],[25.035,48.111],[25.04,48.114],[25.036,48.123],[25.039,48.127],[25.047,48.13],[25.063,48.13],[25.067,48.133],[25.072,48.145],[25.066,48.151],[25.066,48.158],[25.077,48.16],[25.088,48.16],[25.093,48.162],[25.093,48.165],[25.084,48.173],[25.089,48.181],[25.1,48.186],[25.114,48.185],[25.123,48.179],[25.128,48.178],[25.138,48.182],[25.14,48.194],[25.126,48.204],[25.115,48.208],[25.115,48.212],[25.119,48.215],[25.119,48.218],[25.115,48.221],[25.107,48.223],[25.106,48.225],[25.112,48.227],[25.122,48.232],[25.126,48.232],[25.127,48.235],[25.151,48.248],[25.162,48.248],[25.175,48.245],[25.194,48.256],[25.196,48.262],[25.204,48.267],[25.211,48.275],[25.218,48.28],[25.221,48.287],[25.231,48.293],[25.233,48.3],[25.246,48.315],[25.258,48.316],[25.261,48.324],[25.266,48.328],[25.272,48.327],[25.274,48.329],[25.276,48.331],[25.27,48.333],[25.279,48.337],[25.283,48.344],[25.294,48.346],[25.3,48.356],[25.308,48.36],[25.308,48.363],[25.312,48.367],[25.318,48.37],[25.325,48.37],[25.327,48.372],[25.33,48.371],[25.338,48.374],[25.356,48.383],[25.363,48.386],[25.372,48.386],[25.38,48.39],[25.389,48.388],[25.399,48.394],[25.405,48.394],[25.411,48.395],[25.416,48.392],[25.421,48.395],[25.429,48.395],[25.441,48.402],[25.452,48.403],[25.458,48.401],[25.466,48.4],[25.468,48.399],[25.472,48.401],[25.476,48.399],[25.482,48.401],[25.49,48.399],[25.505,48.4],[25.509,48.399],[25.521,48.399],[25.534,48.392],[25.537,48.387],[25.547,48.385],[25.548,48.382],[25.561,48.383],[25.57,48.379],[25.578,48.38],[25.6,48.377],[25.607,48.381],[25.621,48.38],[25.62,48.388],[25.616,48.393],[25.62,48.398],[25.618,48.404],[25.62,48.409],[25.614,48.413],[25.604,48.41],[25.6,48.414],[25.605,48.418],[25.61,48.429],[25.602,48.446],[25.607,48.452],[25.607,48.463],[25.6,48.467],[25.598,48.473],[25.601,48.49],[25.598,48.501],[25.607,48.521],[25.608,48.536],[25.607,48.538],[25.602,48.538],[25.599,48.541],[25.603,48.552],[25.598,48.558],[25.599,48.565],[25.603,48.57],[25.597,48.575],[25.587,48.589],[25.589,48.622],[25.585,48.633],[25.607,48.653],[25.622,48.66],[25.622,48.667],[25.628,48.673],[25.653,48.667],[25.681,48.665],[25.71,48.664],[25.721,48.655],[25.726,48.638],[25.735,48.633],[25.741,48.633],[25.745,48.636],[25.747,48.647],[25.75,48.654],[25.757,48.663],[25.767,48.67],[25.78,48.676],[25.799,48.671],[25.807,48.666],[25.84,48.631],[25.855,48.62],[25.856,48.613],[25.848,48.604],[25.849,48.597],[25.858,48.597],[25.875,48.6],[25.899,48.589],[25.909,48.587],[25.923,48.588],[25.934,48.591],[25.942,48.597],[25.953,48.607],[25.969,48.618],[25.975,48.621],[25.991,48.619],[26.012,48.61],[26.021,48.61],[26.029,48.62],[26.029,48.638],[26.034,48.645],[26.041,48.649],[26.052,48.648],[26.058,48.644],[26.062,48.637],[26.058,48.622],[26.066,48.607],[26.064,48.603],[26.057,48.599],[26.055,48.594],[26.045,48.589],[26.044,48.585],[26.057,48.571],[26.079,48.557],[26.085,48.551],[26.089,48.54],[26.094,48.538],[26.105,48.539],[26.119,48.546],[26.123,48.548],[26.128,48.556],[26.123,48.569],[26.106,48.58],[26.104,48.592],[26.096,48.6],[26.097,48.608],[26.1,48.614],[26.108,48.618],[26.118,48.62],[26.124,48.617],[26.145,48.598],[26.142,48.571],[26.147,48.545],[26.153,48.537],[26.169,48.528],[26.186,48.526],[26.2,48.526],[26.268,48.54],[26.276,48.538],[26.279,48.536],[26.294,48.514],[26.3,48.51],[26.308,48.509],[26.32,48.516],[26.325,48.517],[26.343,48.51],[26.355,48.507],[26.368,48.513],[26.385,48.531],[26.392,48.535],[26.405,48.537],[26.431,48.535],[26.443,48.539],[26.472,48.547],[26.48,48.547],[26.488,48.545],[26.494,48.54],[26.505,48.519],[26.537,48.486],[26.551,48.465],[26.562,48.458],[26.571,48.454],[26.596,48.451],[26.608,48.452],[26.619,48.455],[26.626,48.464],[26.622,48.475],[26.607,48.497],[26.61,48.506],[26.619,48.508],[26.63,48.508],[26.654,48.492],[26.673,48.487],[26.702,48.488],[26.708,48.49],[26.714,48.497],[26.712,48.503],[26.706,48.509],[26.685,48.522],[26.679,48.529],[26.679,48.536],[26.673,48.539],[26.661,48.541],[26.635,48.536],[26.627,48.536],[26.623,48.538],[26.618,48.543],[26.617,48.547],[26.623,48.555],[26.637,48.56],[26.651,48.561],[26.659,48.56],[26.675,48.555],[26.709,48.533],[26.718,48.532],[26.729,48.533],[26.74,48.54],[26.742,48.544],[26.743,48.555],[26.74,48.565],[26.724,48.574],[26.721,48.578],[26.721,48.585],[26.724,48.587],[26.729,48.587],[26.742,48.585],[26.746,48.582],[26.751,48.574],[26.757,48.555],[26.761,48.55],[26.769,48.547],[26.778,48.547],[26.785,48.55],[26.79,48.555],[26.795,48.566],[26.794,48.572],[26.779,48.588],[26.779,48.594],[26.785,48.601],[26.795,48.607],[26.803,48.61],[26.817,48.61],[26.824,48.606],[26.826,48.6],[26.822,48.589],[26.822,48.58],[26.84,48.56],[26.85,48.552],[26.859,48.548],[26.871,48.543],[26.883,48.542],[26.898,48.547],[26.915,48.567],[26.921,48.572],[26.936,48.576],[26.964,48.576],[26.973,48.58],[26.983,48.588],[26.988,48.59],[26.996,48.588],[26.996,48.58],[27,48.57],[27.029,48.565],[27.058,48.565],[27.085,48.558],[27.1,48.556],[27.109,48.556],[27.135,48.567],[27.145,48.579],[27.154,48.584],[27.161,48.585],[27.176,48.586],[27.185,48.584],[27.206,48.572],[27.223,48.565],[27.23,48.563],[27.237,48.565],[27.248,48.565],[27.258,48.569],[27.266,48.578],[27.265,48.586],[27.253,48.599],[27.235,48.606],[27.232,48.61],[27.24,48.618],[27.255,48.627],[27.261,48.628],[27.283,48.625],[27.293,48.618],[27.304,48.604],[27.313,48.6],[27.32,48.599],[27.333,48.601],[27.345,48.605],[27.348,48.61],[27.35,48.623],[27.355,48.632],[27.363,48.633],[27.373,48.631],[27.377,48.628],[27.42,48.615],[27.452,48.596],[27.465,48.578],[27.482,48.537],[27.483,48.526],[27.479,48.507],[27.498,48.484],[27.52,48.471],[27.533,48.469],[27.526,48.464],[27.527,48.462],[27.522,48.463],[27.504,48.455],[27.492,48.458],[27.474,48.452],[27.467,48.449],[27.462,48.434],[27.447,48.41],[27.425,48.411],[27.416,48.414],[27.385,48.409],[27.381,48.41],[27.377,48.417],[27.374,48.425],[27.375,48.433],[27.373,48.442],[27.365,48.442],[27.353,48.449],[27.35,48.447],[27.353,48.441],[27.339,48.448],[27.335,48.444],[27.339,48.442],[27.337,48.441],[27.32,48.444],[27.312,48.429],[27.314,48.423],[27.297,48.409],[27.286,48.372],[27.264,48.38],[27.25,48.375],[27.241,48.375],[27.236,48.373],[27.213,48.391],[27.2,48.389],[27.192,48.395],[27.168,48.381],[27.161,48.379],[27.16,48.381],[27.157,48.378],[27.139,48.375],[27.124,48.379],[27.107,48.397],[27.087,48.413],[27.085,48.435],[27.069,48.432],[27.069,48.431],[27.066,48.429],[27.064,48.422],[27.062,48.421],[27.051,48.425],[27.037,48.423],[27.03,48.427],[27.014,48.425],[27.012,48.423],[27.014,48.42],[27.023,48.418],[27.026,48.418],[27.033,48.415],[27.04,48.411],[27.045,48.404],[27.047,48.376],[27.046,48.374],[27.027,48.383],[27.004,48.38],[27.001,48.377],[27.002,48.364],[27,48.365],[26.995,48.359],[26.931,48.372],[26.934,48.364],[26.932,48.363],[26.895,48.383],[26.899,48.395],[26.902,48.397],[26.882,48.416],[26.873,48.419],[26.851,48.413],[26.788,48.419],[26.775,48.418],[26.768,48.407],[26.765,48.408],[26.754,48.399],[26.725,48.412],[26.722,48.411],[26.709,48.405],[26.74,48.379],[26.754,48.365],[26.761,48.361],[26.765,48.354],[26.775,48.352],[26.793,48.344],[26.796,48.343],[26.809,48.352],[26.825,48.344],[26.827,48.326],[26.824,48.326],[26.824,48.32],[26.831,48.313],[26.824,48.312],[26.826,48.304],[26.817,48.295],[26.795,48.291],[26.783,48.297],[26.767,48.302],[26.758,48.323],[26.74,48.313],[26.73,48.326],[26.703,48.35],[26.691,48.363],[26.68,48.359],[26.691,48.345],[26.696,48.327],[26.676,48.325],[26.676,48.317],[26.648,48.305],[26.65,48.298],[26.641,48.29],[26.616,48.274],[26.63,48.26],[26.628,48.247],[26.625,48.246],[26.618,48.251],[26.614,48.249],[26.62,48.239],[26.612,48.24],[26.598,48.238],[26.589,48.246],[26.586,48.246],[26.582,48.243],[26.577,48.243],[26.572,48.238],[26.569,48.23],[26.572,48.225],[26.572,48.219],[26.55,48.225],[26.547,48.223],[26.55,48.216],[26.544,48.214],[26.538,48.214],[26.529,48.209],[26.525,48.213],[26.515,48.211],[26.509,48.214],[26.494,48.218],[26.489,48.218],[26.481,48.214],[26.472,48.219],[26.469,48.216],[26.458,48.214],[26.461,48.209],[26.458,48.206],[26.447,48.204],[26.436,48.204],[26.436,48.202],[26.433,48.2],[26.44,48.197],[26.437,48.193],[26.433,48.193],[26.431,48.196],[26.422,48.201],[26.418,48.197],[26.403,48.189],[26.393,48.19],[26.387,48.187],[26.383,48.187],[26.379,48.19],[26.385,48.193],[26.386,48.195],[26.375,48.198],[26.372,48.198],[26.369,48.19],[26.36,48.185],[26.355,48.186],[26.353,48.19],[26.348,48.191],[26.347,48.189],[26.35,48.184],[26.345,48.182],[26.333,48.184],[26.329,48.18],[26.328,48.176],[26.335,48.162],[26.332,48.156],[26.329,48.153],[26.317,48.149],[26.298,48.134],[26.287,48.118],[26.283,48.101],[26.278,48.095],[26.273,48.082],[26.268,48.077],[26.232,48.061],[26.212,48.051],[26.208,48.029],[26.199,48.008],[26.184,47.995],[26.137,47.984],[26.127,47.988],[26.118,47.982],[26.1,47.978],[26.061,47.988],[25.952,47.971],[25.945,47.973],[25.941,47.976],[25.915,47.978],[25.908,47.965],[25.892,47.961],[25.88,47.963],[25.861,47.97],[25.85,47.969],[25.826,47.964],[25.818,47.954],[25.775,47.939],[25.738,47.942],[25.734,47.946],[25.725,47.944],[25.721,47.944],[25.718,47.941],[25.709,47.942],[25.698,47.946],[25.692,47.944],[25.689,47.946],[25.686,47.944],[25.662,47.949],[25.653,47.948],[25.651,47.95],[25.643,47.95],[25.626,47.949],[25.592,47.938],[25.534,47.936],[25.495,47.932],[25.347,47.916],[25.341,47.914],[25.311,47.914],[25.27,47.892],[25.264,47.894],[25.256,47.893],[25.252,47.895],[25.244,47.894],[25.239,47.896],[25.229,47.892],[25.223,47.879],[25.225,47.873],[25.223,47.869],[25.221,47.859],[25.205,47.853],[25.2,47.846],[25.202,47.84],[25.196,47.834],[25.18,47.826],[25.18,47.818],[25.177,47.816],[25.177,47.814],[25.166,47.809],[25.17,47.804],[25.171,47.796],[25.166,47.791],[25.16,47.789],[25.153,47.789],[25.149,47.792],[25.141,47.786],[25.135,47.782],[25.117,47.769],[25.117,47.757],[25.113,47.754],[25.103,47.753],[25.098,47.749],[25.09,47.749],[25.083,47.745],[25.077,47.745],[25.065,47.741],[25.055,47.746],[25.04,47.725],[25.03,47.728],[25.025,47.732],[25.017,47.731],[25.007,47.734],[25.001,47.727],[24.995,47.725],[24.992,47.726],[24.989,47.728],[24.983,47.729],[24.947,47.729],[24.922,47.726]]]}},{"type":"Feature","properties":{"iso":"UA-51","name":"Одеська обл.","excluded":false},"geometry":{"type":"Polygon","coordinates":[[[31.159,46.41],[31.114,46.392],[31.077,46.382],[31.047,46.377],[31.039,46.36],[31.034,46.328],[31.024,46.301],[31.009,46.276],[31,46.264],[30.968,46.233],[30.963,46.202],[30.953,46.175],[30.938,46.149],[30.919,46.126],[30.894,46.104],[30.88,46.094],[30.85,46.076],[30.828,46.066],[30.804,46.036],[30.78,46.014],[30.766,46.004],[30.736,45.986],[30.719,45.978],[30.702,45.971],[30.668,45.96],[30.648,45.923],[30.628,45.899],[30.604,45.877],[30.572,45.856],[30.562,45.84],[30.542,45.816],[30.518,45.794],[30.485,45.772],[30.459,45.739],[30.435,45.717],[30.406,45.697],[30.391,45.688],[30.345,45.669],[30.331,45.658],[30.302,45.638],[30.261,45.618],[30.237,45.596],[30.208,45.576],[30.176,45.559],[30.159,45.552],[30.125,45.541],[30.097,45.522],[30.066,45.506],[30.074,45.476],[30.075,45.462],[30.073,45.435],[30.093,45.442],[30.129,45.45],[30.166,45.456],[30.203,45.457],[30.241,45.456],[30.278,45.45],[30.313,45.442],[30.347,45.43],[30.378,45.416],[30.406,45.398],[30.431,45.378],[30.452,45.356],[30.468,45.333],[30.48,45.308],[30.488,45.282],[30.49,45.256],[30.488,45.229],[30.48,45.203],[30.468,45.178],[30.452,45.154],[30.431,45.132],[30.406,45.113],[30.378,45.095],[30.347,45.08],[30.313,45.069],[30.278,45.06],[30.241,45.055],[30.203,45.053],[30.166,45.055],[30.129,45.06],[30.093,45.069],[30.06,45.08],[30.022,45.097],[29.996,45.114],[29.972,45.14],[29.952,45.17],[29.691,45.192],[29.688,45.196],[29.689,45.204],[29.672,45.22],[29.669,45.229],[29.662,45.239],[29.66,45.25],[29.664,45.26],[29.679,45.268],[29.671,45.293],[29.67,45.308],[29.657,45.333],[29.651,45.34],[29.631,45.353],[29.592,45.389],[29.567,45.401],[29.545,45.41],[29.498,45.42],[29.474,45.423],[29.462,45.428],[29.44,45.434],[29.43,45.443],[29.415,45.442],[29.394,45.436],[29.382,45.439],[29.364,45.436],[29.348,45.439],[29.336,45.447],[29.327,45.448],[29.318,45.445],[29.304,45.433],[29.291,45.427],[29.273,45.427],[29.258,45.433],[29.251,45.434],[29.238,45.433],[29.224,45.423],[29.21,45.418],[29.203,45.417],[29.187,45.412],[29.179,45.4],[29.167,45.394],[29.14,45.385],[29.121,45.382],[29.105,45.374],[29.083,45.373],[29.073,45.367],[29.058,45.36],[29.042,45.36],[29.03,45.352],[29.009,45.345],[28.989,45.333],[28.966,45.331],[28.957,45.323],[28.949,45.311],[28.949,45.308],[28.955,45.297],[28.952,45.286],[28.947,45.282],[28.942,45.28],[28.932,45.281],[28.915,45.287],[28.874,45.316],[28.867,45.317],[28.854,45.316],[28.846,45.317],[28.835,45.323],[28.823,45.334],[28.816,45.336],[28.806,45.336],[28.796,45.335],[28.782,45.327],[28.781,45.323],[28.782,45.321],[28.8,45.315],[28.805,45.311],[28.803,45.303],[28.793,45.293],[28.783,45.291],[28.765,45.291],[28.759,45.29],[28.755,45.288],[28.752,45.284],[28.754,45.276],[28.764,45.264],[28.774,45.26],[28.78,45.261],[28.785,45.259],[28.792,45.254],[28.793,45.243],[28.788,45.24],[28.781,45.238],[28.75,45.234],[28.73,45.227],[28.714,45.224],[28.697,45.226],[28.669,45.237],[28.642,45.243],[28.579,45.247],[28.561,45.25],[28.532,45.263],[28.512,45.269],[28.496,45.275],[28.386,45.308],[28.349,45.32],[28.342,45.325],[28.331,45.336],[28.302,45.379],[28.285,45.4],[28.284,45.412],[28.287,45.433],[28.281,45.444],[28.268,45.453],[28.26,45.456],[28.222,45.466],[28.212,45.467],[28.215,45.471],[28.258,45.517],[28.305,45.547],[28.422,45.513],[28.421,45.486],[28.433,45.486],[28.516,45.5],[28.491,45.571],[28.544,45.58],[28.516,45.665],[28.486,45.66],[28.481,45.678],[28.484,45.685],[28.504,45.699],[28.511,45.711],[28.515,45.726],[28.52,45.737],[28.524,45.737],[28.534,45.733],[28.556,45.737],[28.564,45.726],[28.589,45.729],[28.595,45.736],[28.595,45.741],[28.591,45.755],[28.581,45.771],[28.586,45.773],[28.592,45.772],[28.624,45.766],[28.709,45.78],[28.697,45.818],[28.786,45.833],[28.755,45.927],[28.755,45.929],[28.762,45.929],[28.764,45.935],[28.757,45.957],[28.78,45.961],[28.776,45.971],[28.979,46.003],[29.006,46.049],[28.951,46.094],[29.068,46.196],[28.952,46.259],[28.953,46.265],[28.985,46.318],[28.997,46.316],[29.004,46.317],[28.998,46.321],[28.997,46.328],[28.991,46.346],[28.987,46.343],[28.967,46.376],[28.942,46.431],[28.937,46.451],[28.931,46.458],[29.002,46.46],[29.026,46.462],[29.023,46.48],[28.987,46.479],[28.987,46.477],[28.978,46.481],[28.981,46.489],[29.033,46.491],[29.033,46.493],[29.039,46.494],[29.039,46.506],[29.063,46.507],[29.063,46.512],[29.164,46.515],[29.162,46.545],[29.236,46.558],[29.241,46.499],[29.249,46.5],[29.255,46.486],[29.219,46.464],[29.229,46.458],[29.23,46.436],[29.232,46.434],[29.228,46.432],[29.235,46.425],[29.244,46.42],[29.247,46.416],[29.207,46.387],[29.208,46.385],[29.241,46.376],[29.268,46.394],[29.263,46.399],[29.268,46.402],[29.264,46.406],[29.297,46.417],[29.303,46.408],[29.324,46.415],[29.306,46.444],[29.319,46.448],[29.312,46.457],[29.311,46.463],[29.308,46.465],[29.337,46.474],[29.333,46.479],[29.338,46.482],[29.332,46.496],[29.351,46.504],[29.379,46.46],[29.376,46.458],[29.396,46.425],[29.399,46.426],[29.387,46.447],[29.449,46.499],[29.502,46.462],[29.485,46.447],[29.494,46.428],[29.498,46.429],[29.507,46.423],[29.566,46.416],[29.58,46.361],[29.6,46.363],[29.603,46.354],[29.678,46.361],[29.677,46.372],[29.66,46.436],[29.679,46.442],[29.681,46.431],[29.685,46.432],[29.686,46.426],[29.734,46.435],[29.731,46.44],[29.742,46.444],[29.727,46.467],[29.742,46.473],[29.749,46.47],[29.768,46.453],[29.776,46.455],[29.79,46.422],[29.787,46.42],[29.794,46.414],[29.798,46.416],[29.823,46.396],[29.805,46.385],[29.891,46.352],[29.887,46.371],[29.939,46.4],[29.988,46.384],[29.997,46.39],[30.022,46.383],[30.058,46.399],[30.07,46.397],[30.091,46.383],[30.097,46.375],[30.107,46.391],[30.147,46.406],[30.164,46.413],[30.161,46.415],[30.161,46.427],[30.156,46.429],[30.151,46.428],[30.148,46.417],[30.146,46.414],[30.14,46.412],[30.134,46.411],[30.13,46.413],[30.135,46.416],[30.135,46.417],[30.124,46.426],[30.112,46.431],[30.105,46.428],[30.101,46.437],[30.096,46.44],[30.09,46.439],[30.097,46.432],[30.098,46.427],[30.092,46.426],[30.088,46.433],[30.082,46.435],[30.079,46.433],[30.078,46.424],[30.057,46.427],[30.055,46.435],[30.064,46.44],[30.064,46.443],[30.045,46.444],[30.033,46.442],[30.022,46.442],[30.022,46.445],[30.027,46.452],[30.025,46.454],[30.018,46.455],[30.008,46.454],[29.994,46.462],[29.994,46.464],[29.997,46.465],[30.021,46.465],[30.023,46.469],[30.021,46.471],[30.017,46.472],[30.001,46.471],[29.994,46.474],[29.99,46.481],[29.99,46.486],[30.001,46.496],[29.999,46.497],[29.992,46.494],[29.988,46.494],[29.987,46.496],[29.992,46.501],[29.987,46.51],[29.984,46.509],[29.983,46.499],[29.971,46.502],[29.967,46.494],[29.961,46.491],[29.953,46.49],[29.965,46.505],[29.965,46.508],[29.961,46.51],[29.958,46.509],[29.956,46.502],[29.952,46.498],[29.944,46.494],[29.937,46.494],[29.935,46.496],[29.943,46.5],[29.944,46.502],[29.934,46.501],[29.924,46.503],[29.928,46.513],[29.911,46.513],[29.906,46.514],[29.905,46.517],[29.911,46.519],[29.914,46.522],[29.896,46.527],[29.895,46.53],[29.903,46.533],[29.894,46.54],[29.888,46.547],[29.885,46.547],[29.88,46.542],[29.876,46.547],[29.943,46.555],[29.949,46.561],[29.94,46.559],[29.942,46.565],[29.946,46.565],[29.949,46.568],[29.939,46.568],[29.935,46.58],[29.94,46.587],[29.946,46.585],[29.947,46.587],[29.954,46.59],[29.958,46.594],[29.96,46.606],[29.953,46.621],[29.954,46.635],[29.947,46.644],[29.946,46.648],[29.952,46.657],[29.955,46.659],[29.958,46.666],[29.959,46.678],[29.972,46.686],[29.966,46.709],[29.968,46.73],[29.975,46.752],[29.974,46.754],[29.966,46.756],[29.966,46.771],[29.964,46.775],[29.942,46.796],[29.943,46.798],[29.935,46.806],[29.963,46.818],[29.979,46.816],[29.979,46.82],[29.972,46.824],[29.969,46.832],[29.954,46.839],[29.952,46.843],[29.926,46.835],[29.928,46.828],[29.906,46.82],[29.884,46.852],[29.892,46.854],[29.884,46.886],[29.847,46.882],[29.849,46.875],[29.749,46.861],[29.731,46.919],[29.721,46.918],[29.718,46.932],[29.709,46.928],[29.71,46.925],[29.701,46.924],[29.701,46.925],[29.648,46.919],[29.64,46.955],[29.572,46.94],[29.557,46.958],[29.596,46.964],[29.602,47.042],[29.629,47.045],[29.613,47.096],[29.612,47.1],[29.548,47.094],[29.55,47.076],[29.53,47.075],[29.53,47.082],[29.516,47.113],[29.499,47.109],[29.495,47.132],[29.505,47.128],[29.58,47.136],[29.552,47.251],[29.599,47.257],[29.574,47.37],[29.518,47.365],[29.498,47.359],[29.494,47.356],[29.488,47.356],[29.486,47.35],[29.491,47.348],[29.487,47.34],[29.493,47.338],[29.491,47.333],[29.483,47.332],[29.486,47.322],[29.484,47.321],[29.486,47.306],[29.445,47.3],[29.446,47.295],[29.427,47.292],[29.424,47.305],[29.398,47.3],[29.384,47.345],[29.398,47.354],[29.391,47.38],[29.361,47.376],[29.362,47.373],[29.338,47.371],[29.317,47.449],[29.309,47.447],[29.304,47.443],[29.291,47.44],[29.289,47.437],[29.277,47.436],[29.273,47.435],[29.253,47.423],[29.254,47.419],[29.251,47.416],[29.244,47.415],[29.242,47.462],[29.191,47.425],[29.185,47.431],[29.183,47.436],[29.188,47.439],[29.182,47.449],[29.193,47.46],[29.189,47.463],[29.191,47.467],[29.162,47.453],[29.158,47.459],[29.188,47.475],[29.184,47.479],[29.192,47.487],[29.191,47.49],[29.183,47.493],[29.182,47.496],[29.186,47.505],[29.185,47.511],[29.19,47.514],[29.185,47.519],[29.152,47.507],[29.117,47.554],[29.167,47.571],[29.171,47.568],[29.185,47.572],[29.185,47.578],[29.189,47.582],[29.186,47.586],[29.192,47.592],[29.199,47.594],[29.204,47.598],[29.201,47.602],[29.218,47.612],[29.21,47.629],[29.214,47.626],[29.219,47.627],[29.223,47.635],[29.234,47.643],[29.209,47.642],[29.21,47.658],[29.22,47.658],[29.22,47.682],[29.231,47.684],[29.22,47.697],[29.223,47.698],[29.204,47.719],[29.215,47.739],[29.249,47.751],[29.276,47.804],[29.247,47.811],[29.233,47.797],[29.219,47.798],[29.198,47.82],[29.207,47.837],[29.21,47.84],[29.215,47.841],[29.227,47.856],[29.235,47.859],[29.236,47.863],[29.243,47.867],[29.267,47.875],[29.269,47.879],[29.274,47.88],[29.278,47.886],[29.281,47.888],[29.272,47.89],[29.216,47.886],[29.217,47.888],[29.222,47.889],[29.224,47.891],[29.216,47.896],[29.213,47.886],[29.201,47.884],[29.185,47.964],[29.18,47.964],[29.175,47.994],[29.125,47.994],[29.124,47.988],[29.13,47.986],[29.131,47.982],[29.109,47.984],[29.102,47.982],[29.102,47.983],[29.093,47.983],[29.092,47.98],[29.09,47.981],[29.084,47.977],[29.085,47.976],[29.088,47.977],[29.093,47.973],[29.097,47.973],[29.098,47.96],[29.095,47.96],[29.091,47.968],[29.087,47.968],[29.082,47.972],[29.079,47.971],[29.079,47.968],[29.085,47.959],[29.087,47.947],[29.074,47.944],[29.052,47.943],[29.037,47.948],[29.033,47.943],[29.025,47.946],[29.012,47.956],[29.002,47.958],[29,47.962],[28.994,47.961],[28.978,47.971],[28.962,47.979],[28.926,47.96],[28.878,48.001],[28.885,48.004],[28.887,48.006],[28.884,48.008],[28.89,48.012],[28.895,48.01],[28.901,48.01],[28.902,48.013],[28.89,48.014],[28.883,48.01],[28.864,48.021],[28.857,48.02],[28.856,48.027],[28.839,48.035],[28.852,48.061],[28.844,48.066],[28.85,48.071],[28.843,48.075],[28.837,48.071],[28.833,48.073],[28.84,48.078],[28.851,48.079],[28.854,48.078],[28.857,48.074],[28.869,48.069],[28.874,48.075],[28.874,48.083],[28.926,48.095],[28.924,48.098],[28.928,48.098],[28.933,48.126],[28.945,48.157],[28.969,48.154],[28.977,48.152],[28.984,48.145],[28.994,48.152],[29,48.151],[29.001,48.148],[29.005,48.151],[29.007,48.148],[29.01,48.148],[29.019,48.131],[29.025,48.128],[29.033,48.126],[29.037,48.13],[29.034,48.132],[29.043,48.14],[29.05,48.15],[29.043,48.158],[29.045,48.162],[29.045,48.172],[29.054,48.182],[29.06,48.18],[29.061,48.184],[29.059,48.185],[29.061,48.186],[29.057,48.189],[29.059,48.193],[29.062,48.192],[29.065,48.195],[29.078,48.194],[29.082,48.188],[29.084,48.189],[29.086,48.187],[29.12,48.161],[29.134,48.153],[29.145,48.156],[29.15,48.151],[29.158,48.148],[29.148,48.142],[29.142,48.141],[29.168,48.14],[29.17,48.142],[29.182,48.141],[29.194,48.134],[29.209,48.134],[29.209,48.139],[29.213,48.143],[29.225,48.143],[29.23,48.141],[29.24,48.141],[29.25,48.15],[29.252,48.149],[29.252,48.138],[29.256,48.133],[29.261,48.133],[29.262,48.13],[29.254,48.128],[29.249,48.128],[29.249,48.13],[29.242,48.129],[29.235,48.12],[29.226,48.122],[29.226,48.123],[29.221,48.124],[29.221,48.125],[29.206,48.122],[29.203,48.12],[29.204,48.117],[29.211,48.115],[29.219,48.108],[29.217,48.105],[29.221,48.105],[29.228,48.103],[29.232,48.103],[29.236,48.109],[29.241,48.107],[29.247,48.111],[29.253,48.109],[29.258,48.112],[29.26,48.11],[29.257,48.107],[29.267,48.107],[29.265,48.094],[29.268,48.093],[29.279,48.09],[29.306,48.09],[29.312,48.086],[29.335,48.095],[29.344,48.094],[29.352,48.097],[29.352,48.09],[29.369,48.095],[29.372,48.09],[29.388,48.095],[29.383,48.103],[29.395,48.114],[29.443,48.122],[29.467,48.123],[29.473,48.122],[29.478,48.108],[29.486,48.107],[29.495,48.102],[29.53,48.098],[29.532,48.1],[29.544,48.101],[29.556,48.098],[29.565,48.101],[29.569,48.099],[29.574,48.104],[29.581,48.102],[29.588,48.102],[29.585,48.11],[29.581,48.111],[29.588,48.117],[29.593,48.116],[29.599,48.12],[29.602,48.133],[29.64,48.123],[29.637,48.112],[29.656,48.112],[29.664,48.108],[29.668,48.116],[29.657,48.119],[29.658,48.121],[29.663,48.12],[29.664,48.122],[29.668,48.121],[29.67,48.123],[29.676,48.163],[29.674,48.169],[29.661,48.184],[29.655,48.195],[29.667,48.196],[29.682,48.188],[29.69,48.193],[29.716,48.201],[29.732,48.203],[29.764,48.2],[29.768,48.203],[29.775,48.203],[29.78,48.205],[29.781,48.209],[29.786,48.207],[29.784,48.206],[29.794,48.201],[29.812,48.207],[29.844,48.212],[29.86,48.204],[29.866,48.198],[29.873,48.193],[29.877,48.188],[29.892,48.184],[29.906,48.205],[29.93,48.234],[29.975,48.218],[29.981,48.225],[29.99,48.231],[29.992,48.22],[30.004,48.215],[30.01,48.209],[30.008,48.201],[30.001,48.195],[30.003,48.184],[30.009,48.182],[30.016,48.186],[30.023,48.185],[30.034,48.178],[30.034,48.173],[30.042,48.163],[30.046,48.153],[30.052,48.15],[30.062,48.152],[30.068,48.145],[30.077,48.147],[30.107,48.14],[30.11,48.144],[30.13,48.148],[30.144,48.147],[30.151,48.144],[30.16,48.146],[30.165,48.145],[30.172,48.149],[30.18,48.151],[30.186,48.155],[30.189,48.155],[30.198,48.149],[30.214,48.148],[30.243,48.141],[30.264,48.148],[30.286,48.14],[30.302,48.143],[30.307,48.142],[30.309,48.14],[30.316,48.116],[30.333,48.116],[30.357,48.112],[30.357,48.101],[30.329,48.097],[30.329,48.101],[30.326,48.103],[30.315,48.106],[30.315,48.099],[30.326,48.097],[30.325,48.094],[30.305,48.097],[30.29,48.096],[30.285,48.093],[30.283,48.085],[30.25,48.09],[30.25,48.086],[30.244,48.078],[30.239,48.074],[30.234,48.073],[30.233,48.07],[30.221,48.07],[30.22,48.071],[30.214,48.073],[30.207,48.068],[30.226,48.056],[30.233,48.06],[30.256,48.028],[30.257,48.022],[30.225,48.012],[30.25,47.982],[30.247,47.981],[30.246,47.967],[30.281,47.951],[30.308,47.93],[30.298,47.923],[30.318,47.844],[30.33,47.811],[30.335,47.81],[30.423,47.821],[30.428,47.801],[30.436,47.801],[30.439,47.79],[30.416,47.787],[30.424,47.761],[30.398,47.758],[30.397,47.753],[30.389,47.752],[30.396,47.726],[30.414,47.672],[30.41,47.67],[30.42,47.635],[30.464,47.641],[30.472,47.618],[30.558,47.631],[30.56,47.626],[30.572,47.627],[30.612,47.636],[30.618,47.624],[30.662,47.635],[30.664,47.635],[30.665,47.618],[30.66,47.617],[30.659,47.616],[30.659,47.604],[30.66,47.601],[30.67,47.601],[30.699,47.602],[30.72,47.609],[30.709,47.639],[30.789,47.649],[30.792,47.636],[30.782,47.634],[30.78,47.63],[30.782,47.625],[30.775,47.624],[30.776,47.609],[30.78,47.597],[30.775,47.596],[30.779,47.584],[30.745,47.58],[30.752,47.56],[30.756,47.561],[30.759,47.556],[30.761,47.556],[30.763,47.553],[30.771,47.554],[30.773,47.546],[30.786,47.548],[30.8,47.553],[30.803,47.547],[30.829,47.55],[30.834,47.537],[30.876,47.545],[30.88,47.534],[30.876,47.533],[30.883,47.508],[30.852,47.503],[30.86,47.481],[30.854,47.48],[30.865,47.444],[30.848,47.444],[30.848,47.439],[30.851,47.421],[30.887,47.426],[30.893,47.403],[30.873,47.401],[30.883,47.367],[30.885,47.365],[30.885,47.359],[30.901,47.36],[30.909,47.346],[30.889,47.342],[30.889,47.338],[30.868,47.334],[30.875,47.318],[30.893,47.321],[30.908,47.277],[30.997,47.29],[30.989,47.267],[31.008,47.27],[31.018,47.239],[31.078,47.247],[31.08,47.248],[31.078,47.253],[31.17,47.266],[31.176,47.256],[31.168,47.255],[31.178,47.223],[31.146,47.218],[31.157,47.182],[31.123,47.177],[31.118,47.19],[31.109,47.188],[31.116,47.168],[31.112,47.166],[31.106,47.165],[31.11,47.156],[31.129,47.157],[31.131,47.153],[31.162,47.157],[31.197,47.155],[31.201,47.172],[31.246,47.178],[31.249,47.169],[31.27,47.172],[31.292,47.094],[31.302,47.083],[31.293,47.082],[31.305,47.048],[31.294,47.046],[31.297,47.033],[31.289,47.031],[31.291,47.025],[31.268,47.022],[31.265,47.029],[31.229,47.022],[31.23,47.019],[31.232,47.019],[31.238,47.001],[31.244,46.992],[31.242,46.991],[31.142,46.979],[31.139,46.98],[31.135,46.99],[31.088,46.983],[31.087,46.983],[31.089,46.974],[31.04,46.969],[31.018,46.964],[31.017,46.961],[31.023,46.938],[31.03,46.933],[31.039,46.906],[31.04,46.899],[31.049,46.899],[31.093,46.881],[31.099,46.875],[31.111,46.845],[31.121,46.845],[31.155,46.837],[31.156,46.835],[31.157,46.83],[31.152,46.797],[31.153,46.792],[31.178,46.769],[31.175,46.763],[31.154,46.747],[31.154,46.735],[31.156,46.728],[31.173,46.712],[31.179,46.709],[31.179,46.68],[31.185,46.662],[31.197,46.66],[31.193,46.657],[31.184,46.655],[31.176,46.651],[31.179,46.648],[31.19,46.648],[31.188,46.644],[31.189,46.64],[31.178,46.634],[31.177,46.629],[31.159,46.41]]]}},{"type":"Feature","properties":{"iso":"UA-48","name":"Миколаївська обл.","excluded":false},"geometry":{"type":"Polygon","coordinates":[[[33.093,47.579],[33.089,47.552],[33.095,47.528],[33.141,47.545],[33.142,47.543],[33.147,47.515],[33.123,47.508],[33.13,47.483],[33.125,47.476],[33.131,47.458],[33.138,47.42],[33.072,47.412],[33.071,47.475],[33.067,47.475],[33.047,47.468],[33.054,47.444],[33.034,47.442],[33.037,47.426],[33.029,47.423],[33.036,47.391],[33.039,47.38],[33.122,47.39],[33.132,47.346],[33.137,47.334],[33.133,47.332],[33.131,47.329],[33.103,47.322],[33.111,47.301],[33.11,47.297],[33.112,47.294],[33.102,47.291],[33.105,47.28],[33.119,47.282],[33.12,47.278],[33.14,47.272],[33.136,47.268],[33.183,47.239],[33.176,47.238],[33.172,47.234],[33.166,47.234],[33.163,47.232],[33.16,47.233],[33.164,47.235],[33.162,47.237],[33.153,47.235],[33.144,47.23],[33.134,47.233],[33.128,47.231],[33.127,47.224],[33.13,47.218],[33.134,47.213],[33.143,47.21],[33.139,47.206],[33.13,47.203],[33.118,47.204],[33.11,47.207],[33.104,47.213],[33.105,47.217],[33.097,47.224],[33.088,47.223],[33.08,47.22],[33.072,47.223],[33.074,47.218],[33.068,47.22],[33.066,47.219],[33.066,47.201],[33.055,47.192],[33.036,47.188],[33.036,47.182],[33.039,47.178],[33.037,47.178],[33.025,47.177],[33.014,47.18],[33.012,47.184],[33.013,47.188],[33.011,47.191],[33.005,47.196],[33,47.196],[33.001,47.193],[33.004,47.191],[33.002,47.189],[32.995,47.192],[32.989,47.19],[32.991,47.194],[32.989,47.194],[32.981,47.191],[32.961,47.19],[32.961,47.184],[32.947,47.162],[32.931,47.15],[32.92,47.146],[32.918,47.143],[32.919,47.133],[32.911,47.127],[32.907,47.121],[32.912,47.115],[32.915,47.105],[32.911,47.1],[32.91,47.094],[32.917,47.087],[32.924,47.086],[32.931,47.08],[33.069,47.022],[33.023,46.973],[32.95,47.003],[32.934,46.986],[32.942,46.974],[32.95,46.947],[32.976,46.949],[32.979,46.934],[32.922,46.927],[32.926,46.911],[32.925,46.91],[32.841,46.9],[32.839,46.896],[32.842,46.895],[32.842,46.892],[32.836,46.885],[32.841,46.882],[32.856,46.877],[32.915,46.883],[32.92,46.866],[32.946,46.869],[32.949,46.858],[32.872,46.847],[32.814,46.84],[32.815,46.835],[32.776,46.831],[32.779,46.825],[32.772,46.821],[32.767,46.821],[32.765,46.828],[32.748,46.826],[32.743,46.828],[32.701,46.821],[32.698,46.823],[32.688,46.862],[32.617,46.854],[32.615,46.854],[32.615,46.856],[32.611,46.859],[32.585,46.856],[32.584,46.86],[32.579,46.859],[32.578,46.863],[32.572,46.863],[32.57,46.873],[32.547,46.869],[32.544,46.883],[32.534,46.881],[32.542,46.85],[32.526,46.848],[32.532,46.824],[32.469,46.817],[32.463,46.84],[32.419,46.836],[32.365,46.829],[32.373,46.799],[32.342,46.795],[32.315,46.806],[32.228,46.845],[32.231,46.839],[32.252,46.82],[32.23,46.809],[32.21,46.806],[32.219,46.771],[32.169,46.764],[32.172,46.752],[32.112,46.745],[32.109,46.752],[32.057,46.745],[32.061,46.728],[32.076,46.73],[32.087,46.684],[32.072,46.682],[32.071,46.684],[32.021,46.678],[32.031,46.669],[31.987,46.664],[31.989,46.659],[31.94,46.651],[31.846,46.498],[31.833,46.5],[31.819,46.496],[31.814,46.493],[31.807,46.479],[31.831,46.353],[31.381,46.408],[31.159,46.41],[31.177,46.629],[31.178,46.634],[31.189,46.64],[31.188,46.644],[31.19,46.648],[31.179,46.648],[31.176,46.651],[31.184,46.655],[31.193,46.657],[31.197,46.66],[31.185,46.662],[31.179,46.68],[31.179,46.709],[31.173,46.712],[31.156,46.728],[31.154,46.735],[31.154,46.747],[31.175,46.763],[31.178,46.769],[31.153,46.792],[31.152,46.797],[31.157,46.83],[31.156,46.835],[31.155,46.837],[31.121,46.845],[31.111,46.845],[31.099,46.875],[31.093,46.881],[31.049,46.899],[31.04,46.899],[31.039,46.906],[31.03,46.933],[31.023,46.938],[31.017,46.961],[31.018,46.964],[31.04,46.969],[31.089,46.974],[31.087,46.983],[31.088,46.983],[31.135,46.99],[31.139,46.98],[31.142,46.979],[31.242,46.991],[31.244,46.992],[31.238,47.001],[31.232,47.019],[31.23,47.019],[31.229,47.022],[31.265,47.029],[31.268,47.022],[31.291,47.025],[31.289,47.031],[31.297,47.033],[31.294,47.046],[31.305,47.048],[31.293,47.082],[31.302,47.083],[31.292,47.094],[31.27,47.172],[31.249,47.169],[31.246,47.178],[31.201,47.172],[31.197,47.155],[31.162,47.157],[31.131,47.153],[31.129,47.157],[31.11,47.156],[31.106,47.165],[31.112,47.166],[31.116,47.168],[31.109,47.188],[31.118,47.19],[31.123,47.177],[31.157,47.182],[31.146,47.218],[31.178,47.223],[31.168,47.255],[31.176,47.256],[31.17,47.266],[31.078,47.253],[31.08,47.248],[31.078,47.247],[31.018,47.239],[31.008,47.27],[30.989,47.267],[30.997,47.29],[30.908,47.277],[30.893,47.321],[30.875,47.318],[30.868,47.334],[30.889,47.338],[30.889,47.342],[30.909,47.346],[30.901,47.36],[30.885,47.359],[30.885,47.365],[30.883,47.367],[30.873,47.401],[30.893,47.403],[30.887,47.426],[30.851,47.421],[30.848,47.439],[30.848,47.444],[30.865,47.444],[30.854,47.48],[30.86,47.481],[30.852,47.503],[30.883,47.508],[30.876,47.533],[30.88,47.534],[30.876,47.545],[30.834,47.537],[30.829,47.55],[30.803,47.547],[30.8,47.553],[30.786,47.548],[30.773,47.546],[30.771,47.554],[30.763,47.553],[30.761,47.556],[30.759,47.556],[30.756,47.561],[30.752,47.56],[30.745,47.58],[30.779,47.584],[30.775,47.596],[30.78,47.597],[30.776,47.609],[30.775,47.624],[30.782,47.625],[30.78,47.63],[30.782,47.634],[30.792,47.636],[30.789,47.649],[30.709,47.639],[30.72,47.609],[30.699,47.602],[30.67,47.601],[30.66,47.601],[30.659,47.604],[30.659,47.616],[30.66,47.617],[30.665,47.618],[30.664,47.635],[30.662,47.635],[30.618,47.624],[30.612,47.636],[30.572,47.627],[30.56,47.626],[30.558,47.631],[30.472,47.618],[30.464,47.641],[30.42,47.635],[30.41,47.67],[30.414,47.672],[30.396,47.726],[30.389,47.752],[30.397,47.753],[30.398,47.758],[30.424,47.761],[30.416,47.787],[30.439,47.79],[30.436,47.801],[30.428,47.801],[30.423,47.821],[30.335,47.81],[30.33,47.811],[30.318,47.844],[30.298,47.923],[30.308,47.93],[30.281,47.951],[30.246,47.967],[30.247,47.981],[30.25,47.982],[30.225,48.012],[30.257,48.022],[30.256,48.028],[30.233,48.06],[30.226,48.056],[30.207,48.068],[30.214,48.073],[30.22,48.071],[30.221,48.07],[30.233,48.07],[30.234,48.073],[30.239,48.074],[30.244,48.078],[30.25,48.086],[30.25,48.09],[30.283,48.085],[30.285,48.093],[30.29,48.096],[30.305,48.097],[30.325,48.094],[30.326,48.097],[30.315,48.099],[30.315,48.106],[30.326,48.103],[30.329,48.101],[30.329,48.097],[30.357,48.101],[30.357,48.112],[30.333,48.116],[30.316,48.116],[30.309,48.14],[30.307,48.142],[30.316,48.141],[30.321,48.143],[30.328,48.149],[30.327,48.16],[30.339,48.162],[30.35,48.168],[30.36,48.17],[30.367,48.175],[30.385,48.175],[30.39,48.166],[30.414,48.163],[30.428,48.166],[30.432,48.171],[30.436,48.173],[30.445,48.169],[30.451,48.17],[30.469,48.163],[30.475,48.167],[30.48,48.167],[30.496,48.17],[30.501,48.168],[30.5,48.165],[30.505,48.158],[30.527,48.18],[30.553,48.163],[30.556,48.156],[30.578,48.155],[30.584,48.157],[30.618,48.156],[30.621,48.158],[30.621,48.166],[30.637,48.167],[30.656,48.172],[30.648,48.18],[30.647,48.185],[30.684,48.188],[30.717,48.196],[30.719,48.187],[30.785,48.191],[30.792,48.168],[30.814,48.17],[30.813,48.177],[30.819,48.181],[30.819,48.188],[30.826,48.188],[30.828,48.182],[30.848,48.184],[30.855,48.161],[30.87,48.162],[30.873,48.161],[30.879,48.164],[30.894,48.165],[30.9,48.159],[30.903,48.162],[30.904,48.165],[30.907,48.164],[30.917,48.165],[30.921,48.17],[30.928,48.166],[30.931,48.166],[30.93,48.18],[30.932,48.184],[30.945,48.184],[30.955,48.181],[30.966,48.185],[30.973,48.185],[30.979,48.184],[30.989,48.184],[30.987,48.195],[30.989,48.194],[30.981,48.222],[31.053,48.232],[31.056,48.22],[31.137,48.229],[31.139,48.221],[31.155,48.223],[31.163,48.222],[31.164,48.22],[31.168,48.218],[31.168,48.215],[31.172,48.213],[31.174,48.209],[31.184,48.202],[31.186,48.197],[31.191,48.194],[31.188,48.188],[31.181,48.186],[31.179,48.182],[31.181,48.179],[31.185,48.179],[31.199,48.169],[31.22,48.171],[31.237,48.117],[31.325,48.138],[31.33,48.114],[31.338,48.115],[31.347,48.119],[31.369,48.12],[31.378,48.127],[31.382,48.132],[31.388,48.13],[31.393,48.111],[31.396,48.108],[31.421,48.112],[31.418,48.121],[31.487,48.13],[31.499,48.087],[31.476,48.083],[31.472,48.078],[31.47,48.063],[31.488,48.065],[31.493,48.05],[31.503,48.052],[31.507,48.056],[31.511,48.061],[31.509,48.069],[31.536,48.068],[31.551,48.07],[31.541,48.108],[31.559,48.11],[31.57,48.097],[31.571,48.097],[31.57,48.103],[31.584,48.106],[31.582,48.117],[31.581,48.117],[31.582,48.121],[31.585,48.121],[31.582,48.129],[31.634,48.135],[31.637,48.125],[31.64,48.125],[31.642,48.115],[31.684,48.12],[31.683,48.115],[31.685,48.115],[31.687,48.116],[31.695,48.093],[31.767,48.102],[31.783,48.042],[31.729,48.036],[31.753,47.944],[31.761,47.946],[31.766,47.945],[31.771,47.948],[31.77,47.951],[31.774,47.954],[31.779,47.956],[31.776,47.958],[31.781,47.96],[31.783,47.955],[31.785,47.955],[31.801,47.957],[31.801,47.961],[31.824,47.961],[31.844,47.964],[31.855,47.916],[31.877,47.919],[31.878,47.915],[31.876,47.912],[31.884,47.898],[31.885,47.879],[31.89,47.866],[31.857,47.865],[31.857,47.859],[31.859,47.85],[31.853,47.848],[31.857,47.839],[31.859,47.839],[31.868,47.828],[31.868,47.822],[31.827,47.817],[31.838,47.782],[31.963,47.799],[31.96,47.81],[32.013,47.816],[32.015,47.816],[32.016,47.813],[32.055,47.817],[32.06,47.804],[32.076,47.807],[32.079,47.796],[32.086,47.797],[32.09,47.782],[32.109,47.784],[32.117,47.756],[32.136,47.758],[32.134,47.756],[32.138,47.753],[32.138,47.75],[32.14,47.749],[32.146,47.751],[32.146,47.754],[32.153,47.756],[32.153,47.758],[32.156,47.759],[32.154,47.76],[32.155,47.761],[32.157,47.76],[32.16,47.751],[32.232,47.76],[32.223,47.792],[32.24,47.794],[32.237,47.815],[32.248,47.816],[32.304,47.824],[32.303,47.823],[32.31,47.818],[32.313,47.819],[32.318,47.817],[32.32,47.819],[32.324,47.814],[32.327,47.814],[32.332,47.805],[32.339,47.8],[32.346,47.799],[32.357,47.791],[32.365,47.789],[32.368,47.79],[32.368,47.793],[32.37,47.795],[32.375,47.794],[32.378,47.797],[32.387,47.799],[32.389,47.797],[32.396,47.801],[32.405,47.8],[32.402,47.798],[32.396,47.798],[32.398,47.796],[32.402,47.795],[32.415,47.797],[32.419,47.802],[32.423,47.801],[32.427,47.8],[32.426,47.794],[32.428,47.79],[32.43,47.79],[32.601,47.81],[32.624,47.813],[32.624,47.816],[32.658,47.82],[32.656,47.826],[32.664,47.84],[32.673,47.842],[32.679,47.852],[32.675,47.858],[32.669,47.853],[32.664,47.871],[32.686,47.873],[32.677,47.907],[32.656,47.905],[32.652,47.921],[32.746,47.933],[32.745,47.936],[32.736,47.944],[32.738,47.948],[32.737,47.952],[32.697,47.947],[32.689,47.983],[32.796,47.994],[32.794,47.992],[32.796,47.981],[32.802,47.981],[32.802,47.975],[32.812,47.976],[32.811,47.979],[32.835,47.983],[32.866,47.985],[32.867,47.984],[32.894,47.986],[32.888,48.009],[32.888,48.018],[32.886,48.02],[32.872,48.024],[32.87,48.032],[32.88,48.033],[32.882,48.028],[32.915,48.032],[32.913,48.038],[32.945,48.042],[32.952,48.035],[32.989,48.048],[33.004,47.989],[32.995,47.984],[32.995,47.976],[32.995,47.967],[33.002,47.966],[33.008,47.937],[32.993,47.935],[33.004,47.913],[33.014,47.91],[33.078,47.92],[33.086,47.886],[33.07,47.883],[33.075,47.86],[33.061,47.859],[33.059,47.85],[33.061,47.833],[33.055,47.832],[33.058,47.82],[33.058,47.815],[33.062,47.804],[33.06,47.801],[33.066,47.784],[33.05,47.782],[33.055,47.76],[33.067,47.762],[33.072,47.739],[33.008,47.732],[33.009,47.726],[32.972,47.723],[32.994,47.63],[32.994,47.624],[33.001,47.621],[33.012,47.626],[33.015,47.621],[33.007,47.616],[32.999,47.615],[32.989,47.616],[32.987,47.613],[32.991,47.607],[32.983,47.604],[32.98,47.604],[32.981,47.606],[32.979,47.606],[32.975,47.603],[32.971,47.605],[32.971,47.603],[32.96,47.597],[32.96,47.593],[32.961,47.59],[33.095,47.597],[33.093,47.579]]]}},{"type":"Feature","properties":{"iso":"UA-43","name":"АР Крим","excluded":true},"geometry":{"type":"Polygon","coordinates":[[[32.773,45.827],[33.187,45.927],[33.541,46.012],[33.591,46.061],[33.572,46.103],[33.615,46.135],[33.641,46.142],[33.636,46.146],[33.615,46.226],[33.646,46.23],[33.665,46.221],[33.686,46.206],[33.7,46.203],[33.74,46.185],[33.75,46.188],[33.773,46.198],[33.797,46.203],[33.811,46.204],[33.849,46.2],[33.861,46.195],[33.905,46.165],[33.919,46.158],[33.985,46.135],[33.998,46.126],[34.053,46.109],[34.07,46.117],[34.081,46.118],[34.117,46.107],[34.131,46.1],[34.145,46.087],[34.184,46.067],[34.248,46.053],[34.33,46.061],[34.34,46.058],[34.347,46.055],[34.405,46.009],[34.411,45.999],[34.413,45.99],[34.437,45.967],[34.457,45.952],[34.476,45.944],[34.487,45.942],[34.498,45.943],[34.511,45.948],[34.527,45.959],[34.544,45.976],[34.545,45.979],[34.554,45.99],[34.561,45.994],[34.582,45.996],[34.601,45.994],[34.629,45.986],[34.655,45.975],[34.67,45.968],[34.754,45.909],[34.802,45.901],[34.799,45.81],[34.876,45.79],[34.941,45.766],[34.96,45.757],[34.975,45.762],[35.233,45.792],[35.266,45.772],[35.299,45.745],[35.324,45.713],[35.337,45.683],[35.361,45.672],[35.387,45.656],[35.42,45.628],[35.444,45.596],[35.46,45.56],[35.497,45.546],[35.524,45.531],[35.549,45.514],[35.575,45.49],[35.576,45.49],[35.587,45.521],[35.6,45.544],[35.617,45.565],[35.65,45.593],[35.676,45.609],[35.705,45.622],[35.736,45.633],[35.785,45.643],[35.837,45.647],[35.888,45.643],[35.938,45.633],[35.982,45.617],[36.028,45.624],[36.072,45.626],[36.103,45.638],[36.135,45.648],[36.339,45.672],[36.583,45.635],[36.668,45.627],[36.682,45.457],[36.664,45.36],[36.603,45.309],[36.597,45.284],[36.594,45.253],[36.586,45.244],[36.554,45.222],[36.53,45.199],[36.543,45.134],[36.568,45.051],[36.61,44.941],[36.599,44.93],[36.573,44.909],[36.543,44.891],[36.509,44.876],[36.491,44.869],[36.454,44.859],[36.435,44.856],[36.396,44.851],[36.363,44.85],[36.332,44.838],[36.295,44.828],[36.256,44.822],[36.236,44.82],[36.196,44.819],[36.176,44.821],[36.137,44.826],[36.103,44.834],[36.07,44.821],[36.052,44.815],[36.014,44.807],[35.974,44.803],[35.924,44.803],[35.899,44.797],[35.86,44.793],[35.82,44.792],[35.78,44.796],[35.761,44.799],[35.723,44.807],[35.705,44.813],[35.67,44.827],[35.632,44.849],[35.62,44.834],[35.595,44.812],[35.567,44.792],[35.551,44.783],[35.518,44.768],[35.5,44.762],[35.463,44.752],[35.412,44.744],[35.398,44.737],[35.381,44.713],[35.358,44.689],[35.332,44.668],[35.317,44.659],[35.285,44.642],[35.259,44.631],[35.231,44.616],[35.196,44.603],[35.177,44.597],[35.139,44.589],[35.12,44.586],[35.08,44.584],[35.06,44.584],[35.021,44.587],[35.001,44.59],[34.963,44.599],[34.929,44.611],[34.892,44.605],[34.872,44.603],[34.832,44.602],[34.809,44.604],[34.776,44.593],[34.736,44.585],[34.701,44.563],[34.666,44.547],[34.645,44.521],[34.622,44.499],[34.608,44.466],[34.59,44.44],[34.568,44.417],[34.541,44.395],[34.511,44.377],[34.495,44.369],[34.458,44.355],[34.417,44.328],[34.383,44.313],[34.355,44.303],[34.333,44.283],[34.304,44.263],[34.272,44.246],[34.238,44.232],[34.2,44.222],[34.162,44.216],[34.122,44.213],[34.093,44.214],[34.067,44.204],[34.03,44.194],[33.991,44.187],[33.971,44.185],[33.951,44.185],[33.912,44.186],[33.892,44.188],[33.857,44.194],[33.815,44.187],[33.776,44.185],[33.736,44.186],[33.697,44.191],[33.762,44.39],[33.766,44.392],[33.778,44.394],[33.787,44.398],[33.791,44.404],[33.802,44.402],[33.812,44.404],[33.827,44.408],[33.847,44.417],[33.857,44.42],[33.871,44.419],[33.898,44.421],[33.902,44.419],[33.909,44.419],[33.926,44.421],[33.893,44.473],[33.897,44.479],[33.887,44.482],[33.874,44.493],[33.867,44.5],[33.867,44.503],[33.871,44.505],[33.869,44.507],[33.86,44.507],[33.853,44.515],[33.846,44.519],[33.857,44.526],[33.849,44.531],[33.84,44.53],[33.839,44.538],[33.834,44.542],[33.837,44.549],[33.831,44.555],[33.827,44.563],[33.827,44.571],[33.817,44.577],[33.814,44.577],[33.811,44.574],[33.809,44.577],[33.806,44.575],[33.8,44.581],[33.795,44.58],[33.792,44.585],[33.788,44.585],[33.782,44.597],[33.783,44.606],[33.78,44.613],[33.765,44.609],[33.75,44.608],[33.742,44.605],[33.736,44.601],[33.729,44.605],[33.727,44.609],[33.716,44.62],[33.722,44.632],[33.717,44.633],[33.718,44.638],[33.725,44.64],[33.73,44.647],[33.752,44.664],[33.754,44.666],[33.753,44.669],[33.755,44.675],[33.767,44.682],[33.777,44.69],[33.762,44.701],[33.752,44.699],[33.746,44.701],[33.735,44.708],[33.727,44.717],[33.716,44.716],[33.715,44.706],[33.705,44.705],[33.705,44.709],[33.707,44.711],[33.701,44.715],[33.671,44.71],[33.659,44.714],[33.616,44.712],[33.614,44.75],[33.636,44.753],[33.682,44.77],[33.677,44.786],[33.664,44.795],[33.621,44.807],[33.603,44.81],[33.587,44.808],[33.574,44.824],[33.567,44.839],[33.562,44.841],[33.554,44.84],[33.295,44.941],[33.271,44.941],[33.231,44.944],[33.212,44.947],[33.174,44.956],[33.117,44.976],[33.088,44.989],[33.046,45.001],[33.011,45.015],[32.98,45.032],[32.945,45.058],[32.92,45.07],[32.89,45.089],[32.877,45.099],[32.853,45.122],[32.831,45.151],[32.749,45.125],[32.71,45.117],[32.691,45.114],[32.671,45.113],[32.631,45.112],[32.612,45.113],[32.572,45.118],[32.535,45.127],[32.488,45.144],[32.455,45.147],[32.417,45.154],[32.398,45.159],[32.362,45.171],[32.329,45.187],[32.3,45.205],[32.274,45.227],[32.263,45.238],[32.243,45.263],[32.236,45.276],[32.224,45.303],[32.217,45.336],[32.205,45.369],[32.202,45.397],[32.203,45.425],[32.211,45.452],[32.223,45.479],[32.241,45.504],[32.264,45.528],[32.278,45.551],[32.297,45.575],[32.309,45.586],[32.336,45.607],[32.35,45.616],[32.382,45.633],[32.399,45.64],[32.435,45.652],[32.478,45.661],[32.502,45.676],[32.534,45.693],[32.569,45.706],[32.589,45.712],[32.605,45.727],[32.634,45.746],[32.666,45.763],[32.703,45.776],[32.726,45.797],[32.74,45.807],[32.773,45.827]]]}},{"type":"Feature","properties":{"iso":"UA-05","name":"Вінницька обл.","excluded":false},"geometry":{"type":"Polygon","coordinates":[[[27.817,49.735],[27.815,49.735],[27.816,49.744],[27.835,49.746],[27.835,49.757],[27.844,49.753],[27.848,49.753],[27.891,49.758],[27.894,49.764],[27.901,49.767],[27.933,49.769],[27.94,49.771],[27.958,49.779],[27.982,49.781],[27.991,49.78],[28.009,49.777],[28.019,49.772],[28.093,49.772],[28.094,49.773],[28.097,49.772],[28.111,49.774],[28.12,49.779],[28.146,49.785],[28.149,49.79],[28.152,49.789],[28.155,49.787],[28.213,49.792],[28.218,49.791],[28.216,49.786],[28.226,49.786],[28.225,49.789],[28.229,49.795],[28.245,49.798],[28.245,49.814],[28.25,49.814],[28.262,49.81],[28.263,49.8],[28.289,49.798],[28.297,49.801],[28.349,49.792],[28.379,49.781],[28.407,49.792],[28.412,49.808],[28.42,49.823],[28.423,49.824],[28.432,49.821],[28.439,49.822],[28.444,49.821],[28.454,49.821],[28.469,49.824],[28.473,49.813],[28.479,49.81],[28.481,49.807],[28.529,49.821],[28.528,49.818],[28.53,49.814],[28.542,49.806],[28.549,49.796],[28.553,49.794],[28.555,49.786],[28.563,49.787],[28.57,49.774],[28.601,49.782],[28.602,49.81],[28.613,49.811],[28.619,49.814],[28.628,49.815],[28.629,49.813],[28.633,49.813],[28.636,49.81],[28.639,49.809],[28.636,49.817],[28.667,49.808],[28.682,49.802],[28.688,49.814],[28.69,49.813],[28.711,49.818],[28.712,49.819],[28.722,49.805],[28.724,49.805],[28.726,49.797],[28.734,49.798],[28.735,49.803],[28.746,49.818],[28.759,49.818],[28.759,49.823],[28.751,49.823],[28.751,49.844],[28.785,49.843],[28.784,49.851],[28.814,49.853],[28.814,49.859],[28.844,49.86],[28.857,49.889],[28.868,49.889],[28.881,49.888],[28.882,49.886],[28.899,49.882],[28.896,49.873],[28.905,49.871],[28.91,49.867],[28.903,49.862],[28.937,49.853],[28.953,49.84],[28.945,49.82],[28.956,49.821],[28.961,49.821],[28.962,49.809],[28.971,49.803],[28.941,49.783],[28.966,49.776],[28.964,49.755],[29.002,49.74],[29.005,49.727],[29,49.727],[28.995,49.725],[28.991,49.719],[28.995,49.717],[28.98,49.702],[28.975,49.699],[28.966,49.7],[28.957,49.684],[28.948,49.683],[28.946,49.68],[28.95,49.674],[28.964,49.672],[28.986,49.65],[28.979,49.649],[28.982,49.645],[28.989,49.646],[29.01,49.633],[29.004,49.629],[28.985,49.603],[28.994,49.597],[29.027,49.59],[29.049,49.594],[29.062,49.592],[29.07,49.594],[29.079,49.592],[29.091,49.594],[29.105,49.594],[29.117,49.584],[29.133,49.59],[29.152,49.594],[29.157,49.591],[29.164,49.592],[29.188,49.587],[29.193,49.588],[29.203,49.594],[29.212,49.588],[29.221,49.59],[29.242,49.604],[29.25,49.596],[29.254,49.59],[29.275,49.59],[29.275,49.627],[29.326,49.628],[29.329,49.627],[29.34,49.615],[29.355,49.628],[29.37,49.62],[29.377,49.62],[29.38,49.619],[29.396,49.648],[29.401,49.653],[29.409,49.659],[29.425,49.652],[29.431,49.663],[29.482,49.649],[29.485,49.654],[29.505,49.649],[29.52,49.646],[29.521,49.641],[29.536,49.637],[29.532,49.631],[29.527,49.632],[29.516,49.622],[29.509,49.62],[29.512,49.613],[29.499,49.601],[29.502,49.6],[29.505,49.597],[29.499,49.594],[29.531,49.562],[29.536,49.543],[29.539,49.538],[29.544,49.538],[29.545,49.532],[29.543,49.532],[29.542,49.531],[29.54,49.521],[29.55,49.519],[29.57,49.504],[29.573,49.507],[29.584,49.507],[29.583,49.495],[29.568,49.498],[29.558,49.498],[29.553,49.495],[29.55,49.489],[29.546,49.487],[29.545,49.484],[29.55,49.475],[29.559,49.465],[29.567,49.46],[29.59,49.454],[29.594,49.443],[29.572,49.433],[29.575,49.428],[29.559,49.418],[29.562,49.415],[29.541,49.402],[29.506,49.395],[29.508,49.386],[29.503,49.385],[29.503,49.371],[29.514,49.367],[29.52,49.36],[29.521,49.354],[29.523,49.349],[29.522,49.337],[29.537,49.323],[29.553,49.322],[29.557,49.323],[29.563,49.322],[29.567,49.319],[29.573,49.324],[29.589,49.32],[29.618,49.305],[29.615,49.304],[29.615,49.302],[29.607,49.299],[29.611,49.291],[29.617,49.287],[29.619,49.28],[29.615,49.275],[29.617,49.274],[29.623,49.274],[29.613,49.265],[29.626,49.258],[29.64,49.247],[29.65,49.246],[29.663,49.25],[29.689,49.237],[29.697,49.257],[29.702,49.261],[29.71,49.263],[29.721,49.244],[29.716,49.241],[29.718,49.236],[29.724,49.231],[29.736,49.229],[29.735,49.227],[29.73,49.226],[29.727,49.221],[29.718,49.221],[29.704,49.225],[29.71,49.207],[29.726,49.202],[29.728,49.182],[29.727,49.181],[29.72,49.183],[29.718,49.182],[29.716,49.171],[29.719,49.17],[29.717,49.163],[29.718,49.157],[29.71,49.155],[29.712,49.143],[29.72,49.131],[29.731,49.132],[29.733,49.122],[29.726,49.12],[29.686,49.116],[29.682,49.112],[29.678,49.112],[29.682,49.102],[29.69,49.088],[29.66,49.094],[29.656,49.093],[29.65,49.097],[29.635,49.061],[29.641,49.057],[29.642,49.054],[29.63,49.051],[29.632,49.047],[29.629,49.046],[29.614,49.056],[29.605,49.056],[29.609,49.054],[29.614,49.042],[29.621,49.038],[29.628,49.024],[29.639,49.013],[29.65,49.017],[29.653,49.014],[29.669,49.024],[29.676,49.022],[29.683,49.026],[29.686,49.025],[29.682,49.022],[29.683,49.013],[29.689,49.014],[29.69,49.012],[29.683,49.007],[29.696,49.001],[29.652,48.96],[29.661,48.949],[29.653,48.938],[29.668,48.929],[29.665,48.925],[29.669,48.921],[29.682,48.914],[29.686,48.911],[29.7,48.917],[29.712,48.911],[29.736,48.908],[29.713,48.897],[29.708,48.898],[29.707,48.897],[29.712,48.892],[29.72,48.89],[29.728,48.886],[29.732,48.855],[29.743,48.853],[29.756,48.848],[29.762,48.847],[29.766,48.786],[29.775,48.782],[29.786,48.784],[29.793,48.781],[29.805,48.778],[29.8,48.774],[29.866,48.763],[29.865,48.76],[29.859,48.759],[29.871,48.747],[29.877,48.746],[29.884,48.736],[29.881,48.732],[29.868,48.735],[29.856,48.714],[29.863,48.712],[29.861,48.709],[29.866,48.708],[29.861,48.7],[29.873,48.703],[29.917,48.672],[29.947,48.67],[29.943,48.665],[29.945,48.658],[29.956,48.659],[29.96,48.65],[29.967,48.651],[29.968,48.643],[29.976,48.643],[29.978,48.635],[29.99,48.636],[29.993,48.632],[29.989,48.627],[29.989,48.621],[29.987,48.621],[29.991,48.616],[29.99,48.614],[29.984,48.611],[29.983,48.612],[29.951,48.609],[29.95,48.606],[29.952,48.601],[29.947,48.596],[29.956,48.584],[29.96,48.583],[29.971,48.584],[29.993,48.579],[30.003,48.573],[30.006,48.573],[30.003,48.56],[30.006,48.557],[30.003,48.552],[30.007,48.549],[30.008,48.545],[30.009,48.545],[30.008,48.542],[30.014,48.542],[30.02,48.539],[30.018,48.522],[30.021,48.519],[30.017,48.518],[30.011,48.52],[30.007,48.52],[30.006,48.518],[29.999,48.521],[29.993,48.52],[29.989,48.516],[29.991,48.514],[30,48.514],[30.003,48.515],[30.006,48.513],[30.001,48.492],[29.981,48.494],[29.981,48.493],[29.976,48.49],[29.967,48.492],[29.961,48.473],[29.968,48.472],[29.964,48.46],[29.954,48.463],[29.952,48.461],[29.955,48.454],[29.95,48.452],[29.951,48.45],[29.935,48.444],[29.936,48.443],[29.927,48.44],[29.926,48.443],[29.908,48.439],[29.907,48.437],[29.886,48.427],[29.884,48.43],[29.864,48.426],[29.871,48.416],[29.787,48.37],[29.791,48.366],[29.797,48.365],[29.806,48.36],[29.806,48.354],[29.813,48.35],[29.811,48.346],[29.805,48.347],[29.804,48.332],[29.8,48.332],[29.799,48.329],[29.784,48.33],[29.782,48.315],[29.773,48.313],[29.774,48.31],[29.769,48.309],[29.773,48.305],[29.771,48.302],[29.765,48.3],[29.764,48.296],[29.761,48.296],[29.76,48.298],[29.751,48.299],[29.749,48.289],[29.755,48.289],[29.754,48.284],[29.759,48.282],[29.76,48.278],[29.774,48.272],[29.772,48.268],[29.776,48.259],[29.771,48.257],[29.783,48.243],[29.772,48.224],[29.773,48.217],[29.779,48.213],[29.781,48.209],[29.78,48.205],[29.775,48.203],[29.768,48.203],[29.764,48.2],[29.732,48.203],[29.716,48.201],[29.69,48.193],[29.682,48.188],[29.667,48.196],[29.655,48.195],[29.661,48.184],[29.674,48.169],[29.676,48.163],[29.67,48.123],[29.668,48.121],[29.664,48.122],[29.663,48.12],[29.658,48.121],[29.657,48.119],[29.668,48.116],[29.664,48.108],[29.656,48.112],[29.637,48.112],[29.64,48.123],[29.602,48.133],[29.599,48.12],[29.593,48.116],[29.588,48.117],[29.581,48.111],[29.585,48.11],[29.588,48.102],[29.581,48.102],[29.574,48.104],[29.569,48.099],[29.565,48.101],[29.556,48.098],[29.544,48.101],[29.532,48.1],[29.53,48.098],[29.495,48.102],[29.486,48.107],[29.478,48.108],[29.473,48.122],[29.467,48.123],[29.443,48.122],[29.395,48.114],[29.383,48.103],[29.388,48.095],[29.372,48.09],[29.369,48.095],[29.352,48.09],[29.352,48.097],[29.344,48.094],[29.335,48.095],[29.312,48.086],[29.306,48.09],[29.279,48.09],[29.268,48.093],[29.265,48.094],[29.267,48.107],[29.257,48.107],[29.26,48.11],[29.258,48.112],[29.253,48.109],[29.247,48.111],[29.241,48.107],[29.236,48.109],[29.232,48.103],[29.228,48.103],[29.221,48.105],[29.217,48.105],[29.219,48.108],[29.211,48.115],[29.204,48.117],[29.203,48.12],[29.206,48.122],[29.221,48.125],[29.221,48.124],[29.226,48.123],[29.226,48.122],[29.235,48.12],[29.242,48.129],[29.249,48.13],[29.249,48.128],[29.254,48.128],[29.262,48.13],[29.261,48.133],[29.256,48.133],[29.252,48.138],[29.252,48.149],[29.25,48.15],[29.24,48.141],[29.23,48.141],[29.225,48.143],[29.213,48.143],[29.209,48.139],[29.209,48.134],[29.194,48.134],[29.182,48.141],[29.17,48.142],[29.168,48.14],[29.142,48.141],[29.148,48.142],[29.158,48.148],[29.15,48.151],[29.145,48.156],[29.134,48.153],[29.12,48.161],[29.086,48.187],[29.084,48.189],[29.082,48.188],[29.078,48.194],[29.065,48.195],[29.062,48.192],[29.059,48.193],[29.057,48.189],[29.061,48.186],[29.059,48.185],[29.061,48.184],[29.06,48.18],[29.054,48.182],[29.045,48.172],[29.045,48.162],[29.043,48.158],[29.05,48.15],[29.043,48.14],[29.034,48.132],[29.037,48.13],[29.033,48.126],[29.025,48.128],[29.019,48.131],[29.01,48.148],[29.007,48.148],[29.005,48.151],[29.001,48.148],[29,48.151],[28.994,48.152],[28.984,48.145],[28.977,48.152],[28.969,48.154],[28.945,48.157],[28.933,48.126],[28.928,48.098],[28.924,48.098],[28.926,48.095],[28.874,48.083],[28.874,48.075],[28.869,48.069],[28.857,48.074],[28.854,48.078],[28.851,48.079],[28.85,48.084],[28.858,48.103],[28.855,48.108],[28.847,48.115],[28.841,48.126],[28.837,48.124],[28.833,48.129],[28.814,48.124],[28.806,48.135],[28.8,48.13],[28.795,48.13],[28.795,48.126],[28.772,48.125],[28.755,48.136],[28.736,48.133],[28.722,48.126],[28.707,48.13],[28.688,48.125],[28.68,48.135],[28.678,48.143],[28.682,48.147],[28.648,48.143],[28.649,48.152],[28.635,48.155],[28.63,48.154],[28.615,48.16],[28.611,48.157],[28.592,48.173],[28.579,48.167],[28.571,48.174],[28.574,48.176],[28.576,48.175],[28.577,48.182],[28.57,48.176],[28.565,48.175],[28.557,48.171],[28.545,48.169],[28.543,48.165],[28.535,48.161],[28.53,48.153],[28.503,48.151],[28.521,48.138],[28.499,48.128],[28.5,48.121],[28.493,48.119],[28.499,48.115],[28.496,48.112],[28.497,48.088],[28.492,48.077],[28.494,48.073],[28.501,48.069],[28.501,48.067],[28.499,48.066],[28.49,48.066],[28.481,48.071],[28.464,48.074],[28.454,48.079],[28.438,48.097],[28.434,48.111],[28.422,48.122],[28.423,48.131],[28.439,48.141],[28.44,48.144],[28.433,48.168],[28.428,48.172],[28.41,48.177],[28.383,48.175],[28.372,48.165],[28.364,48.149],[28.356,48.139],[28.352,48.137],[28.34,48.134],[28.322,48.133],[28.307,48.139],[28.305,48.144],[28.307,48.161],[28.315,48.165],[28.347,48.178],[28.355,48.184],[28.362,48.192],[28.368,48.207],[28.369,48.224],[28.364,48.237],[28.359,48.243],[28.353,48.246],[28.343,48.247],[28.33,48.239],[28.329,48.237],[28.323,48.233],[28.316,48.235],[28.309,48.242],[28.303,48.241],[28.285,48.231],[28.275,48.229],[28.232,48.21],[28.219,48.206],[28.208,48.205],[28.203,48.205],[28.193,48.21],[28.186,48.216],[28.182,48.24],[28.187,48.251],[28.182,48.255],[28.178,48.257],[28.158,48.262],[28.144,48.263],[28.141,48.259],[28.139,48.249],[28.129,48.241],[28.106,48.231],[28.103,48.231],[28.09,48.234],[28.082,48.238],[28.079,48.246],[28.081,48.256],[28.089,48.272],[28.093,48.294],[28.085,48.307],[28.075,48.317],[28.059,48.323],[28.042,48.326],[28.015,48.326],[27.971,48.324],[27.964,48.325],[27.954,48.328],[27.939,48.337],[27.904,48.355],[27.888,48.367],[27.879,48.379],[27.878,48.388],[27.881,48.392],[27.873,48.405],[27.855,48.412],[27.846,48.415],[27.826,48.417],[27.82,48.419],[27.809,48.432],[27.786,48.447],[27.756,48.457],[27.748,48.458],[27.71,48.451],[27.682,48.441],[27.676,48.44],[27.644,48.442],[27.591,48.461],[27.589,48.466],[27.596,48.473],[27.594,48.476],[27.605,48.486],[27.599,48.491],[27.581,48.491],[27.561,48.483],[27.552,48.478],[27.533,48.469],[27.52,48.471],[27.498,48.484],[27.479,48.507],[27.483,48.526],[27.482,48.537],[27.465,48.578],[27.452,48.596],[27.42,48.615],[27.377,48.628],[27.373,48.631],[27.379,48.641],[27.38,48.651],[27.386,48.655],[27.388,48.661],[27.388,48.672],[27.39,48.674],[27.391,48.681],[27.399,48.688],[27.408,48.687],[27.406,48.695],[27.413,48.695],[27.415,48.699],[27.414,48.705],[27.407,48.712],[27.4,48.729],[27.413,48.74],[27.397,48.754],[27.394,48.753],[27.39,48.756],[27.393,48.757],[27.39,48.76],[27.388,48.764],[27.405,48.766],[27.408,48.768],[27.409,48.769],[27.404,48.774],[27.413,48.778],[27.419,48.787],[27.417,48.789],[27.421,48.79],[27.422,48.793],[27.427,48.794],[27.429,48.796],[27.429,48.798],[27.421,48.799],[27.411,48.814],[27.418,48.822],[27.414,48.837],[27.418,48.838],[27.415,48.846],[27.412,48.849],[27.415,48.851],[27.416,48.86],[27.415,48.882],[27.402,48.891],[27.394,48.9],[27.397,48.925],[27.394,48.926],[27.395,48.929],[27.392,48.931],[27.395,48.936],[27.391,48.939],[27.403,48.947],[27.402,48.952],[27.411,48.952],[27.412,48.956],[27.415,48.953],[27.418,48.954],[27.411,48.961],[27.417,48.971],[27.408,48.972],[27.396,48.99],[27.395,48.996],[27.398,48.998],[27.388,49.003],[27.383,49.008],[27.405,49.029],[27.416,49.055],[27.427,49.053],[27.428,49.064],[27.439,49.065],[27.437,49.07],[27.451,49.069],[27.463,49.071],[27.492,49.068],[27.504,49.069],[27.499,49.076],[27.484,49.084],[27.48,49.089],[27.491,49.094],[27.505,49.11],[27.492,49.122],[27.507,49.127],[27.506,49.132],[27.513,49.131],[27.515,49.127],[27.522,49.126],[27.525,49.122],[27.533,49.121],[27.537,49.127],[27.533,49.141],[27.535,49.141],[27.541,49.139],[27.542,49.135],[27.548,49.131],[27.569,49.121],[27.574,49.121],[27.596,49.134],[27.593,49.139],[27.594,49.155],[27.601,49.161],[27.619,49.162],[27.639,49.168],[27.649,49.164],[27.657,49.158],[27.671,49.151],[27.687,49.141],[27.694,49.144],[27.698,49.138],[27.7,49.139],[27.709,49.143],[27.713,49.148],[27.74,49.139],[27.741,49.142],[27.753,49.148],[27.758,49.153],[27.755,49.157],[27.759,49.163],[27.764,49.16],[27.774,49.169],[27.779,49.171],[27.78,49.178],[27.777,49.189],[27.782,49.19],[27.789,49.179],[27.795,49.177],[27.798,49.177],[27.801,49.179],[27.804,49.185],[27.812,49.188],[27.813,49.189],[27.817,49.189],[27.824,49.18],[27.828,49.18],[27.83,49.181],[27.844,49.178],[27.851,49.175],[27.855,49.169],[27.882,49.178],[27.888,49.185],[27.898,49.186],[27.894,49.209],[27.884,49.215],[27.868,49.214],[27.861,49.232],[27.857,49.237],[27.861,49.24],[27.871,49.242],[27.872,49.25],[27.869,49.25],[27.861,49.254],[27.858,49.256],[27.858,49.261],[27.849,49.265],[27.856,49.277],[27.857,49.278],[27.862,49.278],[27.863,49.278],[27.859,49.283],[27.863,49.293],[27.862,49.299],[27.852,49.312],[27.857,49.319],[27.854,49.322],[27.859,49.331],[27.853,49.334],[27.839,49.35],[27.829,49.351],[27.821,49.355],[27.815,49.356],[27.811,49.368],[27.817,49.367],[27.829,49.368],[27.828,49.375],[27.817,49.374],[27.816,49.379],[27.811,49.379],[27.812,49.388],[27.824,49.389],[27.824,49.391],[27.834,49.391],[27.832,49.406],[27.85,49.421],[27.852,49.427],[27.846,49.431],[27.827,49.421],[27.805,49.439],[27.791,49.434],[27.788,49.438],[27.783,49.438],[27.781,49.443],[27.769,49.44],[27.767,49.444],[27.751,49.439],[27.746,49.451],[27.757,49.463],[27.764,49.478],[27.776,49.475],[27.785,49.487],[27.791,49.488],[27.79,49.492],[27.767,49.489],[27.761,49.493],[27.756,49.492],[27.745,49.493],[27.74,49.492],[27.735,49.495],[27.739,49.498],[27.739,49.503],[27.736,49.511],[27.737,49.516],[27.742,49.522],[27.743,49.531],[27.749,49.53],[27.758,49.532],[27.763,49.53],[27.77,49.522],[27.776,49.52],[27.779,49.52],[27.787,49.528],[27.795,49.531],[27.794,49.536],[27.791,49.54],[27.786,49.543],[27.785,49.545],[27.795,49.553],[27.788,49.56],[27.774,49.567],[27.759,49.572],[27.758,49.576],[27.761,49.585],[27.771,49.589],[27.773,49.596],[27.783,49.597],[27.791,49.603],[27.79,49.605],[27.8,49.62],[27.811,49.615],[27.811,49.644],[27.767,49.667],[27.767,49.674],[27.762,49.697],[27.79,49.701],[27.801,49.701],[27.811,49.702],[27.806,49.71],[27.837,49.73],[27.817,49.735]]]}},{"type":"Feature","properties":{"iso":"UA-68","name":"Хмельницька обл.","excluded":false},"geometry":{"type":"Polygon","coordinates":[[[26.22,50.18],[26.23,50.172],[26.231,50.173],[26.239,50.173],[26.24,50.174],[26.24,50.173],[26.245,50.174],[26.246,50.177],[26.248,50.176],[26.252,50.179],[26.257,50.18],[26.265,50.178],[26.274,50.179],[26.276,50.182],[26.287,50.184],[26.291,50.187],[26.294,50.188],[26.295,50.191],[26.305,50.198],[26.305,50.202],[26.302,50.205],[26.307,50.213],[26.31,50.215],[26.315,50.215],[26.316,50.218],[26.325,50.225],[26.325,50.231],[26.34,50.235],[26.346,50.239],[26.35,50.239],[26.353,50.244],[26.36,50.248],[26.363,50.251],[26.368,50.252],[26.379,50.251],[26.383,50.254],[26.382,50.257],[26.384,50.26],[26.397,50.265],[26.41,50.262],[26.417,50.262],[26.42,50.26],[26.427,50.262],[26.43,50.26],[26.436,50.261],[26.436,50.26],[26.439,50.26],[26.446,50.264],[26.452,50.264],[26.455,50.263],[26.453,50.26],[26.471,50.26],[26.479,50.265],[26.484,50.266],[26.504,50.262],[26.506,50.264],[26.495,50.267],[26.494,50.268],[26.499,50.271],[26.494,50.276],[26.494,50.28],[26.5,50.283],[26.503,50.282],[26.505,50.285],[26.515,50.281],[26.515,50.284],[26.508,50.288],[26.509,50.289],[26.511,50.29],[26.515,50.29],[26.517,50.298],[26.521,50.297],[26.523,50.299],[26.523,50.303],[26.52,50.306],[26.526,50.31],[26.533,50.306],[26.547,50.308],[26.544,50.317],[26.561,50.317],[26.563,50.321],[26.552,50.33],[26.583,50.34],[26.587,50.339],[26.588,50.346],[26.602,50.368],[26.621,50.371],[26.648,50.365],[26.66,50.392],[26.682,50.389],[26.692,50.42],[26.713,50.417],[26.716,50.426],[26.718,50.446],[26.725,50.444],[26.737,50.445],[26.738,50.452],[26.727,50.457],[26.734,50.464],[26.736,50.472],[26.735,50.477],[26.746,50.48],[26.747,50.472],[26.745,50.465],[26.741,50.464],[26.742,50.461],[26.759,50.463],[26.765,50.462],[26.767,50.467],[26.77,50.467],[26.77,50.465],[26.773,50.464],[26.775,50.468],[26.781,50.466],[26.787,50.467],[26.787,50.471],[26.79,50.473],[26.789,50.476],[26.774,50.474],[26.775,50.472],[26.761,50.47],[26.76,50.476],[26.768,50.477],[26.768,50.486],[26.765,50.489],[26.766,50.491],[26.77,50.492],[26.775,50.491],[26.781,50.495],[26.779,50.501],[26.784,50.502],[26.79,50.504],[26.799,50.502],[26.818,50.503],[26.819,50.513],[26.828,50.523],[26.834,50.523],[26.837,50.517],[26.856,50.509],[26.862,50.517],[26.871,50.521],[26.879,50.532],[26.879,50.534],[26.899,50.546],[26.917,50.537],[26.92,50.537],[26.941,50.53],[26.967,50.529],[26.983,50.523],[26.989,50.534],[27.007,50.54],[27.018,50.559],[27.057,50.552],[27.071,50.551],[27.075,50.555],[27.065,50.562],[27.068,50.565],[27.072,50.576],[27.078,50.577],[27.077,50.578],[27.08,50.584],[27.088,50.58],[27.091,50.587],[27.104,50.584],[27.112,50.593],[27.118,50.595],[27.12,50.591],[27.131,50.589],[27.13,50.581],[27.127,50.575],[27.124,50.573],[27.131,50.56],[27.149,50.563],[27.173,50.562],[27.196,50.562],[27.197,50.552],[27.203,50.545],[27.207,50.532],[27.223,50.528],[27.228,50.524],[27.259,50.514],[27.262,50.51],[27.263,50.504],[27.26,50.501],[27.262,50.495],[27.267,50.491],[27.276,50.49],[27.288,50.493],[27.302,50.493],[27.29,50.473],[27.292,50.457],[27.258,50.422],[27.254,50.413],[27.255,50.411],[27.249,50.393],[27.321,50.369],[27.32,50.365],[27.324,50.36],[27.323,50.353],[27.313,50.34],[27.316,50.331],[27.33,50.334],[27.337,50.332],[27.345,50.334],[27.353,50.331],[27.363,50.332],[27.403,50.313],[27.415,50.307],[27.416,50.3],[27.42,50.299],[27.417,50.295],[27.412,50.296],[27.412,50.294],[27.403,50.294],[27.412,50.291],[27.407,50.289],[27.404,50.289],[27.396,50.292],[27.391,50.29],[27.399,50.288],[27.404,50.282],[27.409,50.281],[27.416,50.275],[27.424,50.272],[27.424,50.275],[27.445,50.275],[27.442,50.26],[27.46,50.259],[27.46,50.257],[27.481,50.257],[27.481,50.252],[27.491,50.238],[27.521,50.225],[27.527,50.226],[27.542,50.246],[27.563,50.245],[27.563,50.248],[27.567,50.248],[27.567,50.253],[27.573,50.253],[27.578,50.259],[27.596,50.259],[27.597,50.249],[27.602,50.243],[27.598,50.23],[27.595,50.23],[27.593,50.215],[27.608,50.215],[27.612,50.195],[27.618,50.198],[27.621,50.198],[27.621,50.17],[27.642,50.173],[27.637,50.188],[27.664,50.193],[27.663,50.172],[27.679,50.161],[27.681,50.158],[27.674,50.158],[27.673,50.154],[27.652,50.153],[27.649,50.144],[27.636,50.143],[27.632,50.146],[27.631,50.145],[27.633,50.135],[27.632,50.134],[27.628,50.133],[27.625,50.124],[27.638,50.116],[27.638,50.115],[27.631,50.115],[27.631,50.112],[27.624,50.113],[27.623,50.105],[27.629,50.103],[27.615,50.086],[27.657,50.079],[27.667,50.077],[27.667,50.074],[27.67,50.073],[27.67,50.072],[27.675,50.069],[27.677,50.064],[27.678,50.061],[27.675,50.056],[27.678,50.054],[27.681,50.047],[27.678,50.042],[27.674,50.043],[27.68,50.04],[27.678,50.039],[27.681,50.035],[27.677,50.034],[27.671,50.026],[27.657,50.026],[27.658,50.033],[27.642,50.037],[27.61,50.006],[27.584,50.017],[27.569,50.02],[27.564,50.02],[27.557,50.012],[27.546,50.011],[27.546,50],[27.554,49.988],[27.562,49.984],[27.566,49.959],[27.568,49.956],[27.571,49.956],[27.575,49.949],[27.557,49.946],[27.557,49.935],[27.548,49.935],[27.549,49.909],[27.546,49.904],[27.548,49.902],[27.545,49.901],[27.566,49.902],[27.563,49.905],[27.564,49.907],[27.565,49.91],[27.569,49.91],[27.574,49.909],[27.577,49.904],[27.589,49.897],[27.596,49.896],[27.597,49.89],[27.605,49.891],[27.617,49.895],[27.625,49.892],[27.61,49.875],[27.616,49.873],[27.615,49.864],[27.622,49.861],[27.622,49.858],[27.619,49.856],[27.621,49.853],[27.627,49.85],[27.622,49.845],[27.622,49.839],[27.629,49.835],[27.629,49.833],[27.636,49.828],[27.633,49.825],[27.636,49.823],[27.637,49.825],[27.639,49.825],[27.638,49.821],[27.642,49.82],[27.644,49.816],[27.641,49.814],[27.646,49.808],[27.651,49.806],[27.655,49.802],[27.659,49.801],[27.66,49.799],[27.659,49.797],[27.664,49.795],[27.668,49.808],[27.692,49.802],[27.697,49.809],[27.716,49.806],[27.727,49.8],[27.723,49.793],[27.723,49.79],[27.715,49.783],[27.71,49.782],[27.706,49.779],[27.703,49.769],[27.732,49.764],[27.743,49.758],[27.749,49.757],[27.757,49.751],[27.758,49.746],[27.768,49.74],[27.781,49.728],[27.791,49.727],[27.801,49.729],[27.807,49.728],[27.817,49.735],[27.837,49.73],[27.806,49.71],[27.811,49.702],[27.801,49.701],[27.79,49.701],[27.762,49.697],[27.767,49.674],[27.767,49.667],[27.811,49.644],[27.811,49.615],[27.8,49.62],[27.79,49.605],[27.791,49.603],[27.783,49.597],[27.773,49.596],[27.771,49.589],[27.761,49.585],[27.758,49.576],[27.759,49.572],[27.774,49.567],[27.788,49.56],[27.795,49.553],[27.785,49.545],[27.786,49.543],[27.791,49.54],[27.794,49.536],[27.795,49.531],[27.787,49.528],[27.779,49.52],[27.776,49.52],[27.77,49.522],[27.763,49.53],[27.758,49.532],[27.749,49.53],[27.743,49.531],[27.742,49.522],[27.737,49.516],[27.736,49.511],[27.739,49.503],[27.739,49.498],[27.735,49.495],[27.74,49.492],[27.745,49.493],[27.756,49.492],[27.761,49.493],[27.767,49.489],[27.79,49.492],[27.791,49.488],[27.785,49.487],[27.776,49.475],[27.764,49.478],[27.757,49.463],[27.746,49.451],[27.751,49.439],[27.767,49.444],[27.769,49.44],[27.781,49.443],[27.783,49.438],[27.788,49.438],[27.791,49.434],[27.805,49.439],[27.827,49.421],[27.846,49.431],[27.852,49.427],[27.85,49.421],[27.832,49.406],[27.834,49.391],[27.824,49.391],[27.824,49.389],[27.812,49.388],[27.811,49.379],[27.816,49.379],[27.817,49.374],[27.828,49.375],[27.829,49.368],[27.817,49.367],[27.811,49.368],[27.815,49.356],[27.821,49.355],[27.829,49.351],[27.839,49.35],[27.853,49.334],[27.859,49.331],[27.854,49.322],[27.857,49.319],[27.852,49.312],[27.862,49.299],[27.863,49.293],[27.859,49.283],[27.863,49.278],[27.862,49.278],[27.857,49.278],[27.856,49.277],[27.849,49.265],[27.858,49.261],[27.858,49.256],[27.861,49.254],[27.869,49.25],[27.872,49.25],[27.871,49.242],[27.861,49.24],[27.857,49.237],[27.861,49.232],[27.868,49.214],[27.884,49.215],[27.894,49.209],[27.898,49.186],[27.888,49.185],[27.882,49.178],[27.855,49.169],[27.851,49.175],[27.844,49.178],[27.83,49.181],[27.828,49.18],[27.824,49.18],[27.817,49.189],[27.813,49.189],[27.812,49.188],[27.804,49.185],[27.801,49.179],[27.798,49.177],[27.795,49.177],[27.789,49.179],[27.782,49.19],[27.777,49.189],[27.78,49.178],[27.779,49.171],[27.774,49.169],[27.764,49.16],[27.759,49.163],[27.755,49.157],[27.758,49.153],[27.753,49.148],[27.741,49.142],[27.74,49.139],[27.713,49.148],[27.709,49.143],[27.7,49.139],[27.698,49.138],[27.694,49.144],[27.687,49.141],[27.671,49.151],[27.657,49.158],[27.649,49.164],[27.639,49.168],[27.619,49.162],[27.601,49.161],[27.594,49.155],[27.593,49.139],[27.596,49.134],[27.574,49.121],[27.569,49.121],[27.548,49.131],[27.542,49.135],[27.541,49.139],[27.535,49.141],[27.533,49.141],[27.537,49.127],[27.533,49.121],[27.525,49.122],[27.522,49.126],[27.515,49.127],[27.513,49.131],[27.506,49.132],[27.507,49.127],[27.492,49.122],[27.505,49.11],[27.491,49.094],[27.48,49.089],[27.484,49.084],[27.499,49.076],[27.504,49.069],[27.492,49.068],[27.463,49.071],[27.451,49.069],[27.437,49.07],[27.439,49.065],[27.428,49.064],[27.427,49.053],[27.416,49.055],[27.405,49.029],[27.383,49.008],[27.388,49.003],[27.398,48.998],[27.395,48.996],[27.396,48.99],[27.408,48.972],[27.417,48.971],[27.411,48.961],[27.418,48.954],[27.415,48.953],[27.412,48.956],[27.411,48.952],[27.402,48.952],[27.403,48.947],[27.391,48.939],[27.395,48.936],[27.392,48.931],[27.395,48.929],[27.394,48.926],[27.397,48.925],[27.394,48.9],[27.402,48.891],[27.415,48.882],[27.416,48.86],[27.415,48.851],[27.412,48.849],[27.415,48.846],[27.418,48.838],[27.414,48.837],[27.418,48.822],[27.411,48.814],[27.421,48.799],[27.429,48.798],[27.429,48.796],[27.427,48.794],[27.422,48.793],[27.421,48.79],[27.417,48.789],[27.419,48.787],[27.413,48.778],[27.404,48.774],[27.409,48.769],[27.408,48.768],[27.405,48.766],[27.388,48.764],[27.39,48.76],[27.393,48.757],[27.39,48.756],[27.394,48.753],[27.397,48.754],[27.413,48.74],[27.4,48.729],[27.407,48.712],[27.414,48.705],[27.415,48.699],[27.413,48.695],[27.406,48.695],[27.408,48.687],[27.399,48.688],[27.391,48.681],[27.39,48.674],[27.388,48.672],[27.388,48.661],[27.386,48.655],[27.38,48.651],[27.379,48.641],[27.373,48.631],[27.363,48.633],[27.355,48.632],[27.35,48.623],[27.348,48.61],[27.345,48.605],[27.333,48.601],[27.32,48.599],[27.313,48.6],[27.304,48.604],[27.293,48.618],[27.283,48.625],[27.261,48.628],[27.255,48.627],[27.24,48.618],[27.232,48.61],[27.235,48.606],[27.253,48.599],[27.265,48.586],[27.266,48.578],[27.258,48.569],[27.248,48.565],[27.237,48.565],[27.23,48.563],[27.223,48.565],[27.206,48.572],[27.185,48.584],[27.176,48.586],[27.161,48.585],[27.154,48.584],[27.145,48.579],[27.135,48.567],[27.109,48.556],[27.1,48.556],[27.085,48.558],[27.058,48.565],[27.029,48.565],[27,48.57],[26.996,48.58],[26.996,48.588],[26.988,48.59],[26.983,48.588],[26.973,48.58],[26.964,48.576],[26.936,48.576],[26.921,48.572],[26.915,48.567],[26.898,48.547],[26.883,48.542],[26.871,48.543],[26.859,48.548],[26.85,48.552],[26.84,48.56],[26.822,48.58],[26.822,48.589],[26.826,48.6],[26.824,48.606],[26.817,48.61],[26.803,48.61],[26.795,48.607],[26.785,48.601],[26.779,48.594],[26.779,48.588],[26.794,48.572],[26.795,48.566],[26.79,48.555],[26.785,48.55],[26.778,48.547],[26.769,48.547],[26.761,48.55],[26.757,48.555],[26.751,48.574],[26.746,48.582],[26.742,48.585],[26.729,48.587],[26.724,48.587],[26.721,48.585],[26.721,48.578],[26.724,48.574],[26.74,48.565],[26.743,48.555],[26.742,48.544],[26.74,48.54],[26.729,48.533],[26.718,48.532],[26.709,48.533],[26.675,48.555],[26.659,48.56],[26.651,48.561],[26.637,48.56],[26.623,48.555],[26.617,48.547],[26.618,48.543],[26.623,48.538],[26.627,48.536],[26.635,48.536],[26.661,48.541],[26.673,48.539],[26.679,48.536],[26.679,48.529],[26.685,48.522],[26.706,48.509],[26.712,48.503],[26.714,48.497],[26.708,48.49],[26.702,48.488],[26.673,48.487],[26.654,48.492],[26.63,48.508],[26.619,48.508],[26.61,48.506],[26.607,48.497],[26.622,48.475],[26.626,48.464],[26.619,48.455],[26.608,48.452],[26.596,48.451],[26.571,48.454],[26.562,48.458],[26.551,48.465],[26.537,48.486],[26.505,48.519],[26.494,48.54],[26.488,48.545],[26.48,48.547],[26.472,48.547],[26.443,48.539],[26.441,48.544],[26.432,48.548],[26.428,48.547],[26.42,48.541],[26.409,48.542],[26.391,48.56],[26.384,48.564],[26.379,48.565],[26.375,48.562],[26.379,48.556],[26.377,48.548],[26.369,48.542],[26.361,48.542],[26.358,48.546],[26.367,48.552],[26.364,48.559],[26.362,48.561],[26.353,48.56],[26.344,48.563],[26.338,48.566],[26.336,48.57],[26.341,48.574],[26.355,48.578],[26.359,48.581],[26.361,48.584],[26.36,48.588],[26.352,48.588],[26.351,48.586],[26.347,48.585],[26.342,48.586],[26.341,48.587],[26.344,48.593],[26.341,48.597],[26.338,48.596],[26.333,48.597],[26.324,48.6],[26.327,48.611],[26.317,48.615],[26.307,48.616],[26.303,48.619],[26.293,48.623],[26.293,48.626],[26.298,48.628],[26.305,48.625],[26.315,48.624],[26.321,48.627],[26.324,48.629],[26.321,48.636],[26.317,48.638],[26.297,48.635],[26.294,48.636],[26.288,48.64],[26.309,48.65],[26.31,48.654],[26.308,48.658],[26.301,48.658],[26.297,48.656],[26.296,48.652],[26.287,48.648],[26.284,48.649],[26.28,48.647],[26.278,48.649],[26.273,48.647],[26.267,48.651],[26.273,48.654],[26.278,48.66],[26.277,48.663],[26.28,48.667],[26.28,48.668],[26.269,48.672],[26.258,48.668],[26.248,48.668],[26.243,48.672],[26.242,48.676],[26.242,48.679],[26.246,48.682],[26.245,48.684],[26.234,48.681],[26.224,48.683],[26.221,48.686],[26.219,48.69],[26.222,48.693],[26.235,48.693],[26.238,48.697],[26.237,48.7],[26.233,48.701],[26.231,48.703],[26.234,48.704],[26.229,48.709],[26.232,48.714],[26.24,48.719],[26.236,48.73],[26.244,48.737],[26.242,48.74],[26.233,48.743],[26.232,48.745],[26.224,48.749],[26.223,48.752],[26.228,48.755],[26.234,48.75],[26.242,48.75],[26.246,48.756],[26.234,48.759],[26.23,48.762],[26.23,48.764],[26.238,48.769],[26.238,48.776],[26.232,48.78],[26.221,48.779],[26.215,48.78],[26.211,48.783],[26.207,48.797],[26.212,48.801],[26.216,48.802],[26.218,48.8],[26.218,48.793],[26.233,48.79],[26.236,48.795],[26.228,48.803],[26.23,48.804],[26.229,48.806],[26.225,48.808],[26.226,48.813],[26.228,48.814],[26.236,48.814],[26.24,48.812],[26.24,48.81],[26.249,48.808],[26.253,48.809],[26.259,48.815],[26.257,48.82],[26.251,48.823],[26.239,48.818],[26.234,48.819],[26.233,48.827],[26.221,48.832],[26.219,48.836],[26.222,48.843],[26.222,48.848],[26.218,48.852],[26.209,48.852],[26.203,48.855],[26.2,48.859],[26.2,48.861],[26.212,48.865],[26.212,48.869],[26.206,48.875],[26.21,48.879],[26.214,48.879],[26.214,48.882],[26.205,48.891],[26.204,48.896],[26.207,48.899],[26.216,48.9],[26.221,48.903],[26.224,48.903],[26.224,48.91],[26.22,48.913],[26.212,48.913],[26.203,48.906],[26.196,48.903],[26.186,48.91],[26.186,48.914],[26.184,48.916],[26.185,48.918],[26.199,48.918],[26.199,48.921],[26.194,48.927],[26.194,48.933],[26.207,48.947],[26.205,48.948],[26.207,48.949],[26.208,48.955],[26.205,48.959],[26.181,48.966],[26.177,48.969],[26.177,48.974],[26.18,48.976],[26.183,48.977],[26.182,48.978],[26.185,48.979],[26.196,48.974],[26.2,48.974],[26.207,48.978],[26.212,48.983],[26.207,48.988],[26.184,48.989],[26.176,48.995],[26.181,49],[26.193,49.004],[26.195,49.004],[26.194,49.001],[26.196,49.001],[26.212,49],[26.215,49.002],[26.216,49.006],[26.215,49.013],[26.205,49.017],[26.198,49.025],[26.199,49.029],[26.209,49.031],[26.208,49.036],[26.196,49.044],[26.191,49.044],[26.184,49.052],[26.183,49.056],[26.189,49.062],[26.197,49.065],[26.204,49.066],[26.216,49.072],[26.213,49.074],[26.195,49.073],[26.192,49.077],[26.197,49.082],[26.196,49.09],[26.2,49.091],[26.199,49.093],[26.203,49.096],[26.205,49.101],[26.203,49.114],[26.203,49.115],[26.2,49.115],[26.199,49.124],[26.196,49.129],[26.197,49.129],[26.206,49.133],[26.204,49.135],[26.195,49.136],[26.199,49.146],[26.192,49.152],[26.19,49.158],[26.194,49.162],[26.2,49.162],[26.2,49.167],[26.204,49.169],[26.19,49.172],[26.189,49.173],[26.195,49.178],[26.196,49.182],[26.183,49.196],[26.191,49.208],[26.196,49.212],[26.191,49.22],[26.202,49.22],[26.202,49.223],[26.199,49.227],[26.207,49.233],[26.201,49.237],[26.201,49.242],[26.203,49.245],[26.208,49.246],[26.222,49.246],[26.236,49.245],[26.243,49.243],[26.245,49.245],[26.247,49.249],[26.242,49.254],[26.246,49.257],[26.248,49.256],[26.258,49.264],[26.258,49.266],[26.244,49.272],[26.241,49.277],[26.248,49.279],[26.254,49.276],[26.257,49.277],[26.257,49.279],[26.249,49.286],[26.251,49.288],[26.258,49.288],[26.26,49.29],[26.246,49.3],[26.252,49.306],[26.25,49.312],[26.245,49.317],[26.23,49.323],[26.226,49.328],[26.226,49.344],[26.229,49.35],[26.235,49.35],[26.24,49.346],[26.244,49.347],[26.244,49.354],[26.241,49.355],[26.234,49.356],[26.232,49.358],[26.245,49.369],[26.222,49.376],[26.219,49.379],[26.226,49.38],[26.23,49.383],[26.229,49.386],[26.232,49.392],[26.231,49.396],[26.235,49.4],[26.225,49.403],[26.225,49.406],[26.229,49.408],[26.22,49.414],[26.216,49.421],[26.214,49.422],[26.213,49.419],[26.21,49.417],[26.208,49.421],[26.199,49.424],[26.193,49.43],[26.195,49.435],[26.2,49.439],[26.196,49.442],[26.196,49.445],[26.189,49.455],[26.188,49.481],[26.18,49.487],[26.166,49.492],[26.164,49.496],[26.152,49.504],[26.151,49.507],[26.142,49.509],[26.145,49.513],[26.157,49.52],[26.156,49.523],[26.159,49.532],[26.171,49.542],[26.176,49.549],[26.186,49.552],[26.191,49.557],[26.202,49.554],[26.2,49.551],[26.203,49.546],[26.21,49.547],[26.219,49.551],[26.219,49.554],[26.214,49.561],[26.215,49.567],[26.214,49.571],[26.207,49.577],[26.209,49.583],[26.213,49.583],[26.214,49.59],[26.208,49.594],[26.202,49.601],[26.199,49.609],[26.208,49.61],[26.216,49.619],[26.226,49.624],[26.231,49.636],[26.239,49.638],[26.253,49.633],[26.263,49.638],[26.266,49.642],[26.26,49.654],[26.269,49.655],[26.272,49.657],[26.269,49.661],[26.269,49.669],[26.249,49.682],[26.241,49.694],[26.228,49.698],[26.221,49.704],[26.209,49.708],[26.194,49.71],[26.191,49.714],[26.212,49.73],[26.214,49.735],[26.226,49.738],[26.244,49.745],[26.242,49.757],[26.236,49.771],[26.239,49.772],[26.241,49.776],[26.23,49.777],[26.226,49.78],[26.23,49.787],[26.228,49.787],[26.227,49.794],[26.219,49.798],[26.218,49.809],[26.217,49.811],[26.21,49.811],[26.205,49.821],[26.198,49.821],[26.193,49.828],[26.188,49.828],[26.189,49.832],[26.185,49.838],[26.185,49.846],[26.178,49.847],[26.201,49.866],[26.188,49.874],[26.175,49.876],[26.163,49.881],[26.163,49.888],[26.158,49.891],[26.144,49.896],[26.138,49.895],[26.133,49.898],[26.134,49.906],[26.141,49.914],[26.163,49.922],[26.166,49.922],[26.158,49.932],[26.145,49.96],[26.148,49.964],[26.148,49.968],[26.142,49.971],[26.142,49.972],[26.145,49.976],[26.152,49.976],[26.157,49.983],[26.169,49.987],[26.167,49.99],[26.173,49.994],[26.187,49.992],[26.202,49.992],[26.205,50.006],[26.211,50.016],[26.205,50.017],[26.205,50.018],[26.2,50.02],[26.19,50.02],[26.177,50.024],[26.176,50.025],[26.201,50.037],[26.216,50.036],[26.218,50.046],[26.225,50.046],[26.227,50.047],[26.225,50.054],[26.221,50.055],[26.222,50.06],[26.211,50.065],[26.206,50.065],[26.201,50.067],[26.207,50.076],[26.2,50.08],[26.205,50.09],[26.199,50.098],[26.274,50.103],[26.274,50.113],[26.235,50.131],[26.243,50.143],[26.236,50.145],[26.234,50.144],[26.223,50.143],[26.223,50.146],[26.209,50.155],[26.21,50.158],[26.217,50.158],[26.216,50.163],[26.221,50.165],[26.211,50.175],[26.22,50.18]]]}},{"type":"Feature","properties":{"iso":"UA-71","name":"Черкаська обл.","excluded":false},"geometry":{"type":"Polygon","coordinates":[[[29.736,49.229],[29.744,49.225],[29.754,49.227],[29.745,49.224],[29.745,49.217],[29.741,49.216],[29.741,49.211],[29.728,49.208],[29.761,49.179],[29.813,49.186],[29.816,49.185],[29.819,49.178],[29.858,49.188],[29.883,49.186],[29.884,49.189],[29.877,49.2],[29.899,49.204],[29.894,49.208],[29.911,49.217],[29.904,49.221],[29.921,49.23],[29.931,49.243],[29.932,49.247],[29.954,49.25],[29.956,49.252],[29.957,49.262],[29.957,49.287],[29.944,49.302],[29.949,49.312],[29.956,49.311],[29.961,49.306],[29.984,49.316],[30.007,49.316],[30.011,49.328],[30.018,49.329],[30.027,49.333],[30.069,49.326],[30.078,49.322],[30.08,49.318],[30.086,49.313],[30.084,49.307],[30.086,49.303],[30.083,49.299],[30.087,49.294],[30.089,49.285],[30.101,49.275],[30.112,49.27],[30.118,49.277],[30.118,49.28],[30.123,49.282],[30.124,49.288],[30.12,49.292],[30.121,49.295],[30.107,49.303],[30.113,49.309],[30.124,49.31],[30.128,49.313],[30.132,49.314],[30.136,49.331],[30.148,49.336],[30.148,49.327],[30.201,49.327],[30.189,49.275],[30.235,49.269],[30.237,49.27],[30.257,49.268],[30.259,49.272],[30.368,49.255],[30.366,49.245],[30.373,49.241],[30.37,49.237],[30.376,49.236],[30.384,49.255],[30.397,49.302],[30.401,49.303],[30.42,49.303],[30.413,49.331],[30.438,49.333],[30.441,49.338],[30.437,49.352],[30.445,49.353],[30.449,49.357],[30.463,49.361],[30.474,49.365],[30.509,49.333],[30.517,49.328],[30.527,49.33],[30.538,49.328],[30.539,49.331],[30.544,49.331],[30.546,49.338],[30.555,49.34],[30.559,49.346],[30.57,49.354],[30.577,49.353],[30.58,49.35],[30.586,49.352],[30.608,49.37],[30.639,49.356],[30.66,49.36],[30.663,49.354],[30.669,49.356],[30.672,49.355],[30.677,49.355],[30.709,49.336],[30.717,49.339],[30.729,49.332],[30.75,49.345],[30.779,49.344],[30.801,49.354],[30.819,49.356],[30.833,49.351],[30.839,49.353],[30.858,49.353],[30.863,49.352],[30.868,49.352],[30.873,49.356],[30.879,49.358],[30.879,49.361],[30.885,49.362],[30.897,49.363],[30.909,49.359],[30.92,49.381],[30.923,49.382],[30.926,49.379],[30.931,49.381],[30.928,49.392],[30.933,49.395],[30.935,49.406],[30.921,49.416],[30.93,49.419],[30.957,49.424],[30.991,49.422],[30.997,49.425],[31.006,49.431],[31.005,49.451],[31.029,49.472],[31.033,49.471],[31.037,49.459],[31.044,49.457],[31.045,49.461],[31.04,49.469],[31.039,49.473],[31.048,49.477],[31.048,49.478],[31.061,49.479],[31.065,49.484],[31.084,49.49],[31.088,49.496],[31.095,49.498],[31.094,49.503],[31.097,49.503],[31.097,49.504],[31.094,49.505],[31.093,49.511],[31.097,49.513],[31.094,49.517],[31.1,49.524],[31.1,49.529],[31.104,49.532],[31.099,49.541],[31.1,49.546],[31.101,49.548],[31.107,49.549],[31.11,49.557],[31.118,49.557],[31.121,49.56],[31.139,49.552],[31.142,49.558],[31.153,49.555],[31.15,49.559],[31.149,49.569],[31.145,49.571],[31.138,49.571],[31.15,49.581],[31.128,49.583],[31.136,49.604],[31.155,49.629],[31.202,49.675],[31.196,49.684],[31.2,49.687],[31.201,49.691],[31.203,49.692],[31.207,49.69],[31.206,49.687],[31.211,49.686],[31.213,49.689],[31.212,49.689],[31.217,49.695],[31.207,49.701],[31.197,49.702],[31.212,49.73],[31.222,49.733],[31.214,49.736],[31.217,49.738],[31.217,49.74],[31.205,49.757],[31.216,49.777],[31.19,49.79],[31.221,49.832],[31.208,49.848],[31.208,49.852],[31.247,49.868],[31.261,49.858],[31.291,49.883],[31.312,49.888],[31.31,49.892],[31.346,49.896],[31.366,49.896],[31.369,49.899],[31.374,49.898],[31.38,49.907],[31.354,49.929],[31.345,49.934],[31.334,49.936],[31.334,49.943],[31.346,49.949],[31.338,49.953],[31.312,49.963],[31.3,49.96],[31.289,49.952],[31.287,49.954],[31.29,49.959],[31.301,49.967],[31.305,49.973],[31.295,49.975],[31.299,49.986],[31.302,49.989],[31.311,49.993],[31.319,49.993],[31.354,49.991],[31.384,49.995],[31.413,49.99],[31.417,49.992],[31.422,49.992],[31.437,49.984],[31.445,49.974],[31.434,49.961],[31.431,49.951],[31.433,49.944],[31.423,49.933],[31.425,49.929],[31.422,49.91],[31.426,49.899],[31.431,49.899],[31.44,49.877],[31.461,49.877],[31.462,49.874],[31.471,49.874],[31.475,49.861],[31.481,49.859],[31.486,49.858],[31.494,49.861],[31.498,49.848],[31.502,49.843],[31.509,49.844],[31.514,49.847],[31.51,49.854],[31.511,49.858],[31.518,49.862],[31.518,49.865],[31.515,49.869],[31.521,49.873],[31.525,49.871],[31.532,49.873],[31.533,49.875],[31.537,49.874],[31.543,49.878],[31.546,49.873],[31.548,49.874],[31.551,49.873],[31.552,49.875],[31.557,49.875],[31.565,49.887],[31.567,49.887],[31.568,49.895],[31.579,49.895],[31.579,49.899],[31.581,49.899],[31.581,49.907],[31.613,49.906],[31.614,49.892],[31.609,49.89],[31.614,49.886],[31.617,49.88],[31.615,49.857],[31.669,49.858],[31.704,49.851],[31.715,49.851],[31.752,49.894],[31.773,49.894],[31.769,49.92],[31.795,49.934],[31.813,49.959],[31.813,49.966],[31.888,49.964],[31.89,49.952],[31.896,49.95],[31.901,49.943],[31.918,49.961],[31.915,49.984],[31.91,50],[31.91,50.014],[31.903,50.017],[31.909,50.018],[31.909,50.023],[31.929,50.03],[31.928,50.031],[31.968,50.044],[31.978,50.039],[31.983,50.053],[31.925,50.061],[31.917,50.06],[31.916,50.057],[31.912,50.056],[31.906,50.057],[31.909,50.06],[31.907,50.06],[31.911,50.1],[31.975,50.125],[31.958,50.141],[31.947,50.137],[31.934,50.158],[31.965,50.151],[31.983,50.177],[32,50.195],[31.988,50.197],[31.992,50.202],[31.998,50.202],[32.014,50.207],[32.041,50.188],[32.057,50.188],[32.086,50.222],[32.107,50.22],[32.116,50.229],[32.126,50.225],[32.112,50.212],[32.154,50.189],[32.162,50.188],[32.163,50.179],[32.173,50.172],[32.176,50.165],[32.298,50.142],[32.305,50.119],[32.287,50.12],[32.25,50.114],[32.258,50.105],[32.276,50.097],[32.264,50.087],[32.262,50.083],[32.263,50.08],[32.277,50.065],[32.314,50.039],[32.321,50.04],[32.326,50.051],[32.333,50.058],[32.348,50.048],[32.353,50.047],[32.346,50.036],[32.364,50.034],[32.37,50.001],[32.378,49.999],[32.38,49.981],[32.428,49.96],[32.419,49.935],[32.431,49.932],[32.43,49.927],[32.42,49.928],[32.414,49.903],[32.422,49.896],[32.434,49.888],[32.402,49.876],[32.393,49.885],[32.374,49.874],[32.409,49.849],[32.413,49.841],[32.437,49.821],[32.449,49.797],[32.504,49.805],[32.514,49.774],[32.556,49.773],[32.572,49.752],[32.568,49.745],[32.574,49.703],[32.662,49.681],[32.659,49.677],[32.674,49.675],[32.677,49.673],[32.673,49.671],[32.681,49.668],[32.683,49.663],[32.692,49.658],[32.7,49.659],[32.7,49.656],[32.704,49.655],[32.708,49.656],[32.708,49.653],[32.705,49.65],[32.708,49.65],[32.709,49.649],[32.707,49.648],[32.701,49.648],[32.701,49.645],[32.706,49.64],[32.703,49.635],[32.707,49.634],[32.709,49.631],[32.714,49.631],[32.711,49.623],[32.716,49.619],[32.707,49.616],[32.714,49.613],[32.712,49.61],[32.705,49.605],[32.696,49.604],[32.695,49.602],[32.701,49.6],[32.711,49.594],[32.722,49.595],[32.735,49.587],[32.748,49.574],[32.75,49.573],[32.751,49.576],[32.753,49.576],[32.757,49.575],[32.749,49.57],[32.753,49.566],[32.751,49.563],[32.753,49.562],[32.75,49.559],[32.75,49.548],[32.747,49.546],[32.752,49.544],[32.75,49.542],[32.75,49.524],[32.747,49.524],[32.71,49.499],[32.705,49.498],[32.682,49.5],[32.678,49.498],[32.672,49.487],[32.668,49.461],[32.674,49.448],[32.669,49.444],[32.654,49.439],[32.652,49.437],[32.66,49.432],[32.662,49.429],[32.668,49.427],[32.681,49.426],[32.683,49.41],[32.679,49.401],[32.692,49.385],[32.696,49.383],[32.713,49.385],[32.728,49.376],[32.738,49.373],[32.736,49.362],[32.739,49.352],[32.714,49.354],[32.675,49.352],[32.668,49.355],[32.649,49.356],[32.602,49.375],[32.566,49.381],[32.553,49.379],[32.543,49.381],[32.536,49.383],[32.523,49.395],[32.519,49.403],[32.51,49.408],[32.507,49.407],[32.503,49.398],[32.498,49.397],[32.496,49.394],[32.489,49.377],[32.478,49.366],[32.476,49.356],[32.464,49.351],[32.461,49.347],[32.461,49.343],[32.463,49.341],[32.471,49.341],[32.479,49.342],[32.479,49.341],[32.471,49.335],[32.467,49.328],[32.497,49.311],[32.509,49.306],[32.526,49.304],[32.542,49.297],[32.567,49.283],[32.597,49.276],[32.605,49.257],[32.61,49.253],[32.624,49.26],[32.634,49.26],[32.651,49.249],[32.658,49.247],[32.671,49.251],[32.679,49.256],[32.689,49.255],[32.714,49.257],[32.721,49.254],[32.735,49.253],[32.747,49.244],[32.756,49.243],[32.758,49.236],[32.759,49.234],[32.764,49.233],[32.775,49.237],[32.799,49.239],[32.807,49.243],[32.812,49.248],[32.815,49.249],[32.832,49.247],[32.847,49.249],[32.859,49.245],[32.841,49.227],[32.822,49.219],[32.809,49.211],[32.807,49.212],[32.784,49.191],[32.775,49.186],[32.768,49.171],[32.758,49.169],[32.757,49.167],[32.762,49.151],[32.777,49.142],[32.782,49.141],[32.789,49.143],[32.795,49.138],[32.824,49.135],[32.857,49.129],[32.875,49.129],[32.89,49.127],[32.896,49.11],[32.896,49.095],[32.881,49.096],[32.857,49.09],[32.844,49.088],[32.828,49.08],[32.815,49.075],[32.823,49.073],[32.829,49.075],[32.837,49.028],[32.843,49.028],[32.842,49.024],[32.838,49.023],[32.838,49.016],[32.836,49.016],[32.834,49.014],[32.831,49.017],[32.827,49.016],[32.829,49.009],[32.836,49.008],[32.845,49.012],[32.846,49.007],[32.849,49.003],[32.853,49],[32.858,48.998],[32.872,49],[32.874,48.992],[32.844,48.99],[32.845,48.981],[32.795,48.976],[32.797,48.971],[32.733,48.965],[32.731,48.975],[32.728,48.975],[32.727,48.977],[32.698,48.974],[32.696,48.983],[32.685,48.982],[32.676,48.986],[32.671,48.983],[32.671,48.978],[32.668,48.977],[32.68,48.957],[32.678,48.957],[32.675,48.96],[32.665,48.958],[32.667,48.956],[32.653,48.953],[32.642,48.954],[32.64,48.958],[32.639,48.955],[32.623,48.956],[32.612,48.954],[32.607,48.956],[32.61,48.959],[32.608,48.965],[32.603,48.962],[32.592,48.96],[32.594,48.955],[32.591,48.955],[32.589,48.954],[32.59,48.953],[32.582,48.951],[32.577,48.952],[32.578,48.959],[32.568,48.957],[32.554,48.963],[32.556,48.966],[32.539,48.967],[32.54,48.962],[32.547,48.959],[32.543,48.957],[32.541,48.952],[32.544,48.951],[32.546,48.946],[32.549,48.945],[32.552,48.942],[32.549,48.939],[32.522,48.939],[32.519,48.94],[32.524,48.944],[32.521,48.948],[32.522,48.949],[32.51,48.96],[32.511,48.963],[32.514,48.963],[32.516,48.966],[32.513,48.966],[32.514,48.968],[32.51,48.971],[32.516,48.974],[32.514,48.976],[32.515,48.978],[32.512,48.984],[32.505,48.985],[32.502,48.988],[32.504,48.993],[32.499,48.999],[32.496,49],[32.499,49.003],[32.498,49.013],[32.493,49.015],[32.476,49.005],[32.473,49.007],[32.472,49.01],[32.474,49.014],[32.466,49.032],[32.474,49.033],[32.462,49.037],[32.462,49.039],[32.46,49.041],[32.456,49.039],[32.453,49.039],[32.452,49.044],[32.446,49.045],[32.443,49.053],[32.435,49.039],[32.427,49.041],[32.418,49.028],[32.397,49.026],[32.398,49.028],[32.392,49.031],[32.383,49.032],[32.379,49.038],[32.378,49.037],[32.374,49.036],[32.371,49.039],[32.37,49.047],[32.372,49.046],[32.371,49.048],[32.376,49.05],[32.366,49.072],[32.353,49.069],[32.351,49.075],[32.348,49.074],[32.349,49.079],[32.315,49.081],[32.313,49.075],[32.298,49.073],[32.298,49.079],[32.291,49.079],[32.283,49.085],[32.283,49.079],[32.267,49.081],[32.26,49.078],[32.257,49.069],[32.257,49.067],[32.265,49.067],[32.262,49.059],[32.258,49.06],[32.252,49.058],[32.243,49.062],[32.238,49.062],[32.234,49.059],[32.236,49.052],[32.218,48.987],[32.216,48.987],[32.214,48.99],[32.198,48.992],[32.192,48.995],[32.186,48.995],[32.181,48.993],[32.179,48.99],[32.182,48.986],[32.178,48.973],[32.163,48.972],[32.158,48.969],[32.135,48.966],[32.136,48.965],[32.133,48.962],[32.135,48.954],[32.131,48.951],[32.144,48.951],[32.154,48.945],[32.152,48.917],[32.146,48.912],[32.105,48.911],[32.105,48.902],[32.099,48.903],[32.097,48.908],[32.097,48.906],[32.094,48.907],[32.092,48.905],[32.086,48.905],[32.095,48.913],[32.092,48.916],[32.093,48.919],[32.083,48.917],[32.08,48.921],[32.049,48.916],[32.044,48.923],[32.041,48.922],[32.027,48.931],[32.016,48.924],[32.012,48.918],[32.004,48.913],[31.998,48.916],[31.989,48.913],[31.961,48.906],[31.959,48.908],[31.957,48.908],[31.954,48.91],[31.953,48.907],[31.945,48.906],[31.941,48.899],[31.931,48.893],[31.93,48.888],[31.921,48.88],[31.912,48.887],[31.92,48.898],[31.919,48.906],[31.876,48.919],[31.835,48.937],[31.832,48.934],[31.824,48.936],[31.818,48.94],[31.808,48.944],[31.809,48.949],[31.806,48.949],[31.797,48.94],[31.77,48.935],[31.751,48.926],[31.725,48.934],[31.698,48.931],[31.696,48.927],[31.699,48.924],[31.699,48.919],[31.696,48.907],[31.69,48.896],[31.684,48.898],[31.681,48.902],[31.68,48.901],[31.667,48.901],[31.662,48.9],[31.653,48.902],[31.64,48.9],[31.639,48.908],[31.62,48.906],[31.618,48.903],[31.608,48.9],[31.602,48.903],[31.597,48.898],[31.601,48.896],[31.599,48.893],[31.586,48.891],[31.581,48.888],[31.579,48.893],[31.595,48.906],[31.582,48.913],[31.567,48.9],[31.572,48.9],[31.577,48.897],[31.578,48.895],[31.569,48.892],[31.572,48.888],[31.581,48.885],[31.574,48.881],[31.581,48.878],[31.582,48.875],[31.58,48.872],[31.576,48.873],[31.559,48.863],[31.567,48.857],[31.554,48.837],[31.562,48.835],[31.559,48.829],[31.527,48.816],[31.528,48.804],[31.496,48.797],[31.468,48.789],[31.423,48.764],[31.436,48.754],[31.424,48.743],[31.422,48.743],[31.424,48.748],[31.419,48.752],[31.419,48.756],[31.417,48.755],[31.412,48.756],[31.411,48.755],[31.414,48.749],[31.409,48.743],[31.404,48.739],[31.393,48.735],[31.392,48.737],[31.398,48.743],[31.399,48.747],[31.396,48.749],[31.394,48.748],[31.392,48.744],[31.387,48.743],[31.384,48.735],[31.385,48.729],[31.381,48.728],[31.371,48.73],[31.369,48.732],[31.37,48.735],[31.358,48.742],[31.352,48.74],[31.355,48.731],[31.354,48.727],[31.344,48.729],[31.33,48.726],[31.325,48.728],[31.326,48.73],[31.319,48.731],[31.32,48.733],[31.317,48.735],[31.32,48.74],[31.312,48.747],[31.312,48.751],[31.313,48.753],[31.31,48.759],[31.302,48.759],[31.292,48.757],[31.285,48.759],[31.28,48.755],[31.271,48.754],[31.261,48.749],[31.253,48.759],[31.253,48.765],[31.249,48.767],[31.244,48.768],[31.231,48.766],[31.216,48.768],[31.213,48.765],[31.214,48.761],[31.206,48.756],[31.195,48.761],[31.184,48.76],[31.177,48.762],[31.173,48.762],[31.152,48.741],[31.143,48.747],[31.136,48.745],[31.13,48.737],[31.126,48.742],[31.123,48.741],[31.118,48.737],[31.117,48.73],[31.114,48.728],[31.106,48.73],[31.1,48.74],[31.093,48.741],[31.087,48.738],[31.089,48.733],[31.087,48.732],[31.069,48.737],[31.067,48.74],[31.07,48.746],[31.062,48.748],[31.058,48.755],[31.056,48.756],[31.046,48.753],[31.042,48.755],[31.039,48.76],[31.02,48.762],[31.015,48.759],[31.009,48.76],[31.002,48.757],[30.994,48.765],[30.973,48.761],[30.967,48.761],[30.961,48.764],[30.957,48.767],[30.958,48.77],[30.95,48.772],[30.944,48.772],[30.942,48.771],[30.943,48.767],[30.947,48.765],[30.946,48.76],[30.933,48.762],[30.919,48.761],[30.903,48.762],[30.896,48.757],[30.897,48.747],[30.883,48.745],[30.878,48.75],[30.87,48.751],[30.846,48.752],[30.841,48.749],[30.831,48.75],[30.828,48.757],[30.821,48.764],[30.811,48.769],[30.805,48.758],[30.753,48.771],[30.751,48.761],[30.721,48.762],[30.699,48.768],[30.638,48.752],[30.636,48.739],[30.623,48.74],[30.61,48.72],[30.603,48.722],[30.592,48.721],[30.589,48.723],[30.576,48.721],[30.598,48.704],[30.602,48.699],[30.611,48.698],[30.608,48.687],[30.606,48.687],[30.6,48.679],[30.597,48.663],[30.553,48.654],[30.53,48.628],[30.541,48.621],[30.544,48.622],[30.571,48.606],[30.559,48.596],[30.568,48.593],[30.563,48.579],[30.57,48.578],[30.567,48.567],[30.54,48.571],[30.539,48.567],[30.53,48.567],[30.53,48.566],[30.526,48.566],[30.525,48.565],[30.524,48.566],[30.508,48.568],[30.507,48.563],[30.502,48.564],[30.501,48.568],[30.486,48.569],[30.486,48.565],[30.479,48.565],[30.474,48.566],[30.453,48.583],[30.403,48.574],[30.389,48.545],[30.387,48.526],[30.362,48.526],[30.327,48.522],[30.308,48.511],[30.255,48.505],[30.255,48.489],[30.22,48.48],[30.163,48.504],[30.151,48.498],[30.152,48.492],[30.157,48.485],[30.15,48.482],[30.143,48.472],[30.131,48.471],[30.131,48.464],[30.127,48.462],[30.123,48.463],[30.12,48.46],[30.121,48.454],[30.114,48.452],[30.094,48.455],[30.088,48.458],[30.083,48.466],[30.071,48.469],[30.062,48.478],[30.051,48.482],[30.05,48.483],[30,48.479],[30.003,48.473],[29.968,48.472],[29.961,48.473],[29.967,48.492],[29.976,48.49],[29.981,48.493],[29.981,48.494],[30.001,48.492],[30.006,48.513],[30.003,48.515],[30,48.514],[29.991,48.514],[29.989,48.516],[29.993,48.52],[29.999,48.521],[30.006,48.518],[30.007,48.52],[30.011,48.52],[30.017,48.518],[30.021,48.519],[30.018,48.522],[30.02,48.539],[30.014,48.542],[30.008,48.542],[30.009,48.545],[30.008,48.545],[30.007,48.549],[30.003,48.552],[30.006,48.557],[30.003,48.56],[30.006,48.573],[30.003,48.573],[29.993,48.579],[29.971,48.584],[29.96,48.583],[29.956,48.584],[29.947,48.596],[29.952,48.601],[29.95,48.606],[29.951,48.609],[29.983,48.612],[29.984,48.611],[29.99,48.614],[29.991,48.616],[29.987,48.621],[29.989,48.621],[29.989,48.627],[29.993,48.632],[29.99,48.636],[29.978,48.635],[29.976,48.643],[29.968,48.643],[29.967,48.651],[29.96,48.65],[29.956,48.659],[29.945,48.658],[29.943,48.665],[29.947,48.67],[29.917,48.672],[29.873,48.703],[29.861,48.7],[29.866,48.708],[29.861,48.709],[29.863,48.712],[29.856,48.714],[29.868,48.735],[29.881,48.732],[29.884,48.736],[29.877,48.746],[29.871,48.747],[29.859,48.759],[29.865,48.76],[29.866,48.763],[29.8,48.774],[29.805,48.778],[29.793,48.781],[29.786,48.784],[29.775,48.782],[29.766,48.786],[29.762,48.847],[29.756,48.848],[29.743,48.853],[29.732,48.855],[29.728,48.886],[29.72,48.89],[29.712,48.892],[29.707,48.897],[29.708,48.898],[29.713,48.897],[29.736,48.908],[29.712,48.911],[29.7,48.917],[29.686,48.911],[29.682,48.914],[29.669,48.921],[29.665,48.925],[29.668,48.929],[29.653,48.938],[29.661,48.949],[29.652,48.96],[29.696,49.001],[29.683,49.007],[29.69,49.012],[29.689,49.014],[29.683,49.013],[29.682,49.022],[29.686,49.025],[29.683,49.026],[29.676,49.022],[29.669,49.024],[29.653,49.014],[29.65,49.017],[29.639,49.013],[29.628,49.024],[29.621,49.038],[29.614,49.042],[29.609,49.054],[29.605,49.056],[29.614,49.056],[29.629,49.046],[29.632,49.047],[29.63,49.051],[29.642,49.054],[29.641,49.057],[29.635,49.061],[29.65,49.097],[29.656,49.093],[29.66,49.094],[29.69,49.088],[29.682,49.102],[29.678,49.112],[29.682,49.112],[29.686,49.116],[29.726,49.12],[29.733,49.122],[29.731,49.132],[29.72,49.131],[29.712,49.143],[29.71,49.155],[29.718,49.157],[29.717,49.163],[29.719,49.17],[29.716,49.171],[29.718,49.182],[29.72,49.183],[29.727,49.181],[29.728,49.182],[29.726,49.202],[29.71,49.207],[29.704,49.225],[29.718,49.221],[29.727,49.221],[29.73,49.226],[29.735,49.227],[29.736,49.229]]]}},{"type":"Feature","properties":{"iso":"UA-53","name":"Полтавська обл.","excluded":false},"geometry":{"type":"Polygon","coordinates":[[[32.116,50.229],[32.115,50.231],[32.097,50.238],[32.1,50.242],[32.09,50.247],[32.101,50.276],[32.095,50.276],[32.099,50.278],[32.087,50.284],[32.091,50.284],[32.094,50.287],[32.099,50.287],[32.14,50.305],[32.129,50.316],[32.143,50.322],[32.152,50.337],[32.143,50.349],[32.218,50.358],[32.227,50.351],[32.237,50.354],[32.239,50.353],[32.239,50.35],[32.254,50.347],[32.269,50.352],[32.265,50.354],[32.255,50.352],[32.257,50.358],[32.264,50.36],[32.264,50.362],[32.26,50.363],[32.26,50.367],[32.255,50.368],[32.252,50.373],[32.278,50.373],[32.278,50.38],[32.291,50.38],[32.295,50.398],[32.301,50.397],[32.306,50.401],[32.326,50.403],[32.316,50.417],[32.32,50.423],[32.33,50.426],[32.334,50.426],[32.339,50.428],[32.365,50.426],[32.368,50.416],[32.398,50.407],[32.402,50.412],[32.447,50.398],[32.477,50.397],[32.484,50.4],[32.489,50.397],[32.493,50.399],[32.492,50.393],[32.487,50.393],[32.491,50.39],[32.493,50.378],[32.486,50.375],[32.487,50.369],[32.494,50.366],[32.493,50.365],[32.498,50.363],[32.511,50.36],[32.526,50.346],[32.543,50.351],[32.545,50.355],[32.549,50.353],[32.556,50.355],[32.563,50.359],[32.579,50.359],[32.585,50.355],[32.634,50.357],[32.633,50.366],[32.672,50.37],[32.671,50.358],[32.73,50.356],[32.741,50.358],[32.742,50.357],[32.74,50.354],[32.743,50.352],[32.747,50.358],[32.75,50.36],[32.759,50.35],[32.765,50.349],[32.77,50.353],[32.793,50.347],[32.801,50.356],[32.787,50.362],[32.792,50.364],[32.788,50.366],[32.788,50.368],[32.791,50.368],[32.79,50.371],[32.796,50.371],[32.811,50.376],[32.838,50.375],[32.9,50.407],[32.91,50.406],[32.917,50.409],[32.915,50.412],[32.913,50.424],[32.921,50.425],[32.92,50.429],[32.937,50.431],[32.933,50.437],[32.95,50.446],[32.959,50.442],[32.965,50.444],[32.969,50.449],[32.969,50.452],[32.966,50.454],[32.968,50.459],[32.976,50.46],[32.979,50.463],[32.972,50.475],[32.988,50.474],[32.991,50.477],[33.016,50.471],[33.013,50.481],[33.027,50.493],[33.022,50.498],[33.023,50.502],[33.03,50.504],[33.033,50.502],[33.042,50.502],[33.06,50.518],[33.066,50.52],[33.069,50.518],[33.102,50.517],[33.119,50.505],[33.13,50.512],[33.134,50.511],[33.146,50.511],[33.153,50.521],[33.167,50.521],[33.173,50.523],[33.179,50.521],[33.182,50.517],[33.193,50.508],[33.214,50.507],[33.221,50.503],[33.226,50.51],[33.238,50.51],[33.234,50.515],[33.239,50.519],[33.243,50.53],[33.244,50.538],[33.248,50.542],[33.25,50.541],[33.257,50.544],[33.26,50.549],[33.263,50.548],[33.268,50.554],[33.282,50.551],[33.284,50.546],[33.291,50.545],[33.299,50.535],[33.317,50.533],[33.318,50.52],[33.375,50.521],[33.375,50.497],[33.413,50.5],[33.415,50.492],[33.42,50.491],[33.42,50.483],[33.434,50.476],[33.438,50.479],[33.433,50.485],[33.464,50.493],[33.478,50.489],[33.478,50.483],[33.486,50.482],[33.501,50.498],[33.505,50.497],[33.503,50.495],[33.504,50.493],[33.515,50.483],[33.525,50.48],[33.527,50.482],[33.532,50.481],[33.538,50.485],[33.538,50.49],[33.563,50.489],[33.564,50.493],[33.572,50.495],[33.582,50.491],[33.589,50.492],[33.612,50.487],[33.613,50.484],[33.621,50.482],[33.716,50.468],[33.735,50.459],[33.752,50.459],[33.762,50.461],[33.786,50.461],[33.785,50.463],[33.789,50.469],[33.788,50.478],[33.806,50.478],[33.83,50.482],[33.826,50.488],[33.839,50.493],[33.843,50.491],[33.846,50.492],[33.852,50.501],[33.843,50.505],[33.832,50.507],[33.822,50.507],[33.821,50.509],[33.815,50.508],[33.811,50.515],[33.819,50.517],[33.821,50.515],[33.84,50.519],[33.842,50.52],[33.839,50.522],[33.877,50.533],[33.879,50.53],[33.892,50.533],[33.897,50.523],[33.907,50.516],[33.913,50.515],[33.917,50.516],[33.955,50.547],[34.008,50.521],[34.006,50.52],[34.02,50.512],[34.03,50.512],[34.032,50.509],[34.028,50.5],[34.033,50.505],[34.041,50.506],[34.049,50.51],[34.057,50.506],[34.059,50.508],[34.057,50.509],[34.058,50.51],[34.054,50.513],[34.063,50.517],[34.071,50.516],[34.072,50.515],[34.087,50.511],[34.088,50.509],[34.106,50.504],[34.092,50.491],[34.084,50.488],[34.099,50.481],[34.104,50.482],[34.109,50.481],[34.118,50.492],[34.12,50.51],[34.138,50.513],[34.153,50.52],[34.155,50.519],[34.161,50.523],[34.171,50.525],[34.188,50.525],[34.196,50.523],[34.205,50.524],[34.219,50.534],[34.229,50.527],[34.245,50.524],[34.248,50.519],[34.255,50.489],[34.249,50.46],[34.252,50.441],[34.265,50.432],[34.272,50.432],[34.279,50.421],[34.288,50.413],[34.343,50.39],[34.364,50.377],[34.367,50.376],[34.369,50.377],[34.374,50.372],[34.39,50.367],[34.377,50.358],[34.384,50.356],[34.383,50.352],[34.392,50.345],[34.411,50.337],[34.411,50.333],[34.4,50.318],[34.457,50.285],[34.464,50.289],[34.508,50.285],[34.519,50.281],[34.512,50.275],[34.516,50.273],[34.514,50.27],[34.521,50.263],[34.52,50.258],[34.523,50.257],[34.523,50.255],[34.519,50.254],[34.519,50.252],[34.517,50.255],[34.514,50.255],[34.516,50.248],[34.526,50.243],[34.527,50.241],[34.535,50.244],[34.534,50.246],[34.529,50.247],[34.529,50.249],[34.543,50.248],[34.546,50.244],[34.552,50.246],[34.555,50.24],[34.555,50.234],[34.558,50.23],[34.561,50.229],[34.563,50.231],[34.559,50.234],[34.563,50.236],[34.571,50.227],[34.558,50.207],[34.554,50.206],[34.523,50.177],[34.526,50.172],[34.534,50.171],[34.527,50.154],[34.538,50.154],[34.539,50.141],[34.547,50.14],[34.546,50.132],[34.551,50.132],[34.573,50.121],[34.576,50.122],[34.581,50.125],[34.58,50.128],[34.593,50.127],[34.599,50.122],[34.6,50.122],[34.617,50.118],[34.624,50.117],[34.632,50.112],[34.641,50.115],[34.651,50.113],[34.654,50.115],[34.657,50.114],[34.657,50.111],[34.661,50.111],[34.665,50.111],[34.663,50.115],[34.667,50.117],[34.671,50.127],[34.675,50.13],[34.672,50.133],[34.677,50.134],[34.681,50.131],[34.675,50.126],[34.676,50.119],[34.68,50.115],[34.677,50.111],[34.692,50.11],[34.7,50.112],[34.697,50.115],[34.698,50.122],[34.696,50.133],[34.702,50.133],[34.703,50.135],[34.7,50.15],[34.707,50.152],[34.719,50.151],[34.724,50.158],[34.734,50.161],[34.75,50.158],[34.749,50.156],[34.75,50.154],[34.74,50.145],[34.745,50.144],[34.75,50.146],[34.766,50.146],[34.782,50.153],[34.801,50.155],[34.799,50.16],[34.825,50.16],[34.832,50.156],[34.843,50.16],[34.848,50.166],[34.854,50.163],[34.901,50.16],[34.941,50.153],[34.933,50.135],[34.937,50.096],[34.949,50.097],[34.95,50.094],[34.956,50.093],[34.957,50.082],[34.962,50.081],[34.965,50.075],[34.938,50.062],[34.934,50.055],[34.902,50.032],[34.881,50.006],[34.864,49.991],[34.856,49.987],[34.867,49.958],[34.87,49.957],[34.87,49.956],[34.863,49.954],[34.859,49.95],[34.868,49.948],[34.873,49.945],[34.878,49.944],[34.893,49.932],[34.912,49.935],[34.939,49.903],[34.958,49.891],[34.971,49.885],[34.98,49.89],[35.014,49.876],[35.034,49.887],[35.064,49.885],[35.063,49.882],[35.054,49.881],[35.056,49.874],[35.047,49.872],[35.068,49.859],[35.074,49.858],[35.085,49.86],[35.095,49.859],[35.105,49.858],[35.119,49.851],[35.131,49.855],[35.14,49.86],[35.164,49.853],[35.168,49.848],[35.199,49.84],[35.196,49.836],[35.209,49.834],[35.219,49.83],[35.216,49.818],[35.217,49.811],[35.222,49.807],[35.219,49.804],[35.213,49.803],[35.21,49.806],[35.206,49.804],[35.204,49.801],[35.2,49.8],[35.204,49.797],[35.2,49.796],[35.201,49.795],[35.211,49.789],[35.206,49.782],[35.212,49.772],[35.206,49.764],[35.205,49.756],[35.21,49.753],[35.211,49.749],[35.208,49.747],[35.223,49.737],[35.259,49.733],[35.265,49.715],[35.257,49.715],[35.252,49.713],[35.249,49.715],[35.242,49.713],[35.245,49.71],[35.251,49.711],[35.255,49.711],[35.256,49.709],[35.244,49.694],[35.265,49.685],[35.299,49.687],[35.331,49.681],[35.345,49.665],[35.391,49.667],[35.391,49.67],[35.42,49.671],[35.426,49.673],[35.433,49.673],[35.434,49.666],[35.424,49.664],[35.426,49.656],[35.441,49.644],[35.452,49.631],[35.465,49.603],[35.486,49.572],[35.475,49.568],[35.475,49.566],[35.41,49.562],[35.406,49.56],[35.405,49.555],[35.409,49.552],[35.427,49.55],[35.425,49.541],[35.433,49.54],[35.429,49.527],[35.485,49.517],[35.491,49.508],[35.481,49.484],[35.463,49.487],[35.462,49.484],[35.332,49.505],[35.327,49.496],[35.331,49.495],[35.316,49.456],[35.348,49.451],[35.354,49.447],[35.364,49.447],[35.348,49.405],[35.375,49.398],[35.358,49.382],[35.341,49.391],[35.319,49.375],[35.339,49.365],[35.279,49.318],[35.288,49.296],[35.279,49.292],[35.28,49.289],[35.277,49.288],[35.279,49.284],[35.273,49.284],[35.271,49.277],[35.258,49.282],[35.263,49.289],[35.241,49.297],[35.217,49.298],[35.215,49.296],[35.171,49.296],[35.125,49.303],[35.114,49.302],[35.108,49.3],[35.099,49.301],[35.096,49.302],[35.091,49.301],[35.08,49.309],[35.076,49.318],[35.037,49.332],[35.024,49.325],[35.019,49.318],[35.024,49.317],[35.011,49.3],[35.006,49.302],[34.98,49.25],[35.018,49.151],[35.011,49.149],[35.014,49.153],[35.011,49.154],[35.009,49.152],[35.007,49.153],[35.008,49.16],[34.999,49.166],[34.995,49.169],[34.989,49.167],[34.986,49.174],[34.984,49.174],[34.977,49.179],[34.977,49.181],[34.965,49.182],[34.963,49.184],[34.963,49.19],[34.962,49.19],[34.961,49.186],[34.958,49.186],[34.956,49.187],[34.959,49.189],[34.959,49.192],[34.954,49.188],[34.953,49.192],[34.948,49.192],[34.949,49.194],[34.946,49.193],[34.936,49.181],[34.931,49.186],[34.925,49.181],[34.922,49.176],[34.92,49.156],[34.912,49.154],[34.908,49.157],[34.906,49.153],[34.899,49.149],[34.889,49.153],[34.887,49.156],[34.869,49.161],[34.87,49.163],[34.867,49.165],[34.869,49.168],[34.878,49.172],[34.883,49.17],[34.883,49.168],[34.891,49.167],[34.896,49.169],[34.902,49.178],[34.884,49.178],[34.879,49.18],[34.859,49.184],[34.857,49.187],[34.857,49.191],[34.847,49.191],[34.82,49.187],[34.821,49.182],[34.826,49.182],[34.827,49.18],[34.826,49.179],[34.823,49.179],[34.822,49.176],[34.825,49.177],[34.827,49.175],[34.816,49.173],[34.815,49.169],[34.812,49.167],[34.808,49.166],[34.806,49.168],[34.809,49.175],[34.803,49.174],[34.803,49.176],[34.805,49.177],[34.804,49.179],[34.798,49.179],[34.793,49.176],[34.788,49.176],[34.784,49.179],[34.783,49.177],[34.775,49.176],[34.774,49.171],[34.767,49.17],[34.767,49.171],[34.765,49.171],[34.765,49.167],[34.758,49.168],[34.758,49.165],[34.761,49.159],[34.765,49.156],[34.764,49.15],[34.768,49.142],[34.75,49.144],[34.748,49.141],[34.741,49.145],[34.729,49.136],[34.72,49.137],[34.705,49.13],[34.696,49.132],[34.695,49.135],[34.693,49.136],[34.691,49.133],[34.687,49.133],[34.689,49.13],[34.685,49.13],[34.685,49.132],[34.68,49.13],[34.683,49.122],[34.665,49.119],[34.656,49.125],[34.652,49.123],[34.651,49.128],[34.648,49.132],[34.644,49.13],[34.646,49.129],[34.642,49.128],[34.643,49.127],[34.639,49.128],[34.637,49.127],[34.636,49.124],[34.632,49.126],[34.624,49.125],[34.621,49.121],[34.607,49.115],[34.608,49.113],[34.6,49.109],[34.598,49.11],[34.598,49.113],[34.591,49.112],[34.592,49.105],[34.589,49.105],[34.589,49.104],[34.591,49.097],[34.595,49.097],[34.595,49.094],[34.592,49.092],[34.591,49.093],[34.589,49.092],[34.587,49.095],[34.578,49.094],[34.579,49.096],[34.577,49.097],[34.572,49.095],[34.574,49.091],[34.569,49.088],[34.572,49.085],[34.566,49.083],[34.569,49.078],[34.564,49.073],[34.571,49.068],[34.569,49.067],[34.574,49.063],[34.558,49.055],[34.556,49.056],[34.547,49.055],[34.546,49.056],[34.544,49.054],[34.516,49.072],[34.5,49.061],[34.475,49.074],[34.466,49.064],[34.411,49.091],[34.402,49.094],[34.408,49.078],[34.405,49.075],[34.41,49.07],[34.416,49.055],[34.39,49.05],[34.395,49.043],[34.36,49.033],[34.364,49.028],[34.352,49.021],[34.354,49.017],[34.344,49.016],[34.332,49.009],[34.326,48.999],[34.346,48.993],[34.344,48.989],[34.353,48.984],[34.312,48.941],[34.3,48.896],[34.312,48.889],[34.306,48.885],[34.338,48.871],[34.336,48.856],[34.35,48.856],[34.351,48.85],[34.347,48.844],[34.338,48.841],[34.336,48.842],[34.336,48.844],[34.325,48.844],[34.323,48.829],[34.329,48.829],[34.33,48.828],[34.338,48.827],[34.343,48.828],[34.344,48.825],[34.34,48.825],[34.339,48.82],[34.331,48.821],[34.331,48.822],[34.329,48.822],[34.327,48.821],[34.297,48.821],[34.298,48.785],[34.314,48.785],[34.323,48.792],[34.342,48.783],[34.325,48.774],[34.321,48.768],[34.309,48.765],[34.311,48.758],[34.312,48.757],[34.316,48.757],[34.313,48.751],[34.314,48.747],[34.308,48.745],[34.314,48.739],[34.311,48.737],[34.305,48.736],[34.303,48.734],[34.306,48.727],[34.3,48.727],[34.295,48.723],[34.293,48.724],[34.293,48.727],[34.297,48.738],[34.286,48.744],[34.276,48.745],[34.26,48.743],[34.249,48.745],[34.231,48.757],[34.219,48.76],[34.202,48.76],[34.191,48.769],[34.177,48.777],[34.171,48.778],[34.15,48.775],[34.128,48.784],[34.122,48.793],[34.127,48.814],[34.125,48.818],[34.12,48.822],[34.106,48.826],[34.083,48.823],[34.075,48.824],[34.064,48.83],[34.057,48.836],[34.047,48.838],[34.035,48.844],[34.032,48.848],[34.031,48.858],[34.021,48.865],[34.011,48.867],[33.989,48.865],[33.982,48.866],[33.948,48.878],[33.926,48.88],[33.902,48.895],[33.894,48.902],[33.885,48.906],[33.872,48.909],[33.854,48.919],[33.837,48.93],[33.815,48.938],[33.803,48.94],[33.786,48.94],[33.762,48.946],[33.735,48.941],[33.718,48.94],[33.699,48.945],[33.68,48.958],[33.665,48.978],[33.648,48.977],[33.637,48.974],[33.634,48.962],[33.621,48.957],[33.617,48.958],[33.616,48.956],[33.618,48.953],[33.615,48.951],[33.611,48.953],[33.601,48.942],[33.609,48.938],[33.589,48.917],[33.582,48.916],[33.581,48.921],[33.568,48.919],[33.569,48.915],[33.574,48.915],[33.575,48.911],[33.557,48.913],[33.548,48.913],[33.546,48.92],[33.54,48.92],[33.537,48.931],[33.497,48.926],[33.497,48.924],[33.492,48.923],[33.485,48.916],[33.477,48.916],[33.474,48.915],[33.478,48.934],[33.473,48.937],[33.476,48.952],[33.432,48.957],[33.431,48.952],[33.421,48.949],[33.416,48.952],[33.418,48.953],[33.422,48.951],[33.424,48.956],[33.419,48.958],[33.413,48.957],[33.407,48.96],[33.404,48.96],[33.402,48.959],[33.403,48.956],[33.399,48.952],[33.401,48.928],[33.392,48.931],[33.354,48.948],[33.352,48.953],[33.345,48.953],[33.334,48.948],[33.33,48.952],[33.32,48.949],[33.314,48.958],[33.325,48.961],[33.298,49.004],[33.301,49.006],[33.298,49.011],[33.307,49.013],[33.312,49.017],[33.328,49.025],[33.328,49.034],[33.323,49.042],[33.321,49.043],[33.317,49.042],[33.317,49.046],[33.321,49.045],[33.32,49.051],[33.318,49.051],[33.319,49.052],[33.317,49.054],[33.32,49.062],[33.311,49.063],[33.287,49.084],[33.278,49.083],[33.279,49.087],[33.271,49.089],[33.27,49.091],[33.268,49.091],[33.262,49.092],[33.263,49.094],[33.276,49.098],[33.281,49.096],[33.283,49.098],[33.288,49.097],[33.304,49.118],[33.286,49.124],[33.273,49.135],[33.268,49.134],[33.267,49.144],[33.262,49.153],[33.24,49.167],[33.238,49.166],[33.248,49.146],[33.248,49.092],[33.245,49.079],[33.241,49.079],[33.236,49.082],[33.227,49.085],[33.224,49.084],[33.223,49.077],[33.212,49.076],[33.205,49.073],[33.2,49.074],[33.195,49.08],[33.19,49.082],[33.197,49.087],[33.197,49.089],[33.187,49.096],[33.184,49.097],[33.163,49.095],[33.156,49.099],[33.157,49.113],[33.151,49.122],[33.158,49.128],[33.158,49.13],[33.133,49.157],[33.12,49.165],[33.119,49.172],[33.121,49.175],[33.102,49.185],[33.091,49.184],[33.069,49.188],[33.056,49.185],[33.051,49.185],[33.044,49.187],[33.033,49.186],[33.026,49.19],[33.021,49.198],[33.012,49.203],[32.995,49.202],[32.989,49.206],[32.983,49.211],[32.982,49.216],[32.988,49.226],[32.988,49.23],[32.983,49.24],[32.969,49.241],[32.96,49.239],[32.944,49.232],[32.939,49.232],[32.936,49.23],[32.929,49.23],[32.891,49.232],[32.882,49.234],[32.874,49.24],[32.859,49.245],[32.847,49.249],[32.832,49.247],[32.815,49.249],[32.812,49.248],[32.807,49.243],[32.799,49.239],[32.775,49.237],[32.764,49.233],[32.759,49.234],[32.758,49.236],[32.756,49.243],[32.747,49.244],[32.735,49.253],[32.721,49.254],[32.714,49.257],[32.689,49.255],[32.679,49.256],[32.671,49.251],[32.658,49.247],[32.651,49.249],[32.634,49.26],[32.624,49.26],[32.61,49.253],[32.605,49.257],[32.597,49.276],[32.567,49.283],[32.542,49.297],[32.526,49.304],[32.509,49.306],[32.497,49.311],[32.467,49.328],[32.471,49.335],[32.479,49.341],[32.479,49.342],[32.471,49.341],[32.463,49.341],[32.461,49.343],[32.461,49.347],[32.464,49.351],[32.476,49.356],[32.478,49.366],[32.489,49.377],[32.496,49.394],[32.498,49.397],[32.503,49.398],[32.507,49.407],[32.51,49.408],[32.519,49.403],[32.523,49.395],[32.536,49.383],[32.543,49.381],[32.553,49.379],[32.566,49.381],[32.602,49.375],[32.649,49.356],[32.668,49.355],[32.675,49.352],[32.714,49.354],[32.739,49.352],[32.736,49.362],[32.738,49.373],[32.728,49.376],[32.713,49.385],[32.696,49.383],[32.692,49.385],[32.679,49.401],[32.683,49.41],[32.681,49.426],[32.668,49.427],[32.662,49.429],[32.66,49.432],[32.652,49.437],[32.654,49.439],[32.669,49.444],[32.674,49.448],[32.668,49.461],[32.672,49.487],[32.678,49.498],[32.682,49.5],[32.705,49.498],[32.71,49.499],[32.747,49.524],[32.75,49.524],[32.75,49.542],[32.752,49.544],[32.747,49.546],[32.75,49.548],[32.75,49.559],[32.753,49.562],[32.751,49.563],[32.753,49.566],[32.749,49.57],[32.757,49.575],[32.753,49.576],[32.751,49.576],[32.75,49.573],[32.748,49.574],[32.735,49.587],[32.722,49.595],[32.711,49.594],[32.701,49.6],[32.695,49.602],[32.696,49.604],[32.705,49.605],[32.712,49.61],[32.714,49.613],[32.707,49.616],[32.716,49.619],[32.711,49.623],[32.714,49.631],[32.709,49.631],[32.707,49.634],[32.703,49.635],[32.706,49.64],[32.701,49.645],[32.701,49.648],[32.707,49.648],[32.709,49.649],[32.708,49.65],[32.705,49.65],[32.708,49.653],[32.708,49.656],[32.704,49.655],[32.7,49.656],[32.7,49.659],[32.692,49.658],[32.683,49.663],[32.681,49.668],[32.673,49.671],[32.677,49.673],[32.674,49.675],[32.659,49.677],[32.662,49.681],[32.574,49.703],[32.568,49.745],[32.572,49.752],[32.556,49.773],[32.514,49.774],[32.504,49.805],[32.449,49.797],[32.437,49.821],[32.413,49.841],[32.409,49.849],[32.374,49.874],[32.393,49.885],[32.402,49.876],[32.434,49.888],[32.422,49.896],[32.414,49.903],[32.42,49.928],[32.43,49.927],[32.431,49.932],[32.419,49.935],[32.428,49.96],[32.38,49.981],[32.378,49.999],[32.37,50.001],[32.364,50.034],[32.346,50.036],[32.353,50.047],[32.348,50.048],[32.333,50.058],[32.326,50.051],[32.321,50.04],[32.314,50.039],[32.277,50.065],[32.263,50.08],[32.262,50.083],[32.264,50.087],[32.276,50.097],[32.258,50.105],[32.25,50.114],[32.287,50.12],[32.305,50.119],[32.298,50.142],[32.176,50.165],[32.173,50.172],[32.163,50.179],[32.162,50.188],[32.154,50.189],[32.112,50.212],[32.126,50.225],[32.116,50.229]]]}},{"type":"Feature","properties":{"iso":"UA-12","name":"Дніпропетровська обл.","excluded":false},"geometry":{"type":"Polygon","coordinates":[[[34.139,47.477],[34.061,47.469],[34.003,47.457],[33.997,47.459],[33.987,47.458],[33.978,47.459],[33.955,47.458],[33.951,47.462],[33.947,47.501],[33.942,47.508],[33.941,47.515],[33.935,47.516],[33.907,47.512],[33.644,47.485],[33.636,47.514],[33.604,47.51],[33.605,47.504],[33.588,47.502],[33.58,47.532],[33.571,47.524],[33.587,47.541],[33.593,47.544],[33.589,47.558],[33.609,47.561],[33.605,47.575],[33.592,47.574],[33.588,47.589],[33.584,47.588],[33.58,47.6],[33.474,47.587],[33.486,47.544],[33.326,47.523],[33.323,47.524],[33.33,47.51],[33.349,47.494],[33.314,47.483],[33.307,47.486],[33.314,47.489],[33.315,47.491],[33.31,47.502],[33.296,47.504],[33.279,47.517],[33.279,47.52],[33.287,47.525],[33.288,47.532],[33.288,47.542],[33.286,47.544],[33.279,47.546],[33.273,47.546],[33.262,47.541],[33.256,47.536],[33.242,47.53],[33.231,47.529],[33.229,47.531],[33.223,47.531],[33.215,47.533],[33.215,47.534],[33.222,47.54],[33.222,47.545],[33.218,47.548],[33.23,47.555],[33.236,47.563],[33.237,47.572],[33.234,47.577],[33.23,47.578],[33.226,47.574],[33.209,47.57],[33.198,47.57],[33.185,47.573],[33.172,47.567],[33.093,47.579],[33.095,47.597],[32.961,47.59],[32.96,47.593],[32.96,47.597],[32.971,47.603],[32.971,47.605],[32.975,47.603],[32.979,47.606],[32.981,47.606],[32.98,47.604],[32.983,47.604],[32.991,47.607],[32.987,47.613],[32.989,47.616],[32.999,47.615],[33.007,47.616],[33.015,47.621],[33.012,47.626],[33.001,47.621],[32.994,47.624],[32.994,47.63],[32.972,47.723],[33.009,47.726],[33.008,47.732],[33.072,47.739],[33.067,47.762],[33.055,47.76],[33.05,47.782],[33.066,47.784],[33.06,47.801],[33.062,47.804],[33.058,47.815],[33.058,47.82],[33.055,47.832],[33.061,47.833],[33.059,47.85],[33.061,47.859],[33.075,47.86],[33.07,47.883],[33.086,47.886],[33.078,47.92],[33.014,47.91],[33.004,47.913],[32.993,47.935],[33.008,47.937],[33.002,47.966],[32.995,47.967],[32.995,47.976],[32.995,47.984],[33.004,47.989],[33.019,47.985],[33.021,47.986],[33.02,47.99],[33.025,47.997],[33.024,48.001],[33.026,48.003],[33.022,48.013],[33.03,48.014],[33.033,48.014],[33.031,48.016],[33.036,48.017],[33.032,48.031],[33.037,48.032],[33.037,48.034],[33.109,48.042],[33.104,48.048],[33.103,48.056],[33.107,48.06],[33.106,48.065],[33.109,48.066],[33.11,48.064],[33.115,48.065],[33.116,48.061],[33.143,48.064],[33.148,48.042],[33.154,48.042],[33.149,48.068],[33.144,48.067],[33.142,48.076],[33.154,48.078],[33.154,48.084],[33.225,48.092],[33.222,48.106],[33.237,48.107],[33.235,48.113],[33.225,48.112],[33.224,48.115],[33.22,48.115],[33.222,48.108],[33.187,48.104],[33.185,48.105],[33.182,48.118],[33.218,48.122],[33.218,48.124],[33.229,48.126],[33.232,48.127],[33.227,48.149],[33.217,48.148],[33.213,48.17],[33.243,48.173],[33.247,48.152],[33.272,48.154],[33.276,48.139],[33.272,48.138],[33.277,48.103],[33.293,48.102],[33.298,48.111],[33.302,48.111],[33.302,48.119],[33.316,48.118],[33.317,48.124],[33.314,48.129],[33.307,48.128],[33.291,48.15],[33.317,48.152],[33.316,48.158],[33.357,48.159],[33.36,48.163],[33.375,48.162],[33.38,48.165],[33.431,48.17],[33.432,48.171],[33.428,48.184],[33.43,48.189],[33.479,48.194],[33.477,48.2],[33.496,48.202],[33.497,48.211],[33.491,48.208],[33.485,48.214],[33.498,48.217],[33.501,48.232],[33.513,48.231],[33.511,48.219],[33.522,48.224],[33.523,48.221],[33.536,48.228],[33.536,48.23],[33.546,48.235],[33.54,48.253],[33.535,48.252],[33.53,48.276],[33.513,48.278],[33.515,48.28],[33.514,48.282],[33.518,48.284],[33.514,48.29],[33.514,48.292],[33.51,48.292],[33.518,48.329],[33.506,48.333],[33.497,48.33],[33.474,48.329],[33.478,48.349],[33.462,48.349],[33.461,48.353],[33.46,48.358],[33.473,48.368],[33.473,48.37],[33.468,48.37],[33.468,48.388],[33.485,48.388],[33.485,48.393],[33.492,48.393],[33.493,48.395],[33.497,48.394],[33.495,48.405],[33.486,48.405],[33.489,48.44],[33.469,48.534],[33.48,48.536],[33.472,48.545],[33.484,48.548],[33.482,48.558],[33.503,48.56],[33.504,48.558],[33.512,48.559],[33.509,48.568],[33.584,48.576],[33.59,48.56],[33.623,48.567],[33.609,48.599],[33.626,48.602],[33.627,48.598],[33.65,48.6],[33.652,48.592],[33.656,48.592],[33.658,48.586],[33.66,48.586],[33.7,48.606],[33.722,48.613],[33.722,48.614],[33.731,48.615],[33.732,48.614],[33.737,48.617],[33.744,48.615],[33.745,48.617],[33.742,48.617],[33.746,48.619],[33.753,48.621],[33.755,48.623],[33.761,48.624],[33.764,48.626],[33.76,48.643],[33.763,48.643],[33.763,48.647],[33.759,48.648],[33.756,48.657],[33.802,48.663],[33.805,48.684],[33.805,48.688],[33.75,48.681],[33.746,48.693],[33.73,48.692],[33.682,48.723],[33.651,48.721],[33.65,48.725],[33.635,48.724],[33.619,48.728],[33.608,48.751],[33.593,48.748],[33.59,48.753],[33.585,48.755],[33.586,48.758],[33.578,48.78],[33.583,48.781],[33.587,48.78],[33.583,48.797],[33.602,48.799],[33.604,48.792],[33.616,48.793],[33.618,48.788],[33.638,48.79],[33.659,48.793],[33.663,48.802],[33.674,48.815],[33.685,48.814],[33.689,48.808],[33.698,48.811],[33.699,48.813],[33.699,48.812],[33.706,48.814],[33.715,48.814],[33.715,48.81],[33.72,48.81],[33.725,48.789],[33.744,48.79],[33.749,48.795],[33.77,48.799],[33.772,48.792],[33.793,48.794],[33.792,48.801],[33.811,48.803],[33.819,48.776],[33.829,48.774],[33.83,48.769],[33.851,48.771],[33.853,48.779],[33.848,48.803],[33.851,48.803],[33.863,48.837],[33.874,48.84],[33.894,48.902],[33.902,48.895],[33.926,48.88],[33.948,48.878],[33.982,48.866],[33.989,48.865],[34.011,48.867],[34.021,48.865],[34.031,48.858],[34.032,48.848],[34.035,48.844],[34.047,48.838],[34.057,48.836],[34.064,48.83],[34.075,48.824],[34.083,48.823],[34.106,48.826],[34.12,48.822],[34.125,48.818],[34.127,48.814],[34.122,48.793],[34.128,48.784],[34.15,48.775],[34.171,48.778],[34.177,48.777],[34.191,48.769],[34.202,48.76],[34.219,48.76],[34.231,48.757],[34.249,48.745],[34.26,48.743],[34.276,48.745],[34.286,48.744],[34.297,48.738],[34.293,48.727],[34.293,48.724],[34.295,48.723],[34.3,48.727],[34.306,48.727],[34.303,48.734],[34.305,48.736],[34.311,48.737],[34.314,48.739],[34.308,48.745],[34.314,48.747],[34.313,48.751],[34.316,48.757],[34.312,48.757],[34.311,48.758],[34.309,48.765],[34.321,48.768],[34.325,48.774],[34.342,48.783],[34.323,48.792],[34.314,48.785],[34.298,48.785],[34.297,48.821],[34.327,48.821],[34.329,48.822],[34.331,48.822],[34.331,48.821],[34.339,48.82],[34.34,48.825],[34.344,48.825],[34.343,48.828],[34.338,48.827],[34.33,48.828],[34.329,48.829],[34.323,48.829],[34.325,48.844],[34.336,48.844],[34.336,48.842],[34.338,48.841],[34.347,48.844],[34.351,48.85],[34.35,48.856],[34.336,48.856],[34.338,48.871],[34.306,48.885],[34.312,48.889],[34.3,48.896],[34.312,48.941],[34.353,48.984],[34.344,48.989],[34.346,48.993],[34.326,48.999],[34.332,49.009],[34.344,49.016],[34.354,49.017],[34.352,49.021],[34.364,49.028],[34.36,49.033],[34.395,49.043],[34.39,49.05],[34.416,49.055],[34.41,49.07],[34.405,49.075],[34.408,49.078],[34.402,49.094],[34.411,49.091],[34.466,49.064],[34.475,49.074],[34.5,49.061],[34.516,49.072],[34.544,49.054],[34.546,49.056],[34.547,49.055],[34.556,49.056],[34.558,49.055],[34.574,49.063],[34.569,49.067],[34.571,49.068],[34.564,49.073],[34.569,49.078],[34.566,49.083],[34.572,49.085],[34.569,49.088],[34.574,49.091],[34.572,49.095],[34.577,49.097],[34.579,49.096],[34.578,49.094],[34.587,49.095],[34.589,49.092],[34.591,49.093],[34.592,49.092],[34.595,49.094],[34.595,49.097],[34.591,49.097],[34.589,49.104],[34.589,49.105],[34.592,49.105],[34.591,49.112],[34.598,49.113],[34.598,49.11],[34.6,49.109],[34.608,49.113],[34.607,49.115],[34.621,49.121],[34.624,49.125],[34.632,49.126],[34.636,49.124],[34.637,49.127],[34.639,49.128],[34.643,49.127],[34.642,49.128],[34.646,49.129],[34.644,49.13],[34.648,49.132],[34.651,49.128],[34.652,49.123],[34.656,49.125],[34.665,49.119],[34.683,49.122],[34.68,49.13],[34.685,49.132],[34.685,49.13],[34.689,49.13],[34.687,49.133],[34.691,49.133],[34.693,49.136],[34.695,49.135],[34.696,49.132],[34.705,49.13],[34.72,49.137],[34.729,49.136],[34.741,49.145],[34.748,49.141],[34.75,49.144],[34.768,49.142],[34.764,49.15],[34.765,49.156],[34.761,49.159],[34.758,49.165],[34.758,49.168],[34.765,49.167],[34.765,49.171],[34.767,49.171],[34.767,49.17],[34.774,49.171],[34.775,49.176],[34.783,49.177],[34.784,49.179],[34.788,49.176],[34.793,49.176],[34.798,49.179],[34.804,49.179],[34.805,49.177],[34.803,49.176],[34.803,49.174],[34.809,49.175],[34.806,49.168],[34.808,49.166],[34.812,49.167],[34.815,49.169],[34.816,49.173],[34.827,49.175],[34.825,49.177],[34.822,49.176],[34.823,49.179],[34.826,49.179],[34.827,49.18],[34.826,49.182],[34.821,49.182],[34.82,49.187],[34.847,49.191],[34.857,49.191],[34.857,49.187],[34.859,49.184],[34.879,49.18],[34.884,49.178],[34.902,49.178],[34.896,49.169],[34.891,49.167],[34.883,49.168],[34.883,49.17],[34.878,49.172],[34.869,49.168],[34.867,49.165],[34.87,49.163],[34.869,49.161],[34.887,49.156],[34.889,49.153],[34.899,49.149],[34.906,49.153],[34.908,49.157],[34.912,49.154],[34.92,49.156],[34.922,49.176],[34.925,49.181],[34.931,49.186],[34.936,49.181],[34.946,49.193],[34.949,49.194],[34.948,49.192],[34.953,49.192],[34.954,49.188],[34.959,49.192],[34.959,49.189],[34.956,49.187],[34.958,49.186],[34.961,49.186],[34.962,49.19],[34.963,49.19],[34.963,49.184],[34.965,49.182],[34.977,49.181],[34.977,49.179],[34.984,49.174],[34.986,49.174],[34.989,49.167],[34.995,49.169],[34.999,49.166],[35.008,49.16],[35.007,49.153],[35.009,49.152],[35.011,49.154],[35.014,49.153],[35.011,49.149],[35.018,49.151],[35.043,49.155],[35.05,49.166],[35.048,49.174],[35.053,49.177],[35.057,49.176],[35.057,49.175],[35.061,49.176],[35.061,49.174],[35.076,49.17],[35.069,49.165],[35.072,49.159],[35.08,49.162],[35.081,49.161],[35.08,49.156],[35.075,49.154],[35.076,49.149],[35.079,49.148],[35.083,49.142],[35.087,49.141],[35.092,49.143],[35.087,49.144],[35.087,49.15],[35.092,49.151],[35.096,49.154],[35.094,49.154],[35.095,49.155],[35.105,49.158],[35.106,49.157],[35.11,49.157],[35.122,49.162],[35.12,49.163],[35.122,49.164],[35.124,49.164],[35.123,49.161],[35.127,49.159],[35.13,49.159],[35.128,49.161],[35.137,49.159],[35.137,49.157],[35.132,49.156],[35.132,49.154],[35.144,49.15],[35.155,49.153],[35.157,49.155],[35.154,49.154],[35.154,49.155],[35.162,49.161],[35.173,49.162],[35.177,49.159],[35.188,49.163],[35.199,49.156],[35.208,49.154],[35.21,49.151],[35.209,49.15],[35.198,49.15],[35.19,49.148],[35.188,49.145],[35.191,49.144],[35.189,49.142],[35.191,49.142],[35.191,49.14],[35.19,49.138],[35.197,49.139],[35.2,49.136],[35.228,49.127],[35.225,49.124],[35.215,49.126],[35.211,49.125],[35.208,49.118],[35.198,49.118],[35.193,49.114],[35.191,49.115],[35.19,49.11],[35.196,49.108],[35.205,49.109],[35.218,49.107],[35.222,49.105],[35.223,49.102],[35.227,49.102],[35.227,49.101],[35.228,49.101],[35.237,49.11],[35.238,49.114],[35.243,49.114],[35.247,49.112],[35.258,49.113],[35.259,49.106],[35.268,49.105],[35.269,49.096],[35.276,49.091],[35.279,49.091],[35.281,49.096],[35.283,49.095],[35.283,49.091],[35.287,49.094],[35.292,49.094],[35.293,49.095],[35.301,49.089],[35.305,49.092],[35.307,49.092],[35.311,49.088],[35.313,49.078],[35.311,49.076],[35.307,49.076],[35.308,49.073],[35.305,49.073],[35.302,49.069],[35.313,49.067],[35.316,49.068],[35.323,49.062],[35.327,49.064],[35.329,49.062],[35.335,49.061],[35.336,49.058],[35.344,49.054],[35.343,49.051],[35.338,49.05],[35.342,49.046],[35.352,49.041],[35.365,49.041],[35.366,49.037],[35.375,49.032],[35.378,49.033],[35.386,49.027],[35.401,49.03],[35.402,49.028],[35.405,49.028],[35.406,49.027],[35.403,49.024],[35.405,49.019],[35.4,49.019],[35.409,49.013],[35.411,49.012],[35.416,49.015],[35.42,49.013],[35.423,49.014],[35.427,49.011],[35.43,49.014],[35.439,49.011],[35.435,49.007],[35.436,49.004],[35.443,49.001],[35.447,49.001],[35.45,48.998],[35.452,48.999],[35.459,48.997],[35.46,48.996],[35.456,48.99],[35.458,48.988],[35.469,48.988],[35.474,48.984],[35.474,48.981],[35.478,48.979],[35.486,48.981],[35.489,48.98],[35.489,48.979],[35.485,48.978],[35.486,48.976],[35.484,48.974],[35.486,48.973],[35.496,48.978],[35.502,48.978],[35.508,48.982],[35.509,48.984],[35.513,48.981],[35.531,48.978],[35.53,48.982],[35.538,48.982],[35.541,48.978],[35.547,48.977],[35.554,48.976],[35.558,48.977],[35.561,48.974],[35.57,48.979],[35.573,48.974],[35.578,48.975],[35.581,48.98],[35.585,48.982],[35.584,48.987],[35.59,48.985],[35.596,48.987],[35.598,48.983],[35.603,48.981],[35.626,48.983],[35.629,48.981],[35.625,48.972],[35.629,48.967],[35.644,48.967],[35.645,48.968],[35.644,48.969],[35.648,48.974],[35.657,48.973],[35.66,48.975],[35.664,48.968],[35.669,48.972],[35.674,48.972],[35.677,48.971],[35.685,48.972],[35.686,48.97],[35.695,48.967],[35.697,48.964],[35.693,48.958],[35.696,48.954],[35.69,48.95],[35.692,48.945],[35.696,48.943],[35.698,48.943],[35.698,48.949],[35.702,48.946],[35.713,48.949],[35.716,48.954],[35.712,48.958],[35.717,48.96],[35.716,48.962],[35.719,48.964],[35.724,48.967],[35.728,48.964],[35.733,48.967],[35.736,48.966],[35.739,48.962],[35.736,48.959],[35.74,48.955],[35.738,48.952],[35.74,48.949],[35.752,48.947],[35.76,48.949],[35.757,48.952],[35.76,48.955],[35.769,48.953],[35.775,48.949],[35.781,48.95],[35.784,48.955],[35.789,48.954],[35.792,48.953],[35.79,48.946],[35.795,48.944],[35.8,48.944],[35.801,48.942],[35.797,48.939],[35.792,48.939],[35.792,48.935],[35.8,48.928],[35.807,48.927],[35.815,48.93],[35.809,48.939],[35.81,48.941],[35.814,48.942],[35.82,48.94],[35.83,48.95],[35.835,48.947],[35.844,48.948],[35.852,48.945],[35.857,48.945],[35.855,48.958],[35.879,48.963],[35.884,48.975],[35.897,48.972],[35.905,48.973],[35.909,48.972],[35.915,48.968],[35.918,48.969],[35.923,48.974],[35.929,48.975],[35.939,48.971],[35.938,48.974],[35.943,48.977],[35.94,48.979],[35.932,48.979],[35.931,48.98],[35.934,48.981],[35.938,48.987],[35.938,48.991],[35.935,48.994],[35.94,48.999],[35.989,48.969],[35.977,48.96],[36.004,48.946],[35.996,48.939],[36.044,48.915],[36.012,48.888],[36.04,48.874],[36.019,48.855],[36.041,48.844],[36.053,48.844],[36.076,48.833],[36.076,48.83],[36.074,48.83],[36.07,48.827],[36.069,48.823],[36.071,48.819],[36.066,48.813],[36.065,48.808],[36.072,48.809],[36.074,48.808],[36.083,48.809],[36.089,48.808],[36.092,48.809],[36.103,48.806],[36.107,48.809],[36.124,48.809],[36.123,48.805],[36.129,48.806],[36.159,48.784],[36.153,48.781],[36.159,48.768],[36.14,48.766],[36.162,48.749],[36.143,48.724],[36.258,48.667],[36.267,48.663],[36.268,48.666],[36.269,48.667],[36.283,48.659],[36.282,48.656],[36.267,48.649],[36.268,48.649],[36.266,48.648],[36.269,48.64],[36.265,48.639],[36.269,48.637],[36.262,48.631],[36.263,48.628],[36.259,48.624],[36.252,48.625],[36.252,48.621],[36.265,48.613],[36.319,48.587],[36.271,48.544],[36.296,48.531],[36.324,48.556],[36.355,48.54],[36.35,48.535],[36.355,48.532],[36.392,48.565],[36.381,48.57],[36.424,48.612],[36.427,48.614],[36.439,48.612],[36.446,48.614],[36.446,48.615],[36.44,48.614],[36.429,48.616],[36.443,48.629],[36.419,48.634],[36.423,48.635],[36.447,48.632],[36.483,48.664],[36.558,48.623],[36.562,48.623],[36.563,48.617],[36.579,48.616],[36.581,48.607],[36.59,48.608],[36.591,48.603],[36.655,48.61],[36.654,48.616],[36.674,48.618],[36.672,48.625],[36.703,48.628],[36.704,48.622],[36.739,48.626],[36.745,48.597],[36.779,48.601],[36.789,48.567],[36.824,48.57],[36.825,48.567],[36.86,48.569],[36.861,48.565],[36.866,48.56],[36.867,48.555],[36.872,48.55],[36.883,48.551],[36.885,48.542],[36.902,48.543],[36.907,48.521],[36.889,48.52],[36.889,48.521],[36.85,48.518],[36.857,48.487],[36.83,48.485],[36.837,48.443],[36.845,48.444],[36.848,48.428],[36.851,48.424],[36.85,48.421],[36.851,48.417],[36.85,48.416],[36.842,48.421],[36.837,48.42],[36.835,48.417],[36.83,48.417],[36.825,48.414],[36.826,48.412],[36.83,48.413],[36.83,48.411],[36.835,48.41],[36.833,48.408],[36.836,48.407],[36.835,48.405],[36.821,48.405],[36.828,48.369],[36.82,48.366],[36.812,48.369],[36.816,48.348],[36.809,48.348],[36.817,48.313],[36.871,48.317],[36.874,48.306],[36.912,48.309],[36.937,48.194],[36.93,48.196],[36.92,48.194],[36.915,48.194],[36.909,48.192],[36.904,48.193],[36.906,48.188],[36.902,48.188],[36.901,48.191],[36.897,48.187],[36.896,48.191],[36.893,48.191],[36.891,48.186],[36.895,48.185],[36.892,48.182],[36.894,48.18],[36.888,48.177],[36.883,48.179],[36.884,48.183],[36.88,48.182],[36.873,48.184],[36.896,48.078],[36.881,48.064],[36.882,48.062],[36.869,48.063],[36.867,48.052],[36.858,48.052],[36.855,48.035],[36.848,48.036],[36.845,48.038],[36.84,48.038],[36.834,48.035],[36.827,48.036],[36.819,48.04],[36.813,48.04],[36.808,48.047],[36.804,48.048],[36.805,48.052],[36.803,48.053],[36.794,48.048],[36.786,48.051],[36.783,48.047],[36.778,48.049],[36.773,48.048],[36.773,48.05],[36.764,48.056],[36.761,48.055],[36.761,48.052],[36.757,48.052],[36.755,48.05],[36.744,48.05],[36.744,48.052],[36.741,48.053],[36.742,48.058],[36.743,48.06],[36.748,48.061],[36.747,48.064],[36.739,48.066],[36.74,48.069],[36.731,48.069],[36.726,48.071],[36.724,48.076],[36.726,48.079],[36.722,48.081],[36.719,48.085],[36.715,48.085],[36.714,48.08],[36.711,48.08],[36.693,48.086],[36.683,48.086],[36.676,48.091],[36.668,48.091],[36.663,48.088],[36.661,48.091],[36.655,48.095],[36.658,48.098],[36.653,48.1],[36.651,48.099],[36.65,48.096],[36.644,48.097],[36.636,48.094],[36.641,48.091],[36.645,48.094],[36.649,48.093],[36.651,48.088],[36.647,48.09],[36.644,48.087],[36.64,48.089],[36.636,48.088],[36.629,48.089],[36.628,48.087],[36.632,48.087],[36.633,48.085],[36.63,48.084],[36.628,48.086],[36.626,48.085],[36.623,48.082],[36.617,48.086],[36.602,48.091],[36.6,48.089],[36.604,48.085],[36.595,48.082],[36.586,48.083],[36.588,48.08],[36.586,48.078],[36.583,48.08],[36.58,48.08],[36.581,48.077],[36.587,48.076],[36.585,48.072],[36.587,48.065],[36.578,48.062],[36.579,48.06],[36.582,48.06],[36.587,48.052],[36.574,48.04],[36.585,48.031],[36.591,48.02],[36.568,48.012],[36.572,48.01],[36.573,48.011],[36.577,48.01],[36.586,48.001],[36.586,48],[36.58,48],[36.576,47.998],[36.585,47.957],[36.629,47.962],[36.64,47.92],[36.618,47.917],[36.596,47.921],[36.59,47.921],[36.592,47.911],[36.542,47.906],[36.549,47.877],[36.577,47.88],[36.585,47.847],[36.521,47.836],[36.523,47.829],[36.47,47.824],[36.449,47.824],[36.422,47.829],[36.412,47.828],[36.398,47.831],[36.377,47.83],[36.374,47.838],[36.324,47.839],[36.323,47.836],[36.331,47.831],[36.329,47.827],[36.332,47.826],[36.328,47.823],[36.33,47.82],[36.299,47.816],[36.298,47.818],[36.276,47.815],[36.274,47.823],[36.266,47.833],[36.198,47.833],[36.193,47.838],[36.19,47.837],[36.188,47.842],[36.194,47.849],[36.197,47.857],[36.196,47.859],[36.177,47.857],[36.179,47.851],[36.102,47.843],[36.1,47.849],[36.096,47.85],[36.074,47.849],[36.069,47.867],[36.058,47.868],[36.054,47.88],[36.081,47.883],[36.087,47.861],[36.119,47.865],[36.117,47.871],[36.13,47.89],[36.122,47.9],[36.128,47.902],[36.11,47.925],[36.12,47.928],[36.109,47.942],[36.085,47.93],[36.074,47.965],[36.052,47.959],[36.048,47.966],[36.071,47.972],[36.066,47.982],[36.062,48.001],[36.042,48.004],[36.034,48.019],[36.066,48.025],[36.056,48.046],[36.058,48.047],[36.052,48.059],[35.975,48.043],[35.978,48.052],[35.983,48.057],[35.988,48.057],[35.989,48.058],[35.981,48.063],[35.975,48.059],[35.972,48.06],[35.974,48.067],[35.969,48.073],[35.977,48.078],[35.984,48.078],[35.985,48.085],[35.984,48.087],[35.976,48.086],[35.975,48.092],[35.967,48.095],[35.921,48.082],[35.817,48.066],[35.806,48.101],[35.795,48.096],[35.783,48.094],[35.776,48.097],[35.758,48.099],[35.756,48.098],[35.757,48.096],[35.743,48.096],[35.703,48.14],[35.593,48.098],[35.524,48.074],[35.519,48.095],[35.508,48.098],[35.486,48.095],[35.481,48.097],[35.479,48.097],[35.479,48.098],[35.474,48.098],[35.462,48.102],[35.45,48.103],[35.421,48.1],[35.421,48.105],[35.416,48.11],[35.405,48.112],[35.402,48.115],[35.394,48.114],[35.383,48.12],[35.378,48.118],[35.376,48.119],[35.369,48.119],[35.366,48.121],[35.353,48.121],[35.349,48.123],[35.344,48.123],[35.343,48.125],[35.338,48.123],[35.333,48.128],[35.295,48.144],[35.274,48.144],[35.265,48.142],[35.254,48.136],[35.242,48.135],[35.22,48.143],[35.21,48.14],[35.195,48.14],[35.179,48.131],[35.164,48.129],[35.102,48.132],[35.085,48.123],[35.065,48.122],[35.058,48.12],[35.045,48.108],[35.039,48.098],[35.02,48.097],[35.015,48.095],[34.996,48.092],[34.99,48.089],[34.986,48.097],[34.93,48.09],[34.93,48.093],[34.915,48.091],[34.91,48.104],[34.912,48.114],[34.92,48.115],[34.916,48.131],[34.881,48.127],[34.878,48.134],[34.855,48.133],[34.876,48.054],[34.839,48.051],[34.847,48.014],[34.858,48.015],[34.864,48.002],[34.87,47.982],[34.905,47.986],[34.912,47.958],[34.909,47.957],[34.914,47.941],[34.919,47.933],[34.881,47.929],[34.876,47.942],[34.849,47.938],[34.852,47.921],[34.802,47.916],[34.817,47.864],[34.828,47.869],[34.838,47.87],[34.85,47.877],[34.861,47.881],[34.864,47.879],[34.871,47.851],[34.897,47.853],[34.903,47.83],[34.879,47.818],[34.894,47.76],[34.958,47.77],[34.965,47.74],[34.954,47.739],[34.958,47.728],[34.952,47.727],[34.956,47.712],[34.93,47.712],[34.938,47.677],[34.906,47.674],[34.916,47.634],[34.933,47.636],[34.942,47.601],[34.937,47.598],[34.939,47.595],[34.934,47.59],[34.932,47.592],[34.932,47.593],[34.926,47.594],[34.929,47.59],[34.934,47.588],[34.936,47.582],[34.927,47.581],[34.928,47.58],[34.939,47.58],[34.946,47.574],[34.935,47.57],[34.936,47.568],[34.949,47.572],[34.957,47.569],[34.966,47.55],[34.958,47.538],[34.945,47.53],[34.929,47.525],[34.9,47.518],[34.876,47.515],[34.862,47.515],[34.84,47.521],[34.817,47.531],[34.796,47.537],[34.736,47.539],[34.67,47.556],[34.645,47.56],[34.588,47.562],[34.572,47.562],[34.528,47.554],[34.498,47.544],[34.478,47.534],[34.469,47.532],[34.424,47.53],[34.346,47.522],[34.3,47.519],[34.268,47.509],[34.234,47.494],[34.207,47.488],[34.139,47.477]]]}},{"type":"Feature","properties":{"iso":"UA-35","name":"Кіровоградська обл.","excluded":false},"geometry":{"type":"Polygon","coordinates":[[[30.307,48.142],[30.302,48.143],[30.286,48.14],[30.264,48.148],[30.243,48.141],[30.214,48.148],[30.198,48.149],[30.189,48.155],[30.186,48.155],[30.18,48.151],[30.172,48.149],[30.165,48.145],[30.16,48.146],[30.151,48.144],[30.144,48.147],[30.13,48.148],[30.11,48.144],[30.107,48.14],[30.077,48.147],[30.068,48.145],[30.062,48.152],[30.052,48.15],[30.046,48.153],[30.042,48.163],[30.034,48.173],[30.034,48.178],[30.023,48.185],[30.016,48.186],[30.009,48.182],[30.003,48.184],[30.001,48.195],[30.008,48.201],[30.01,48.209],[30.004,48.215],[29.992,48.22],[29.99,48.231],[29.981,48.225],[29.975,48.218],[29.93,48.234],[29.906,48.205],[29.892,48.184],[29.877,48.188],[29.873,48.193],[29.866,48.198],[29.86,48.204],[29.844,48.212],[29.812,48.207],[29.794,48.201],[29.784,48.206],[29.786,48.207],[29.781,48.209],[29.779,48.213],[29.773,48.217],[29.772,48.224],[29.783,48.243],[29.771,48.257],[29.776,48.259],[29.772,48.268],[29.774,48.272],[29.76,48.278],[29.759,48.282],[29.754,48.284],[29.755,48.289],[29.749,48.289],[29.751,48.299],[29.76,48.298],[29.761,48.296],[29.764,48.296],[29.765,48.3],[29.771,48.302],[29.773,48.305],[29.769,48.309],[29.774,48.31],[29.773,48.313],[29.782,48.315],[29.784,48.33],[29.799,48.329],[29.8,48.332],[29.804,48.332],[29.805,48.347],[29.811,48.346],[29.813,48.35],[29.806,48.354],[29.806,48.36],[29.797,48.365],[29.791,48.366],[29.787,48.37],[29.871,48.416],[29.864,48.426],[29.884,48.43],[29.886,48.427],[29.907,48.437],[29.908,48.439],[29.926,48.443],[29.927,48.44],[29.936,48.443],[29.935,48.444],[29.951,48.45],[29.95,48.452],[29.955,48.454],[29.952,48.461],[29.954,48.463],[29.964,48.46],[29.968,48.472],[30.003,48.473],[30,48.479],[30.05,48.483],[30.051,48.482],[30.062,48.478],[30.071,48.469],[30.083,48.466],[30.088,48.458],[30.094,48.455],[30.114,48.452],[30.121,48.454],[30.12,48.46],[30.123,48.463],[30.127,48.462],[30.131,48.464],[30.131,48.471],[30.143,48.472],[30.15,48.482],[30.157,48.485],[30.152,48.492],[30.151,48.498],[30.163,48.504],[30.22,48.48],[30.255,48.489],[30.255,48.505],[30.308,48.511],[30.327,48.522],[30.362,48.526],[30.387,48.526],[30.389,48.545],[30.403,48.574],[30.453,48.583],[30.474,48.566],[30.479,48.565],[30.486,48.565],[30.486,48.569],[30.501,48.568],[30.502,48.564],[30.507,48.563],[30.508,48.568],[30.524,48.566],[30.525,48.565],[30.526,48.566],[30.53,48.566],[30.53,48.567],[30.539,48.567],[30.54,48.571],[30.567,48.567],[30.57,48.578],[30.563,48.579],[30.568,48.593],[30.559,48.596],[30.571,48.606],[30.544,48.622],[30.541,48.621],[30.53,48.628],[30.553,48.654],[30.597,48.663],[30.6,48.679],[30.606,48.687],[30.608,48.687],[30.611,48.698],[30.602,48.699],[30.598,48.704],[30.576,48.721],[30.589,48.723],[30.592,48.721],[30.603,48.722],[30.61,48.72],[30.623,48.74],[30.636,48.739],[30.638,48.752],[30.699,48.768],[30.721,48.762],[30.751,48.761],[30.753,48.771],[30.805,48.758],[30.811,48.769],[30.821,48.764],[30.828,48.757],[30.831,48.75],[30.841,48.749],[30.846,48.752],[30.87,48.751],[30.878,48.75],[30.883,48.745],[30.897,48.747],[30.896,48.757],[30.903,48.762],[30.919,48.761],[30.933,48.762],[30.946,48.76],[30.947,48.765],[30.943,48.767],[30.942,48.771],[30.944,48.772],[30.95,48.772],[30.958,48.77],[30.957,48.767],[30.961,48.764],[30.967,48.761],[30.973,48.761],[30.994,48.765],[31.002,48.757],[31.009,48.76],[31.015,48.759],[31.02,48.762],[31.039,48.76],[31.042,48.755],[31.046,48.753],[31.056,48.756],[31.058,48.755],[31.062,48.748],[31.07,48.746],[31.067,48.74],[31.069,48.737],[31.087,48.732],[31.089,48.733],[31.087,48.738],[31.093,48.741],[31.1,48.74],[31.106,48.73],[31.114,48.728],[31.117,48.73],[31.118,48.737],[31.123,48.741],[31.126,48.742],[31.13,48.737],[31.136,48.745],[31.143,48.747],[31.152,48.741],[31.173,48.762],[31.177,48.762],[31.184,48.76],[31.195,48.761],[31.206,48.756],[31.214,48.761],[31.213,48.765],[31.216,48.768],[31.231,48.766],[31.244,48.768],[31.249,48.767],[31.253,48.765],[31.253,48.759],[31.261,48.749],[31.271,48.754],[31.28,48.755],[31.285,48.759],[31.292,48.757],[31.302,48.759],[31.31,48.759],[31.313,48.753],[31.312,48.751],[31.312,48.747],[31.32,48.74],[31.317,48.735],[31.32,48.733],[31.319,48.731],[31.326,48.73],[31.325,48.728],[31.33,48.726],[31.344,48.729],[31.354,48.727],[31.355,48.731],[31.352,48.74],[31.358,48.742],[31.37,48.735],[31.369,48.732],[31.371,48.73],[31.381,48.728],[31.385,48.729],[31.384,48.735],[31.387,48.743],[31.392,48.744],[31.394,48.748],[31.396,48.749],[31.399,48.747],[31.398,48.743],[31.392,48.737],[31.393,48.735],[31.404,48.739],[31.409,48.743],[31.414,48.749],[31.411,48.755],[31.412,48.756],[31.417,48.755],[31.419,48.756],[31.419,48.752],[31.424,48.748],[31.422,48.743],[31.424,48.743],[31.436,48.754],[31.423,48.764],[31.468,48.789],[31.496,48.797],[31.528,48.804],[31.527,48.816],[31.559,48.829],[31.562,48.835],[31.554,48.837],[31.567,48.857],[31.559,48.863],[31.576,48.873],[31.58,48.872],[31.582,48.875],[31.581,48.878],[31.574,48.881],[31.581,48.885],[31.572,48.888],[31.569,48.892],[31.578,48.895],[31.577,48.897],[31.572,48.9],[31.567,48.9],[31.582,48.913],[31.595,48.906],[31.579,48.893],[31.581,48.888],[31.586,48.891],[31.599,48.893],[31.601,48.896],[31.597,48.898],[31.602,48.903],[31.608,48.9],[31.618,48.903],[31.62,48.906],[31.639,48.908],[31.64,48.9],[31.653,48.902],[31.662,48.9],[31.667,48.901],[31.68,48.901],[31.681,48.902],[31.684,48.898],[31.69,48.896],[31.696,48.907],[31.699,48.919],[31.699,48.924],[31.696,48.927],[31.698,48.931],[31.725,48.934],[31.751,48.926],[31.77,48.935],[31.797,48.94],[31.806,48.949],[31.809,48.949],[31.808,48.944],[31.818,48.94],[31.824,48.936],[31.832,48.934],[31.835,48.937],[31.876,48.919],[31.919,48.906],[31.92,48.898],[31.912,48.887],[31.921,48.88],[31.93,48.888],[31.931,48.893],[31.941,48.899],[31.945,48.906],[31.953,48.907],[31.954,48.91],[31.957,48.908],[31.959,48.908],[31.961,48.906],[31.989,48.913],[31.998,48.916],[32.004,48.913],[32.012,48.918],[32.016,48.924],[32.027,48.931],[32.041,48.922],[32.044,48.923],[32.049,48.916],[32.08,48.921],[32.083,48.917],[32.093,48.919],[32.092,48.916],[32.095,48.913],[32.086,48.905],[32.092,48.905],[32.094,48.907],[32.097,48.906],[32.097,48.908],[32.099,48.903],[32.105,48.902],[32.105,48.911],[32.146,48.912],[32.152,48.917],[32.154,48.945],[32.144,48.951],[32.131,48.951],[32.135,48.954],[32.133,48.962],[32.136,48.965],[32.135,48.966],[32.158,48.969],[32.163,48.972],[32.178,48.973],[32.182,48.986],[32.179,48.99],[32.181,48.993],[32.186,48.995],[32.192,48.995],[32.198,48.992],[32.214,48.99],[32.216,48.987],[32.218,48.987],[32.236,49.052],[32.234,49.059],[32.238,49.062],[32.243,49.062],[32.252,49.058],[32.258,49.06],[32.262,49.059],[32.265,49.067],[32.257,49.067],[32.257,49.069],[32.26,49.078],[32.267,49.081],[32.283,49.079],[32.283,49.085],[32.291,49.079],[32.298,49.079],[32.298,49.073],[32.313,49.075],[32.315,49.081],[32.349,49.079],[32.348,49.074],[32.351,49.075],[32.353,49.069],[32.366,49.072],[32.376,49.05],[32.371,49.048],[32.372,49.046],[32.37,49.047],[32.371,49.039],[32.374,49.036],[32.378,49.037],[32.379,49.038],[32.383,49.032],[32.392,49.031],[32.398,49.028],[32.397,49.026],[32.418,49.028],[32.427,49.041],[32.435,49.039],[32.443,49.053],[32.446,49.045],[32.452,49.044],[32.453,49.039],[32.456,49.039],[32.46,49.041],[32.462,49.039],[32.462,49.037],[32.474,49.033],[32.466,49.032],[32.474,49.014],[32.472,49.01],[32.473,49.007],[32.476,49.005],[32.493,49.015],[32.498,49.013],[32.499,49.003],[32.496,49],[32.499,48.999],[32.504,48.993],[32.502,48.988],[32.505,48.985],[32.512,48.984],[32.515,48.978],[32.514,48.976],[32.516,48.974],[32.51,48.971],[32.514,48.968],[32.513,48.966],[32.516,48.966],[32.514,48.963],[32.511,48.963],[32.51,48.96],[32.522,48.949],[32.521,48.948],[32.524,48.944],[32.519,48.94],[32.522,48.939],[32.549,48.939],[32.552,48.942],[32.549,48.945],[32.546,48.946],[32.544,48.951],[32.541,48.952],[32.543,48.957],[32.547,48.959],[32.54,48.962],[32.539,48.967],[32.556,48.966],[32.554,48.963],[32.568,48.957],[32.578,48.959],[32.577,48.952],[32.582,48.951],[32.59,48.953],[32.589,48.954],[32.591,48.955],[32.594,48.955],[32.592,48.96],[32.603,48.962],[32.608,48.965],[32.61,48.959],[32.607,48.956],[32.612,48.954],[32.623,48.956],[32.639,48.955],[32.64,48.958],[32.642,48.954],[32.653,48.953],[32.667,48.956],[32.665,48.958],[32.675,48.96],[32.678,48.957],[32.68,48.957],[32.668,48.977],[32.671,48.978],[32.671,48.983],[32.676,48.986],[32.685,48.982],[32.696,48.983],[32.698,48.974],[32.727,48.977],[32.728,48.975],[32.731,48.975],[32.733,48.965],[32.797,48.971],[32.795,48.976],[32.845,48.981],[32.844,48.99],[32.874,48.992],[32.872,49],[32.858,48.998],[32.853,49],[32.849,49.003],[32.846,49.007],[32.845,49.012],[32.836,49.008],[32.829,49.009],[32.827,49.016],[32.831,49.017],[32.834,49.014],[32.836,49.016],[32.838,49.016],[32.838,49.023],[32.842,49.024],[32.843,49.028],[32.837,49.028],[32.829,49.075],[32.823,49.073],[32.815,49.075],[32.828,49.08],[32.844,49.088],[32.857,49.09],[32.881,49.096],[32.896,49.095],[32.896,49.11],[32.89,49.127],[32.875,49.129],[32.857,49.129],[32.824,49.135],[32.795,49.138],[32.789,49.143],[32.782,49.141],[32.777,49.142],[32.762,49.151],[32.757,49.167],[32.758,49.169],[32.768,49.171],[32.775,49.186],[32.784,49.191],[32.807,49.212],[32.809,49.211],[32.822,49.219],[32.841,49.227],[32.859,49.245],[32.874,49.24],[32.882,49.234],[32.891,49.232],[32.929,49.23],[32.936,49.23],[32.939,49.232],[32.944,49.232],[32.96,49.239],[32.969,49.241],[32.983,49.24],[32.988,49.23],[32.988,49.226],[32.982,49.216],[32.983,49.211],[32.989,49.206],[32.995,49.202],[33.012,49.203],[33.021,49.198],[33.026,49.19],[33.033,49.186],[33.044,49.187],[33.051,49.185],[33.056,49.185],[33.069,49.188],[33.091,49.184],[33.102,49.185],[33.121,49.175],[33.119,49.172],[33.12,49.165],[33.133,49.157],[33.158,49.13],[33.158,49.128],[33.151,49.122],[33.157,49.113],[33.156,49.099],[33.163,49.095],[33.184,49.097],[33.187,49.096],[33.197,49.089],[33.197,49.087],[33.19,49.082],[33.195,49.08],[33.2,49.074],[33.205,49.073],[33.212,49.076],[33.223,49.077],[33.224,49.084],[33.227,49.085],[33.236,49.082],[33.241,49.079],[33.245,49.079],[33.248,49.092],[33.248,49.146],[33.238,49.166],[33.24,49.167],[33.262,49.153],[33.267,49.144],[33.268,49.134],[33.273,49.135],[33.286,49.124],[33.304,49.118],[33.288,49.097],[33.283,49.098],[33.281,49.096],[33.276,49.098],[33.263,49.094],[33.262,49.092],[33.268,49.091],[33.27,49.091],[33.271,49.089],[33.279,49.087],[33.278,49.083],[33.287,49.084],[33.311,49.063],[33.32,49.062],[33.317,49.054],[33.319,49.052],[33.318,49.051],[33.32,49.051],[33.321,49.045],[33.317,49.046],[33.317,49.042],[33.321,49.043],[33.323,49.042],[33.328,49.034],[33.328,49.025],[33.312,49.017],[33.307,49.013],[33.298,49.011],[33.301,49.006],[33.298,49.004],[33.325,48.961],[33.314,48.958],[33.32,48.949],[33.33,48.952],[33.334,48.948],[33.345,48.953],[33.352,48.953],[33.354,48.948],[33.392,48.931],[33.401,48.928],[33.399,48.952],[33.403,48.956],[33.402,48.959],[33.404,48.96],[33.407,48.96],[33.413,48.957],[33.419,48.958],[33.424,48.956],[33.422,48.951],[33.418,48.953],[33.416,48.952],[33.421,48.949],[33.431,48.952],[33.432,48.957],[33.476,48.952],[33.473,48.937],[33.478,48.934],[33.474,48.915],[33.477,48.916],[33.485,48.916],[33.492,48.923],[33.497,48.924],[33.497,48.926],[33.537,48.931],[33.54,48.92],[33.546,48.92],[33.548,48.913],[33.557,48.913],[33.575,48.911],[33.574,48.915],[33.569,48.915],[33.568,48.919],[33.581,48.921],[33.582,48.916],[33.589,48.917],[33.609,48.938],[33.601,48.942],[33.611,48.953],[33.615,48.951],[33.618,48.953],[33.616,48.956],[33.617,48.958],[33.621,48.957],[33.634,48.962],[33.637,48.974],[33.648,48.977],[33.665,48.978],[33.68,48.958],[33.699,48.945],[33.718,48.94],[33.735,48.941],[33.762,48.946],[33.786,48.94],[33.803,48.94],[33.815,48.938],[33.837,48.93],[33.854,48.919],[33.872,48.909],[33.885,48.906],[33.894,48.902],[33.874,48.84],[33.863,48.837],[33.851,48.803],[33.848,48.803],[33.853,48.779],[33.851,48.771],[33.83,48.769],[33.829,48.774],[33.819,48.776],[33.811,48.803],[33.792,48.801],[33.793,48.794],[33.772,48.792],[33.77,48.799],[33.749,48.795],[33.744,48.79],[33.725,48.789],[33.72,48.81],[33.715,48.81],[33.715,48.814],[33.706,48.814],[33.699,48.812],[33.699,48.813],[33.698,48.811],[33.689,48.808],[33.685,48.814],[33.674,48.815],[33.663,48.802],[33.659,48.793],[33.638,48.79],[33.618,48.788],[33.616,48.793],[33.604,48.792],[33.602,48.799],[33.583,48.797],[33.587,48.78],[33.583,48.781],[33.578,48.78],[33.586,48.758],[33.585,48.755],[33.59,48.753],[33.593,48.748],[33.608,48.751],[33.619,48.728],[33.635,48.724],[33.65,48.725],[33.651,48.721],[33.682,48.723],[33.73,48.692],[33.746,48.693],[33.75,48.681],[33.805,48.688],[33.805,48.684],[33.802,48.663],[33.756,48.657],[33.759,48.648],[33.763,48.647],[33.763,48.643],[33.76,48.643],[33.764,48.626],[33.761,48.624],[33.755,48.623],[33.753,48.621],[33.746,48.619],[33.742,48.617],[33.745,48.617],[33.744,48.615],[33.737,48.617],[33.732,48.614],[33.731,48.615],[33.722,48.614],[33.722,48.613],[33.7,48.606],[33.66,48.586],[33.658,48.586],[33.656,48.592],[33.652,48.592],[33.65,48.6],[33.627,48.598],[33.626,48.602],[33.609,48.599],[33.623,48.567],[33.59,48.56],[33.584,48.576],[33.509,48.568],[33.512,48.559],[33.504,48.558],[33.503,48.56],[33.482,48.558],[33.484,48.548],[33.472,48.545],[33.48,48.536],[33.469,48.534],[33.489,48.44],[33.486,48.405],[33.495,48.405],[33.497,48.394],[33.493,48.395],[33.492,48.393],[33.485,48.393],[33.485,48.388],[33.468,48.388],[33.468,48.37],[33.473,48.37],[33.473,48.368],[33.46,48.358],[33.461,48.353],[33.462,48.349],[33.478,48.349],[33.474,48.329],[33.497,48.33],[33.506,48.333],[33.518,48.329],[33.51,48.292],[33.514,48.292],[33.514,48.29],[33.518,48.284],[33.514,48.282],[33.515,48.28],[33.513,48.278],[33.53,48.276],[33.535,48.252],[33.54,48.253],[33.546,48.235],[33.536,48.23],[33.536,48.228],[33.523,48.221],[33.522,48.224],[33.511,48.219],[33.513,48.231],[33.501,48.232],[33.498,48.217],[33.485,48.214],[33.491,48.208],[33.497,48.211],[33.496,48.202],[33.477,48.2],[33.479,48.194],[33.43,48.189],[33.428,48.184],[33.432,48.171],[33.431,48.17],[33.38,48.165],[33.375,48.162],[33.36,48.163],[33.357,48.159],[33.316,48.158],[33.317,48.152],[33.291,48.15],[33.307,48.128],[33.314,48.129],[33.317,48.124],[33.316,48.118],[33.302,48.119],[33.302,48.111],[33.298,48.111],[33.293,48.102],[33.277,48.103],[33.272,48.138],[33.276,48.139],[33.272,48.154],[33.247,48.152],[33.243,48.173],[33.213,48.17],[33.217,48.148],[33.227,48.149],[33.232,48.127],[33.229,48.126],[33.218,48.124],[33.218,48.122],[33.182,48.118],[33.185,48.105],[33.187,48.104],[33.222,48.108],[33.22,48.115],[33.224,48.115],[33.225,48.112],[33.235,48.113],[33.237,48.107],[33.222,48.106],[33.225,48.092],[33.154,48.084],[33.154,48.078],[33.142,48.076],[33.144,48.067],[33.149,48.068],[33.154,48.042],[33.148,48.042],[33.143,48.064],[33.116,48.061],[33.115,48.065],[33.11,48.064],[33.109,48.066],[33.106,48.065],[33.107,48.06],[33.103,48.056],[33.104,48.048],[33.109,48.042],[33.037,48.034],[33.037,48.032],[33.032,48.031],[33.036,48.017],[33.031,48.016],[33.033,48.014],[33.03,48.014],[33.022,48.013],[33.026,48.003],[33.024,48.001],[33.025,47.997],[33.02,47.99],[33.021,47.986],[33.019,47.985],[33.004,47.989],[32.989,48.048],[32.952,48.035],[32.945,48.042],[32.913,48.038],[32.915,48.032],[32.882,48.028],[32.88,48.033],[32.87,48.032],[32.872,48.024],[32.886,48.02],[32.888,48.018],[32.888,48.009],[32.894,47.986],[32.867,47.984],[32.866,47.985],[32.835,47.983],[32.811,47.979],[32.812,47.976],[32.802,47.975],[32.802,47.981],[32.796,47.981],[32.794,47.992],[32.796,47.994],[32.689,47.983],[32.697,47.947],[32.737,47.952],[32.738,47.948],[32.736,47.944],[32.745,47.936],[32.746,47.933],[32.652,47.921],[32.656,47.905],[32.677,47.907],[32.686,47.873],[32.664,47.871],[32.669,47.853],[32.675,47.858],[32.679,47.852],[32.673,47.842],[32.664,47.84],[32.656,47.826],[32.658,47.82],[32.624,47.816],[32.624,47.813],[32.601,47.81],[32.43,47.79],[32.428,47.79],[32.426,47.794],[32.427,47.8],[32.423,47.801],[32.419,47.802],[32.415,47.797],[32.402,47.795],[32.398,47.796],[32.396,47.798],[32.402,47.798],[32.405,47.8],[32.396,47.801],[32.389,47.797],[32.387,47.799],[32.378,47.797],[32.375,47.794],[32.37,47.795],[32.368,47.793],[32.368,47.79],[32.365,47.789],[32.357,47.791],[32.346,47.799],[32.339,47.8],[32.332,47.805],[32.327,47.814],[32.324,47.814],[32.32,47.819],[32.318,47.817],[32.313,47.819],[32.31,47.818],[32.303,47.823],[32.304,47.824],[32.248,47.816],[32.237,47.815],[32.24,47.794],[32.223,47.792],[32.232,47.76],[32.16,47.751],[32.157,47.76],[32.155,47.761],[32.154,47.76],[32.156,47.759],[32.153,47.758],[32.153,47.756],[32.146,47.754],[32.146,47.751],[32.14,47.749],[32.138,47.75],[32.138,47.753],[32.134,47.756],[32.136,47.758],[32.117,47.756],[32.109,47.784],[32.09,47.782],[32.086,47.797],[32.079,47.796],[32.076,47.807],[32.06,47.804],[32.055,47.817],[32.016,47.813],[32.015,47.816],[32.013,47.816],[31.96,47.81],[31.963,47.799],[31.838,47.782],[31.827,47.817],[31.868,47.822],[31.868,47.828],[31.859,47.839],[31.857,47.839],[31.853,47.848],[31.859,47.85],[31.857,47.859],[31.857,47.865],[31.89,47.866],[31.885,47.879],[31.884,47.898],[31.876,47.912],[31.878,47.915],[31.877,47.919],[31.855,47.916],[31.844,47.964],[31.824,47.961],[31.801,47.961],[31.801,47.957],[31.785,47.955],[31.783,47.955],[31.781,47.96],[31.776,47.958],[31.779,47.956],[31.774,47.954],[31.77,47.951],[31.771,47.948],[31.766,47.945],[31.761,47.946],[31.753,47.944],[31.729,48.036],[31.783,48.042],[31.767,48.102],[31.695,48.093],[31.687,48.116],[31.685,48.115],[31.683,48.115],[31.684,48.12],[31.642,48.115],[31.64,48.125],[31.637,48.125],[31.634,48.135],[31.582,48.129],[31.585,48.121],[31.582,48.121],[31.581,48.117],[31.582,48.117],[31.584,48.106],[31.57,48.103],[31.571,48.097],[31.57,48.097],[31.559,48.11],[31.541,48.108],[31.551,48.07],[31.536,48.068],[31.509,48.069],[31.511,48.061],[31.507,48.056],[31.503,48.052],[31.493,48.05],[31.488,48.065],[31.47,48.063],[31.472,48.078],[31.476,48.083],[31.499,48.087],[31.487,48.13],[31.418,48.121],[31.421,48.112],[31.396,48.108],[31.393,48.111],[31.388,48.13],[31.382,48.132],[31.378,48.127],[31.369,48.12],[31.347,48.119],[31.338,48.115],[31.33,48.114],[31.325,48.138],[31.237,48.117],[31.22,48.171],[31.199,48.169],[31.185,48.179],[31.181,48.179],[31.179,48.182],[31.181,48.186],[31.188,48.188],[31.191,48.194],[31.186,48.197],[31.184,48.202],[31.174,48.209],[31.172,48.213],[31.168,48.215],[31.168,48.218],[31.164,48.22],[31.163,48.222],[31.155,48.223],[31.139,48.221],[31.137,48.229],[31.056,48.22],[31.053,48.232],[30.981,48.222],[30.989,48.194],[30.987,48.195],[30.989,48.184],[30.979,48.184],[30.973,48.185],[30.966,48.185],[30.955,48.181],[30.945,48.184],[30.932,48.184],[30.93,48.18],[30.931,48.166],[30.928,48.166],[30.921,48.17],[30.917,48.165],[30.907,48.164],[30.904,48.165],[30.903,48.162],[30.9,48.159],[30.894,48.165],[30.879,48.164],[30.873,48.161],[30.87,48.162],[30.855,48.161],[30.848,48.184],[30.828,48.182],[30.826,48.188],[30.819,48.188],[30.819,48.181],[30.813,48.177],[30.814,48.17],[30.792,48.168],[30.785,48.191],[30.719,48.187],[30.717,48.196],[30.684,48.188],[30.647,48.185],[30.648,48.18],[30.656,48.172],[30.637,48.167],[30.621,48.166],[30.621,48.158],[30.618,48.156],[30.584,48.157],[30.578,48.155],[30.556,48.156],[30.553,48.163],[30.527,48.18],[30.505,48.158],[30.5,48.165],[30.501,48.168],[30.496,48.17],[30.48,48.167],[30.475,48.167],[30.469,48.163],[30.451,48.17],[30.445,48.169],[30.436,48.173],[30.432,48.171],[30.428,48.166],[30.414,48.163],[30.39,48.166],[30.385,48.175],[30.367,48.175],[30.36,48.17],[30.35,48.168],[30.339,48.162],[30.327,48.16],[30.328,48.149],[30.321,48.143],[30.316,48.141],[30.307,48.142]]]}},{"type":"Feature","properties":{"iso":"UA-30","name":"м. Київ","excluded":false},"geometry":{"type":"Polygon","coordinates":[[[30.828,50.405],[30.827,50.402],[30.824,50.402],[30.822,50.399],[30.821,50.386],[30.814,50.387],[30.816,50.389],[30.814,50.392],[30.799,50.394],[30.791,50.398],[30.777,50.396],[30.775,50.394],[30.776,50.389],[30.781,50.388],[30.781,50.386],[30.779,50.383],[30.774,50.382],[30.773,50.38],[30.776,50.38],[30.774,50.374],[30.778,50.373],[30.777,50.371],[30.756,50.373],[30.746,50.371],[30.727,50.375],[30.729,50.377],[30.725,50.38],[30.717,50.382],[30.712,50.379],[30.713,50.374],[30.712,50.373],[30.715,50.369],[30.71,50.368],[30.707,50.366],[30.714,50.358],[30.713,50.355],[30.711,50.352],[30.697,50.347],[30.696,50.35],[30.676,50.353],[30.675,50.358],[30.648,50.357],[30.646,50.363],[30.636,50.362],[30.62,50.359],[30.616,50.36],[30.613,50.358],[30.625,50.349],[30.611,50.346],[30.616,50.34],[30.613,50.338],[30.623,50.329],[30.631,50.315],[30.646,50.298],[30.647,50.292],[30.646,50.286],[30.641,50.28],[30.611,50.281],[30.61,50.277],[30.616,50.272],[30.618,50.266],[30.626,50.263],[30.625,50.257],[30.633,50.251],[30.634,50.247],[30.645,50.24],[30.645,50.237],[30.637,50.235],[30.644,50.226],[30.593,50.213],[30.586,50.245],[30.576,50.259],[30.575,50.26],[30.553,50.259],[30.551,50.262],[30.553,50.263],[30.554,50.269],[30.542,50.275],[30.548,50.283],[30.546,50.291],[30.528,50.291],[30.537,50.3],[30.532,50.302],[30.534,50.317],[30.516,50.321],[30.509,50.326],[30.496,50.322],[30.489,50.327],[30.497,50.333],[30.491,50.335],[30.485,50.336],[30.485,50.334],[30.475,50.334],[30.475,50.337],[30.478,50.337],[30.478,50.34],[30.475,50.34],[30.473,50.343],[30.473,50.351],[30.468,50.353],[30.47,50.355],[30.47,50.358],[30.467,50.358],[30.468,50.36],[30.458,50.361],[30.455,50.36],[30.452,50.355],[30.438,50.357],[30.438,50.36],[30.436,50.361],[30.437,50.368],[30.43,50.372],[30.443,50.382],[30.429,50.392],[30.426,50.391],[30.422,50.393],[30.423,50.396],[30.418,50.396],[30.418,50.398],[30.394,50.406],[30.37,50.421],[30.36,50.433],[30.358,50.445],[30.352,50.446],[30.351,50.449],[30.349,50.449],[30.348,50.452],[30.344,50.454],[30.342,50.453],[30.344,50.446],[30.322,50.442],[30.281,50.447],[30.28,50.44],[30.275,50.432],[30.277,50.43],[30.269,50.426],[30.26,50.432],[30.255,50.432],[30.251,50.426],[30.245,50.424],[30.242,50.428],[30.236,50.431],[30.242,50.435],[30.243,50.439],[30.247,50.44],[30.247,50.443],[30.24,50.448],[30.24,50.452],[30.248,50.463],[30.258,50.47],[30.256,50.472],[30.25,50.474],[30.252,50.485],[30.253,50.487],[30.263,50.488],[30.266,50.493],[30.265,50.494],[30.27,50.498],[30.27,50.502],[30.26,50.51],[30.264,50.515],[30.274,50.521],[30.281,50.522],[30.29,50.526],[30.293,50.533],[30.302,50.532],[30.304,50.544],[30.302,50.547],[30.303,50.548],[30.297,50.552],[30.298,50.554],[30.301,50.553],[30.311,50.555],[30.326,50.546],[30.326,50.55],[30.329,50.55],[30.333,50.551],[30.33,50.553],[30.332,50.553],[30.331,50.557],[30.342,50.557],[30.332,50.559],[30.326,50.563],[30.327,50.565],[30.307,50.571],[30.339,50.574],[30.371,50.574],[30.371,50.586],[30.447,50.586],[30.462,50.583],[30.463,50.584],[30.465,50.572],[30.482,50.572],[30.485,50.569],[30.484,50.568],[30.491,50.568],[30.496,50.552],[30.503,50.547],[30.53,50.536],[30.533,50.534],[30.534,50.526],[30.544,50.522],[30.552,50.514],[30.556,50.513],[30.567,50.517],[30.568,50.52],[30.56,50.529],[30.554,50.531],[30.553,50.536],[30.557,50.54],[30.578,50.541],[30.594,50.536],[30.648,50.535],[30.656,50.537],[30.664,50.552],[30.67,50.554],[30.681,50.556],[30.697,50.562],[30.699,50.555],[30.714,50.556],[30.711,50.572],[30.708,50.573],[30.721,50.586],[30.717,50.59],[30.72,50.591],[30.754,50.583],[30.767,50.584],[30.771,50.576],[30.783,50.577],[30.784,50.58],[30.797,50.57],[30.816,50.565],[30.814,50.56],[30.818,50.558],[30.821,50.539],[30.823,50.537],[30.755,50.519],[30.754,50.517],[30.758,50.516],[30.761,50.517],[30.762,50.509],[30.757,50.509],[30.758,50.508],[30.749,50.505],[30.75,50.502],[30.746,50.502],[30.746,50.503],[30.738,50.499],[30.743,50.49],[30.747,50.492],[30.749,50.488],[30.754,50.49],[30.76,50.484],[30.749,50.484],[30.746,50.478],[30.75,50.474],[30.741,50.469],[30.752,50.47],[30.754,50.469],[30.752,50.468],[30.753,50.466],[30.751,50.464],[30.755,50.462],[30.743,50.458],[30.759,50.449],[30.777,50.443],[30.777,50.439],[30.79,50.433],[30.792,50.434],[30.802,50.427],[30.8,50.425],[30.802,50.423],[30.801,50.421],[30.796,50.418],[30.798,50.415],[30.809,50.41],[30.811,50.411],[30.822,50.408],[30.826,50.405],[30.828,50.405]],[[30.349,50.489],[30.346,50.489],[30.345,50.491],[30.345,50.499],[30.341,50.498],[30.341,50.496],[30.34,50.498],[30.335,50.493],[30.326,50.493],[30.319,50.496],[30.318,50.494],[30.321,50.487],[30.331,50.484],[30.336,50.483],[30.337,50.485],[30.339,50.484],[30.344,50.487],[30.348,50.486],[30.349,50.489]]]}},{"type":"Feature","properties":{"iso":"UA-40","name":"м. Севастополь","excluded":true},"geometry":{"type":"Polygon","coordinates":[[[33.295,44.941],[33.554,44.84],[33.562,44.841],[33.567,44.839],[33.574,44.824],[33.587,44.808],[33.603,44.81],[33.621,44.807],[33.664,44.795],[33.677,44.786],[33.682,44.77],[33.636,44.753],[33.614,44.75],[33.616,44.712],[33.659,44.714],[33.671,44.71],[33.701,44.715],[33.707,44.711],[33.705,44.709],[33.705,44.705],[33.715,44.706],[33.716,44.716],[33.727,44.717],[33.735,44.708],[33.746,44.701],[33.752,44.699],[33.762,44.701],[33.777,44.69],[33.767,44.682],[33.755,44.675],[33.753,44.669],[33.754,44.666],[33.752,44.664],[33.73,44.647],[33.725,44.64],[33.718,44.638],[33.717,44.633],[33.722,44.632],[33.716,44.62],[33.727,44.609],[33.729,44.605],[33.736,44.601],[33.742,44.605],[33.75,44.608],[33.765,44.609],[33.78,44.613],[33.783,44.606],[33.782,44.597],[33.788,44.585],[33.792,44.585],[33.795,44.58],[33.8,44.581],[33.806,44.575],[33.809,44.577],[33.811,44.574],[33.814,44.577],[33.817,44.577],[33.827,44.571],[33.827,44.563],[33.831,44.555],[33.837,44.549],[33.834,44.542],[33.839,44.538],[33.84,44.53],[33.849,44.531],[33.857,44.526],[33.846,44.519],[33.853,44.515],[33.86,44.507],[33.869,44.507],[33.871,44.505],[33.867,44.503],[33.867,44.5],[33.874,44.493],[33.887,44.482],[33.897,44.479],[33.893,44.473],[33.926,44.421],[33.909,44.419],[33.902,44.419],[33.898,44.421],[33.871,44.419],[33.857,44.42],[33.847,44.417],[33.827,44.408],[33.812,44.404],[33.802,44.402],[33.791,44.404],[33.787,44.398],[33.778,44.394],[33.766,44.392],[33.762,44.39],[33.697,44.191],[33.618,44.21],[33.582,44.222],[33.565,44.23],[33.531,44.238],[33.512,44.244],[33.495,44.251],[33.462,44.267],[33.446,44.276],[33.42,44.295],[33.383,44.302],[33.346,44.312],[33.328,44.319],[33.295,44.335],[33.266,44.354],[33.24,44.375],[33.218,44.399],[33.209,44.413],[33.174,44.435],[33.148,44.456],[33.127,44.48],[33.11,44.506],[33.099,44.533],[33.095,44.547],[33.091,44.575],[33.093,44.604],[33.096,44.618],[33.106,44.645],[33.113,44.658],[33.13,44.684],[33.141,44.696],[33.165,44.718],[33.179,44.728],[33.209,44.747],[33.246,44.763],[33.242,44.793],[33.242,44.807],[33.247,44.835],[33.27,44.901],[33.285,44.928],[33.295,44.941]]]}}]}